t_s,hexane_kg_kg_dry,water_kg_kg_dry,mean_temperature_k,surface_water_kg_kg_dry,interface_temperature_k,surface_temperature_k,front_z,stage,energy_j,hexane_out_kg_s,water_out_kg_s,energy_out_w,source
0.0,0.4749999999999999,0.025000000000000005,341.9033561634801,,341.9033561634801,341.9033561634801,1.0,attached,-0.0656954510066746,0.0,0.0,0.0,birth_01.json
0.25,0.4735261795213766,0.025000000000000005,341.9033561634802,,341.9033561634801,341.9033561634801,1.0,attached,-0.0643828849082772,1.9849516463646486e-08,0.0,-0.005250264393587965,birth_01.json
0.5,0.47205235904275317,0.025000000000000005,341.9033561634802,,341.9033561634801,341.9033561634801,1.0,attached,-0.06307031880988051,1.9849516463646208e-08,0.0,-0.005250264393587998,birth_01.json
0.75,0.47057853856412984,0.025000000000000005,341.9033561634803,,341.9033561634801,341.9033561634801,1.0,attached,-0.06175775271148348,1.9849516463646834e-08,0.0,-0.005250264393587925,birth_01.json
1.0,0.46910471808550636,0.025000000000000005,341.9033561634802,,341.9033561634801,341.9033561634801,1.0,attached,-0.0604451866130872,1.984951646364709e-08,0.0,-0.005250264393587896,birth_01.json
1.25,0.4676308976068831,0.025000000000000005,341.90335616348017,,341.9033561634801,341.9033561634801,1.0,attached,-0.059132620514690766,1.984951646364609e-08,0.0,-0.005250264393588013,birth_01.json
1.5,0.4661570771282597,0.025000000000000005,341.9033561634802,,341.9033561634801,341.9033561634801,1.0,attached,-0.05782005441629404,1.9849516463646483e-08,0.0,-0.005250264393587966,birth_01.json
1.75,0.46468325664963633,0.025000000000000005,341.9033561634803,,341.9033561634801,341.9033561634801,1.0,attached,-0.05650748831789697,1.9849516463646787e-08,0.0,-0.005250264393587931,birth_01.json
2.0,0.46320943617101307,0.025000000000000005,341.9033561634803,,341.9033561634801,341.9033561634801,1.0,attached,-0.05519492221950051,1.9849516463647376e-08,0.0,-0.005250264393587862,birth_01.json
2.25,0.4617356156923897,0.025000000000000005,341.90335616348034,,341.9033561634801,341.9033561634801,1.0,attached,-0.05388235612110334,1.9849516463648127e-08,0.0,-0.005250264393587774,birth_01.json
2.5,0.4602617952137663,0.025000000000000005,341.90335616348034,,341.9033561634801,341.9033561634801,1.0,attached,-0.052569790022706786,1.98495164636486e-08,0.0,-0.005250264393587718,birth_01.json
2.75,0.458787974735143,0.025000000000000005,341.90335616348034,,341.9033561634801,341.9033561634801,1.0,attached,-0.05125722392431018,1.9849516463648266e-08,0.0,-0.005250264393587755,birth_01.json
3.0,0.45731415425651967,0.025000000000000005,341.9033561634802,,341.9033561634801,341.9033561634801,1.0,attached,-0.04994465782591451,1.984951646364719e-08,0.0,-0.005250264393587883,birth_01.json
3.25,0.45584033377789607,0.025000000000000005,341.9033561634804,,341.9033561634801,341.9033561634801,1.0,attached,-0.048632091727516334,1.9849516463648703e-08,0.0,-0.005250264393587707,birth_01.json
3.5,0.45436651329927247,0.025000000000000005,341.9033561634804,,341.9033561634801,341.9033561634801,1.0,attached,-0.047319525629119535,1.9849516463649256e-08,0.0,-0.00525026439358764,birth_01.json
3.75,0.45289269282064887,0.025000000000000005,341.90335616348045,,341.9033561634801,341.9033561634801,1.0,attached,-0.046006959530720745,1.9849516463649378e-08,0.0,-0.005250264393587626,birth_01.json
4.0,0.4514188723420251,0.025000000000000005,341.90335616348057,,341.9033561634801,341.9033561634801,1.0,attached,-0.044694393432322795,1.9849516463650794e-08,0.0,-0.00525026439358746,birth_01.json
4.25,0.4499450518634014,0.025000000000000005,341.90335616348057,,341.9033561634801,341.9033561634801,1.0,attached,-0.04338182733392585,1.9849516463651555e-08,0.0,-0.0052502643935873694,birth_01.json
4.5,0.44847123138477774,0.025000000000000005,341.9033561634806,,341.9033561634801,341.9033561634801,1.0,attached,-0.04206926123552792,1.984951646365224e-08,0.0,-0.005250264393587289,birth_01.json
4.75,0.44699741090615397,0.025000000000000005,341.9033561634807,,341.9033561634801,341.9033561634801,1.0,attached,-0.04075669513713061,1.9849516463653064e-08,0.0,-0.005250264393587192,birth_01.json
5.0,0.4455235904275302,0.025000000000000005,341.90335616348074,,341.9033561634801,341.9033561634801,1.0,attached,-0.039444129038732754,1.984951646365346e-08,0.0,-0.005250264393587146,birth_01.json
5.25,0.4440497699489064,0.025000000000000005,341.9033561634809,,341.9033561634801,341.9033561634801,1.0,attached,-0.03813156294033375,1.984951646365626e-08,0.0,-0.005250264393586818,birth_01.json
5.5,0.4425759494702823,0.025000000000000005,341.903356163481,,341.9033561634801,341.9033561634801,1.0,attached,-0.036818996841935694,1.9849516463657905e-08,0.0,-0.005250264393586624,birth_01.json
5.75,0.44110212899165807,0.025000000000000005,341.9033561634811,,341.9033561634801,341.9033561634801,1.0,attached,-0.03550643074353699,1.9849516463658024e-08,0.0,-0.005250264393586609,birth_01.json
6.0,0.43962830851303375,0.025000000000000005,341.90335616348113,,341.9033561634801,341.9033561634801,1.0,attached,-0.03419386464513832,1.9849516463659334e-08,0.0,-0.005250264393586457,birth_01.json
6.25,0.4381544880344093,0.025000000000000005,341.9033561634813,,341.9033561634801,341.9033561634801,1.0,attached,-0.03288129854673951,1.9849516463661395e-08,0.0,-0.005250264393586214,birth_01.json
6.5,0.436680667555785,0.025000000000000005,341.9033561634812,,341.9033561634801,341.9033561634801,1.0,attached,-0.0315687324483433,1.984951646366061e-08,0.0,-0.005250264393586307,birth_01.json
6.75,0.4352068470771606,0.025000000000000005,341.9033561634812,,341.9033561634801,341.9033561634801,1.0,attached,-0.03025616634994579,1.9849516463660128e-08,0.0,-0.005250264393586362,birth_01.json
7.0,0.4337330265985363,0.025000000000000005,341.90335616348125,,341.9033561634801,341.9033561634801,1.0,attached,-0.028943600251547814,1.9849516463660902e-08,0.0,-0.005250264393586272,birth_01.json
7.25,0.43225920611991187,0.025000000000000005,341.9033561634813,,341.9033561634801,341.9033561634801,1.0,attached,-0.027631034153149544,1.9849516463661352e-08,0.0,-0.005250264393586219,birth_01.json
7.5,0.43078538564128743,0.025000000000000005,341.9033561634813,,341.9033561634801,341.9033561634801,1.0,attached,-0.026318468054752006,1.9849516463661968e-08,0.0,-0.005250264393586148,birth_01.json
7.75,0.4293115651626631,0.025000000000000005,341.90335616348136,,341.9033561634801,341.9033561634801,1.0,attached,-0.02500590195635452,1.9849516463662332e-08,0.0,-0.005250264393586103,birth_01.json
8.0,0.4278377446840388,0.025000000000000005,341.90335616348125,,341.9033561634801,341.9033561634801,1.0,attached,-0.023693335857957794,1.9849516463661478e-08,0.0,-0.005250264393586204,birth_01.json
8.25,0.4263639242054145,0.025000000000000005,341.9033561634812,,341.9033561634801,341.9033561634801,1.0,attached,-0.02238076975956092,1.984951646366033e-08,0.0,-0.005250264393586338,birth_01.json
8.5,0.4248901037267904,0.025000000000000005,341.9033561634811,,341.9033561634801,341.9033561634801,1.0,attached,-0.0210682036611649,1.9849516463658414e-08,0.0,-0.005250264393586564,birth_01.json
8.75,0.4234162832481663,0.025000000000000005,341.903356163481,,341.9033561634801,341.9033561634801,1.0,attached,-0.019755637562768935,1.984951646365804e-08,0.0,-0.005250264393586606,birth_01.json
9.0,0.4219424627695422,0.025000000000000005,341.903356163481,,341.9033561634801,341.9033561634801,1.0,attached,-0.018443071464371668,1.984951646365764e-08,0.0,-0.005250264393586656,birth_01.json
9.25,0.42046864229091796,0.025000000000000005,341.9033561634811,,341.9033561634801,341.9033561634801,1.0,attached,-0.017130505365973006,1.9849516463659036e-08,0.0,-0.00525026439358649,birth_01.json
9.5,0.41899482181229375,0.025000000000000005,341.90335616348113,,341.9033561634801,341.9033561634801,1.0,attached,-0.01581793926757444,1.984951646365881e-08,0.0,-0.005250264393586517,birth_01.json
9.75,0.41752100133366954,0.025000000000000005,341.90335616348113,,341.9033561634801,341.9033561634801,1.0,attached,-0.014505373169177077,1.9849516463659255e-08,0.0,-0.005250264393586465,birth_01.json
10.0,0.4160471808550453,0.025000000000000005,341.90335616348113,,341.9033561634801,341.9033561634801,1.0,attached,-0.013192807070779689,1.984951646365904e-08,0.0,-0.00525026439358649,birth_01.json
10.25,0.4145733603764211,0.025000000000000005,341.90335616348113,,341.9033561634801,341.9033561634801,1.0,attached,-0.011880240972382373,1.9849516463659317e-08,0.0,-0.005250264393586459,birth_01.json
10.5,0.41309953989779674,0.025000000000000005,341.9033561634813,,341.9033561634801,341.9033561634801,1.0,attached,-0.010567674873983614,1.984951646366201e-08,0.0,-0.005250264393586142,birth_01.json
10.75,0.4116257194191725,0.025000000000000005,341.90335616348125,,341.9033561634801,341.9033561634801,1.0,attached,-0.00925510877558691,1.9849516463660846e-08,0.0,-0.005250264393586277,birth_01.json
11.0,0.41015189894054815,0.025000000000000005,341.90335616348125,,341.9033561634801,341.9033561634801,1.0,attached,-0.007942542677189449,1.984951646366129e-08,0.0,-0.005250264393586226,birth_01.json
11.25,0.4086780784619237,0.025000000000000005,341.9033561634813,,341.9033561634801,341.9033561634801,1.0,attached,-0.0066299765787912026,1.9849516463661422e-08,0.0,-0.005250264393586211,birth_01.json
11.5,0.4072042579832992,0.025000000000000005,341.90335616348136,,341.9033561634801,341.9033561634801,1.0,attached,-0.005317410480393495,1.9849516463662848e-08,0.0,-0.005250264393586044,birth_01.json
11.75,0.40573043750467497,0.025000000000000005,341.90335616348125,,341.9033561634801,341.9033561634801,1.0,attached,-0.00400484438199689,1.9849516463660975e-08,0.0,-0.005250264393586262,birth_01.json
12.0,0.40425661702605054,0.025000000000000005,341.9033561634813,,341.9033561634801,341.9033561634801,1.0,attached,-0.0026922782835986443,1.984951646366132e-08,0.0,-0.005250264393586224,birth_01.json
12.25,0.4027827965474261,0.025000000000000005,341.9033561634813,,341.9033561634801,341.9033561634801,1.0,attached,-0.0013797121852010845,1.984951646366151e-08,0.0,-0.0052502643935862,birth_01.json
12.5,0.40130897606880184,0.025000000000000005,341.9033561634812,,341.9033561634801,341.9033561634801,1.0,attached,-6.71460868048962e-05,1.984951646366044e-08,0.0,-0.005250264393586326,birth_01.json
12.75,0.3998351555901777,0.025000000000000005,341.9033561634812,,341.9033561634801,341.9033561634801,1.0,attached,0.001245420011592419,1.9849516463659992e-08,0.0,-0.005250264393586378,birth_01.json
13.0,0.39836133511155325,0.025000000000000005,341.9033561634813,,341.9033561634801,341.9033561634801,1.0,attached,0.0025579861099911793,1.984951646366125e-08,0.0,-0.0052502643935862315,birth_01.json
13.25,0.39688751463292893,0.025000000000000005,341.90335616348125,,341.9033561634801,341.9033561634801,1.0,attached,0.0038705522083879065,1.9849516463661184e-08,0.0,-0.005250264393586238,birth_01.json
13.5,0.3954136941543045,0.025000000000000005,341.90335616348136,,341.9033561634801,341.9033561634801,1.0,attached,0.005183118306786226,1.9849516463662203e-08,0.0,-0.005250264393586119,birth_01.json
13.75,0.3939398736756802,0.025000000000000005,341.90335616348125,,341.9033561634801,341.9033561634801,1.0,attached,0.006495684405182929,1.984951646366076e-08,0.0,-0.005250264393586288,birth_01.json
14.0,0.39246605319705596,0.025000000000000005,341.90335616348113,,341.9033561634801,341.9033561634801,1.0,attached,0.007808250503579729,1.9849516463659837e-08,0.0,-0.005250264393586397,birth_01.json
14.25,0.39099223271843164,0.025000000000000005,341.90335616348113,,341.9033561634801,341.9033561634801,1.0,attached,0.009120816601977166,1.984951646365929e-08,0.0,-0.005250264393586461,birth_01.json
14.5,0.38951841223980743,0.025000000000000005,341.9033561634812,,341.9033561634801,341.9033561634801,1.0,attached,0.01043338270037458,1.9849516463660098e-08,0.0,-0.005250264393586366,birth_01.json
14.75,0.3880445917611832,0.025000000000000005,341.9033561634812,,341.9033561634801,341.9033561634801,1.0,attached,0.011745948798771944,1.9849516463659963e-08,0.0,-0.005250264393586382,birth_01.json
15.0,0.386570771282559,0.025000000000000005,341.9033561634811,,341.9033561634801,341.9033561634801,1.0,attached,0.01305851489716801,1.984951646365868e-08,0.0,-0.005250264393586534,birth_01.json
15.25,0.38509695080393475,0.025000000000000005,341.90335616348113,,341.9033561634801,341.9033561634801,1.0,attached,0.014371080995566648,1.9849516463659016e-08,0.0,-0.005250264393586494,birth_01.json
15.5,0.3836231303253106,0.025000000000000005,341.9033561634811,,341.9033561634801,341.9033561634801,1.0,attached,0.01568364709396274,1.9849516463658576e-08,0.0,-0.0052502643935865454,birth_01.json
15.75,0.3821493098466864,0.025000000000000005,341.9033561634811,,341.9033561634801,341.9033561634801,1.0,attached,0.01699621319236008,1.9849516463659096e-08,0.0,-0.005250264393586482,birth_01.json
16.0,0.38067548936806206,0.025000000000000005,341.9033561634811,,341.9033561634801,341.9033561634801,1.0,attached,0.01830877929075754,1.984951646365898e-08,0.0,-0.005250264393586497,birth_01.json
16.25,0.37920166888943785,0.025000000000000005,341.90335616348113,,341.9033561634801,341.9033561634801,1.0,attached,0.019621345389156105,1.9849516463659933e-08,0.0,-0.005250264393586385,birth_01.json
16.5,0.37772784841081364,0.025000000000000005,341.90335616348113,,341.9033561634801,341.9033561634801,1.0,attached,0.02093391148755347,1.9849516463658996e-08,0.0,-0.005250264393586497,birth_01.json
16.75,0.37625402793218937,0.025000000000000005,341.9033561634811,,341.9033561634801,341.9033561634801,1.0,attached,0.022246477585949657,1.9849516463658874e-08,0.0,-0.005250264393586508,birth_01.json
17.0,0.3747802074535652,0.025000000000000005,341.903356163481,,341.9033561634801,341.9033561634801,1.0,attached,0.023559043684345846,1.9849516463658434e-08,0.0,-0.005250264393586562,birth_01.json
17.25,0.3733063869749412,0.025000000000000005,341.90335616348096,,341.9033561634801,341.9033561634801,1.0,attached,0.024871609782742353,1.9849516463656945e-08,0.0,-0.005250264393586736,birth_01.json
17.5,0.37183256649631735,0.025000000000000005,341.90335616348085,,341.9033561634801,341.9033561634801,1.0,attached,0.026184175881138295,1.9849516463655132e-08,0.0,-0.005250264393586949,birth_01.json
17.75,0.37035874601769336,0.025000000000000005,341.90335616348085,,341.9033561634801,341.9033561634801,1.0,attached,0.02749674197953546,1.98495164636556e-08,0.0,-0.005250264393586894,birth_01.json
18.0,0.3688849255390694,0.025000000000000005,341.9033561634809,,341.9033561634801,341.9033561634801,1.0,attached,0.028809308077933537,1.9849516463656168e-08,0.0,-0.005250264393586827,birth_01.json
18.25,0.36741110506044555,0.025000000000000005,341.90335616348085,,341.9033561634801,341.9033561634801,1.0,attached,0.030121874176329628,1.984951646365536e-08,0.0,-0.005250264393586922,birth_01.json
18.5,0.3659372845818216,0.025000000000000005,341.9033561634809,,341.9033561634801,341.9033561634801,1.0,attached,0.03143444027472768,1.9849516463655946e-08,0.0,-0.005250264393586854,birth_01.json
18.75,0.3644634641031977,0.025000000000000005,341.9033561634809,,341.9033561634801,341.9033561634801,1.0,attached,0.03274700637312477,1.984951646365648e-08,0.0,-0.005250264393586791,birth_01.json
19.0,0.36298964362457375,0.025000000000000005,341.90335616348085,,341.9033561634801,341.9033561634801,1.0,attached,0.03405957247152096,1.9849516463655036e-08,0.0,-0.005250264393586963,birth_01.json
19.25,0.3615158231459499,0.025000000000000005,341.9033561634808,,341.9033561634801,341.9033561634801,1.0,attached,0.03537213856991815,1.9849516463654387e-08,0.0,-0.005250264393587036,birth_01.json
19.5,0.3600420026673259,0.025000000000000005,341.90335616348085,,341.9033561634801,341.9033561634801,1.0,attached,0.0366847046683152,1.9849516463656128e-08,0.0,-0.005250264393586832,birth_01.json
19.75,0.3585681821887021,0.025000000000000005,341.9033561634808,,341.9033561634801,341.9033561634801,1.0,attached,0.03799727076671227,1.9849516463655023e-08,0.0,-0.005250264393586961,birth_01.json
20.0,0.35709436171007813,0.025000000000000005,341.9033561634809,,341.9033561634801,341.9033561634801,1.0,attached,0.03930983686511025,1.984951646365611e-08,0.0,-0.005250264393586833,birth_01.json
20.25,0.35562054123145415,0.025000000000000005,341.903356163481,,341.9033561634801,341.9033561634801,1.0,attached,0.04062240296350825,1.9849516463657223e-08,0.0,-0.0052502643935867024,birth_01.json
20.5,0.35414672075282994,0.025000000000000005,341.9033561634811,,341.9033561634801,341.9033561634801,1.0,attached,0.04193496906190664,1.984951646365855e-08,0.0,-0.005250264393586547,birth_01.json
20.75,0.3526729002742058,0.025000000000000005,341.9033561634812,,341.9033561634801,341.9033561634801,1.0,attached,0.04324753516030525,1.9849516463660188e-08,0.0,-0.005250264393586356,birth_01.json
21.0,0.35119907979558157,0.025000000000000005,341.9033561634812,,341.9033561634801,341.9033561634801,1.0,attached,0.04456010125870259,1.9849516463660128e-08,0.0,-0.005250264393586362,birth_01.json
21.25,0.3497252593169573,0.025000000000000005,341.9033561634812,,341.9033561634801,341.9033561634801,1.0,attached,0.04587266735710001,1.98495164636601e-08,0.0,-0.005250264393586365,birth_01.json
21.5,0.3482514388383331,0.025000000000000005,341.9033561634812,,341.9033561634801,341.9033561634801,1.0,attached,0.04718523345549737,1.9849516463659873e-08,0.0,-0.005250264393586393,birth_01.json
21.75,0.3467776183597089,0.025000000000000005,341.90335616348113,,341.9033561634801,341.9033561634801,1.0,attached,0.04849779955389463,1.9849516463659642e-08,0.0,-0.0052502643935864205,birth_01.json
22.0,0.34530379788108456,0.025000000000000005,341.90335616348113,,341.9033561634801,341.9033561634801,1.0,attached,0.04981036565229207,1.984951646365926e-08,0.0,-0.005250264393586466,birth_01.json
22.25,0.3438299774024603,0.025000000000000005,341.9033561634812,,341.9033561634801,341.9033561634801,1.0,attached,0.05112293175068958,1.9849516463660525e-08,0.0,-0.005250264393586316,birth_01.json
22.5,0.34235615692383603,0.025000000000000005,341.9033561634812,,341.9033561634801,341.9033561634801,1.0,attached,0.05243549784908697,1.98495164636606e-08,0.0,-0.005250264393586308,birth_01.json
22.75,0.3408823364452117,0.025000000000000005,341.9033561634812,,341.9033561634801,341.9033561634801,1.0,attached,0.05374806394748444,1.984951646366036e-08,0.0,-0.0052502643935863355,birth_01.json
23.0,0.3394085159665873,0.025000000000000005,341.9033561634813,,341.9033561634801,341.9033561634801,1.0,attached,0.055060630045883144,1.9849516463662153e-08,0.0,-0.005250264393586126,birth_01.json
23.25,0.33793469548796284,0.025000000000000005,341.90335616348125,,341.9033561634801,341.9033561634801,1.0,attached,0.05637319614428,1.984951646366116e-08,0.0,-0.005250264393586242,birth_01.json
23.5,0.33646087500933863,0.025000000000000005,341.90335616348113,,341.9033561634801,341.9033561634801,1.0,attached,0.0576857622426768,1.9849516463659225e-08,0.0,-0.005250264393586469,birth_01.json
23.75,0.3349870545307144,0.025000000000000005,341.9033561634811,,341.9033561634801,341.9033561634801,1.0,attached,0.058998328341072936,1.984951646365876e-08,0.0,-0.005250264393586521,birth_01.json
24.0,0.3335132340520903,0.025000000000000005,341.9033561634809,,341.9033561634801,341.9033561634801,1.0,attached,0.06031089443946836,1.9849516463656952e-08,0.0,-0.005250264393586735,birth_01.json
24.25,0.3320394135734664,0.025000000000000005,341.9033561634809,,341.9033561634801,341.9033561634801,1.0,attached,0.061623460537865486,1.9849516463655933e-08,0.0,-0.005250264393586857,birth_01.json
24.5,0.3305655930948424,0.025000000000000005,341.90335616348085,,341.9033561634801,341.9033561634801,1.0,attached,0.06293602663626172,1.9849516463655274e-08,0.0,-0.005250264393586934,birth_01.json
24.75,0.32909177261621836,0.025000000000000005,341.90335616348096,,341.9033561634801,341.9033561634801,1.0,attached,0.06424859273465999,1.9849516463656538e-08,0.0,-0.005250264393586785,birth_01.json
25.0,0.32761795213759437,0.025000000000000005,341.9033561634809,,341.9033561634801,341.9033561634801,1.0,attached,0.065561158833057,1.984951646365656e-08,0.0,-0.005250264393586781,birth_01.json
25.25,0.32614413165897016,0.025000000000000005,341.90335616348096,,341.9033561634801,341.9033561634801,1.0,attached,0.06687372493145452,1.9849516463656826e-08,0.0,-0.00525026439358675,birth_01.json
25.5,0.3246703111803462,0.025000000000000005,341.9033561634809,,341.9033561634801,341.9033561634801,1.0,attached,0.06818629102985149,1.9849516463656005e-08,0.0,-0.005250264393586847,birth_01.json
25.75,0.32319649070172224,0.025000000000000005,341.9033561634809,,341.9033561634801,341.9033561634801,1.0,attached,0.06949885712824865,1.984951646365609e-08,0.0,-0.005250264393586837,birth_01.json
26.0,0.32172267022309814,0.025000000000000005,341.9033561634809,,341.9033561634801,341.9033561634801,1.0,attached,0.07081142322664591,1.9849516463656267e-08,0.0,-0.005250264393586814,birth_01.json
26.25,0.32024884974447404,0.025000000000000005,341.9033561634809,,341.9033561634801,341.9033561634801,1.0,attached,0.07212398932504316,1.984951646365643e-08,0.0,-0.005250264393586798,birth_01.json
26.5,0.31877502926585005,0.025000000000000005,341.90335616348085,,341.9033561634801,341.9033561634801,1.0,attached,0.0734365554234394,1.9849516463655433e-08,0.0,-0.005250264393586914,birth_01.json
26.75,0.317301208787226,0.025000000000000005,341.90335616348085,,341.9033561634801,341.9033561634801,1.0,attached,0.0747491215218366,1.9849516463656035e-08,0.0,-0.005250264393586844,birth_01.json
27.0,0.3158273883086022,0.025000000000000005,341.90335616348074,,341.9033561634801,341.9033561634801,1.0,attached,0.07606168762023272,1.984951646365367e-08,0.0,-0.005250264393587121,birth_01.json
27.25,0.31435356782997814,0.025000000000000005,341.90335616348085,,341.9033561634801,341.9033561634801,1.0,attached,0.07737425371863083,1.9849516463655066e-08,0.0,-0.005250264393586958,birth_01.json
27.5,0.31287974735135426,0.025000000000000005,341.90335616348074,,341.9033561634801,341.9033561634801,1.0,attached,0.07868681981702699,1.9849516463653934e-08,0.0,-0.005250264393587088,birth_01.json
27.75,0.3114059268727303,0.025000000000000005,341.90335616348074,,341.9033561634801,341.9033561634801,1.0,attached,0.07999938591542416,1.9849516463654358e-08,0.0,-0.005250264393587041,birth_01.json
28.0,0.30993210639410623,0.025000000000000005,341.9033561634808,,341.9033561634801,341.9033561634801,1.0,attached,0.08131195201382242,1.9849516463655185e-08,0.0,-0.0052502643935869436,birth_01.json
28.25,0.3084582859154823,0.025000000000000005,341.9033561634808,,341.9033561634801,341.9033561634801,1.0,attached,0.08262451811221952,1.9849516463654593e-08,0.0,-0.005250264393587014,birth_01.json
28.5,0.3069844654368582,0.025000000000000005,341.9033561634809,,341.9033561634801,341.9033561634801,1.0,attached,0.08393708421061756,1.9849516463655592e-08,0.0,-0.005250264393586895,birth_01.json
28.75,0.305510644958234,0.025000000000000005,341.9033561634809,,341.9033561634801,341.9033561634801,1.0,attached,0.08524965030901491,1.9849516463656462e-08,0.0,-0.005250264393586793,birth_01.json
29.0,0.3040368244796098,0.025000000000000005,341.90335616348096,,341.9033561634801,341.9033561634801,1.0,attached,0.08656221640741242,1.9849516463656578e-08,0.0,-0.00525026439358678,birth_01.json
29.25,0.30256300400098557,0.025000000000000005,341.90335616348096,,341.9033561634801,341.9033561634801,1.0,attached,0.0878747825058098,1.9849516463656624e-08,0.0,-0.005250264393586775,birth_01.json
29.5,0.30108918352236136,0.025000000000000005,341.9033561634809,,341.9033561634801,341.9033561634801,1.0,attached,0.08918734860420699,1.9849516463656065e-08,0.0,-0.00525026439358684,birth_01.json
29.75,0.2996153630437372,0.025000000000000005,341.90335616348085,,341.9033561634801,341.9033561634801,1.0,attached,0.09049991470260337,1.9849516463655228e-08,0.0,-0.0052502643935869375,birth_01.json
30.0,0.2981415425651131,0.025000000000000005,341.9033561634808,,341.9033561634801,341.9033561634801,1.0,attached,0.0918124808010008,1.9849516463655142e-08,0.0,-0.005250264393586949,birth_01.json
30.25,0.2966677220864889,0.025000000000000005,341.90335616348096,,341.9033561634801,341.9033561634801,1.0,attached,0.09312504689939907,1.9849516463656657e-08,0.0,-0.00525026439358677,birth_01.json
30.5,0.2951939016078647,0.025000000000000005,341.9033561634809,,341.9033561634801,341.9033561634801,1.0,attached,0.09443761299779628,1.9849516463656088e-08,0.0,-0.005250264393586837,birth_01.json
30.75,0.2937200811292405,0.025000000000000005,341.9033561634809,,341.9033561634801,341.9033561634801,1.0,attached,0.09575017909619364,1.9849516463656624e-08,0.0,-0.005250264393586775,birth_01.json
31.0,0.29224626065061626,0.025000000000000005,341.90335616348085,,341.9033561634801,341.9033561634801,1.0,attached,0.09706274519459006,1.984951646365534e-08,0.0,-0.005250264393586925,birth_01.json
31.25,0.29077244017199216,0.025000000000000005,341.90335616348085,,341.9033561634801,341.9033561634801,1.0,attached,0.09837531129298734,1.9849516463654976e-08,0.0,-0.005250264393586969,birth_01.json
31.5,0.289298619693368,0.025000000000000005,341.9033561634808,,341.9033561634801,341.9033561634801,1.0,attached,0.09968787739138481,1.9849516463655185e-08,0.0,-0.0052502643935869436,birth_01.json
31.75,0.28782479921474385,0.025000000000000005,341.90335616348085,,341.9033561634801,341.9033561634801,1.0,attached,0.10100044348978195,1.9849516463655105e-08,0.0,-0.005250264393586953,birth_01.json
32.0,0.2863509787361198,0.025000000000000005,341.9033561634808,,341.9033561634801,341.9033561634801,1.0,attached,0.10231300958817932,1.9849516463654593e-08,0.0,-0.005250264393587014,birth_01.json
32.25,0.2848771582574956,0.025000000000000005,341.9033561634809,,341.9033561634801,341.9033561634801,1.0,attached,0.10362557568657745,1.984951646365555e-08,0.0,-0.005250264393586899,birth_01.json
32.5,0.2834033377788712,0.025000000000000005,341.903356163481,,341.9033561634801,341.9033561634801,1.0,attached,0.10493814178497582,1.984951646365761e-08,0.0,-0.00525026439358666,birth_01.json
32.75,0.28192951730024696,0.025000000000000005,341.903356163481,,341.9033561634801,341.9033561634801,1.0,attached,0.10625070788337324,1.9849516463657428e-08,0.0,-0.005250264393586679,birth_01.json
33.0,0.28045569682162264,0.025000000000000005,341.90335616348096,,341.9033561634801,341.9033561634801,1.0,attached,0.10756327398176997,1.9849516463657104e-08,0.0,-0.005250264393586718,birth_01.json
33.25,0.27898187634299826,0.025000000000000005,341.90335616348096,,341.9033561634801,341.9033561634801,1.0,attached,0.10887584008016749,1.9849516463657137e-08,0.0,-0.005250264393586712,birth_01.json
33.5,0.2775080558643739,0.025000000000000005,341.903356163481,,341.9033561634801,341.9033561634801,1.0,attached,0.1101884061785657,1.9849516463657392e-08,0.0,-0.005250264393586684,birth_01.json
33.75,0.2760342353857496,0.025000000000000005,341.9033561634809,,341.9033561634801,341.9033561634801,1.0,attached,0.11150097227696223,1.984951646365609e-08,0.0,-0.005250264393586837,birth_01.json
34.0,0.27456041490712535,0.025000000000000005,341.90335616348085,,341.9033561634801,341.9033561634801,1.0,attached,0.11281353837535872,1.9849516463655536e-08,0.0,-0.005250264393586903,birth_01.json
34.25,0.2730865944285011,0.025000000000000005,341.90335616348085,,341.9033561634801,341.9033561634801,1.0,attached,0.11412610447375612,1.98495164636559e-08,0.0,-0.005250264393586859,birth_01.json
34.5,0.2716127739498768,0.025000000000000005,341.90335616348096,,341.9033561634801,341.9033561634801,1.0,attached,0.11543867057215462,1.9849516463656664e-08,0.0,-0.00525026439358677,birth_01.json
34.75,0.2701389534712525,0.025000000000000005,341.90335616348096,,341.9033561634801,341.9033561634801,1.0,attached,0.11675123667055208,1.9849516463656618e-08,0.0,-0.005250264393586777,birth_01.json
35.0,0.26866513299262823,0.025000000000000005,341.90335616348085,,341.9033561634801,341.9033561634801,1.0,attached,0.11806380276894839,1.9849516463655413e-08,0.0,-0.005250264393586918,birth_01.json
35.25,0.267191312514004,0.025000000000000005,341.90335616348085,,341.9033561634801,341.9033561634801,1.0,attached,0.11937636886734576,1.9849516463655215e-08,0.0,-0.005250264393586939,birth_01.json
35.5,0.2657174920353798,0.025000000000000005,341.9033561634808,,341.9033561634801,341.9033561634801,1.0,attached,0.12068893496574329,1.9849516463654907e-08,0.0,-0.005250264393586976,birth_01.json
35.75,0.26424367155675554,0.025000000000000005,341.9033561634808,,341.9033561634801,341.9033561634801,1.0,attached,0.1220015010641407,1.9849516463654626e-08,0.0,-0.0052502643935870095,birth_01.json
36.0,0.2627698510781314,0.025000000000000005,341.90335616348074,,341.9033561634801,341.9033561634801,1.0,attached,0.123314067162537,1.984951646365434e-08,0.0,-0.005250264393587045,birth_01.json
36.25,0.26129603059950723,0.025000000000000005,341.9033561634807,,341.9033561634801,341.9033561634801,1.0,attached,0.12462663326093337,1.984951646365364e-08,0.0,-0.005250264393587125,birth_01.json
36.5,0.259822210120883,0.025000000000000005,341.9033561634807,,341.9033561634801,341.9033561634801,1.0,attached,0.12593919935933073,1.9849516463653226e-08,0.0,-0.005250264393587174,birth_01.json
36.75,0.2583483896422589,0.025000000000000005,341.90335616348057,,341.9033561634801,341.9033561634801,1.0,attached,0.12725176545772698,1.984951646365191e-08,0.0,-0.005250264393587327,birth_01.json
37.0,0.25687456916363494,0.025000000000000005,341.90335616348045,,341.9033561634801,341.9033561634801,1.0,attached,0.12856433155612307,1.984951646365041e-08,0.0,-0.0052502643935875065,birth_01.json
37.25,0.255400748685011,0.025000000000000005,341.90335616348045,,341.9033561634801,341.9033561634801,1.0,attached,0.12987689765452018,1.984951646365038e-08,0.0,-0.005250264393587508,birth_01.json
37.5,0.2539269282063871,0.025000000000000005,341.9033561634804,,341.9033561634801,341.9033561634801,1.0,attached,0.13118946375291587,1.9849516463649385e-08,0.0,-0.0052502643935876244,birth_01.json
37.75,0.2524531077277634,0.025000000000000005,341.90335616348034,,341.9033561634801,341.9033561634801,1.0,attached,0.13250202985131246,1.984951646364785e-08,0.0,-0.005250264393587804,birth_01.json
38.0,0.2509792872491396,0.025000000000000005,341.90335616348034,,341.9033561634801,341.9033561634801,1.0,attached,0.1338145959497095,1.984951646364875e-08,0.0,-0.005250264393587699,birth_01.json
38.25,0.24950546677051572,0.025000000000000005,341.9033561634804,,341.9033561634801,341.9033561634801,1.0,attached,0.1351271620481069,1.98495164636489e-08,0.0,-0.005250264393587683,birth_01.json
38.5,0.24803164629189192,0.025000000000000005,341.9033561634803,,341.9033561634801,341.9033561634801,1.0,attached,0.1364397281465031,1.984951646364765e-08,0.0,-0.00525026439358783,birth_01.json
38.75,0.24655782581326818,0.025000000000000005,341.9033561634803,,341.9033561634801,341.9033561634801,1.0,attached,0.13775229424490004,1.9849516463647502e-08,0.0,-0.0052502643935878465,birth_01.json
39.0,0.2450840053346445,0.025000000000000005,341.9033561634802,,341.9033561634801,341.9033561634801,1.0,attached,0.1390648603432965,1.9849516463646877e-08,0.0,-0.00525026439358792,birth_01.json
39.25,0.2436101848560207,0.025000000000000005,341.9033561634802,,341.9033561634801,341.9033561634801,1.0,attached,0.1403774264416935,1.984951646364675e-08,0.0,-0.005250264393587935,birth_01.json
39.5,0.24213636437739702,0.025000000000000005,341.90335616348017,,341.9033561634801,341.9033561634801,1.0,attached,0.1416899925400903,1.9849516463645907e-08,0.0,-0.005250264393588036,birth_01.json
39.75,0.24066254389877328,0.025000000000000005,341.9033561634802,,341.9033561634801,341.9033561634801,1.0,attached,0.14300255863848735,1.9849516463646427e-08,0.0,-0.005250264393587975,birth_01.json
40.0,0.23918872342014963,0.025000000000000005,341.90335616348017,,341.9033561634801,341.9033561634801,1.0,attached,0.1443151247368841,1.9849516463646145e-08,0.0,-0.005250264393588005,birth_01.json
40.25,0.23771490294152578,0.025000000000000005,341.9033561634803,,341.9033561634801,341.9033561634801,1.0,attached,0.1456276908352817,1.9849516463647416e-08,0.0,-0.005250264393587855,birth_01.json
40.5,0.23624108246290199,0.025000000000000005,341.9033561634803,,341.9033561634801,341.9033561634801,1.0,attached,0.14694025693367868,1.9849516463647284e-08,0.0,-0.005250264393587871,birth_01.json
40.75,0.2347672619842782,0.025000000000000005,341.9033561634803,,341.9033561634801,341.9033561634801,1.0,attached,0.14825282303207568,1.984951646364744e-08,0.0,-0.005250264393587854,birth_01.json
41.0,0.23329344150565437,0.025000000000000005,341.9033561634803,,341.9033561634801,341.9033561634801,1.0,attached,0.1495653891304727,1.9849516463647e-08,0.0,-0.005250264393587905,birth_01.json
41.25,0.23181962102703066,0.025000000000000005,341.90335616348034,,341.9033561634801,341.9033561634801,1.0,attached,0.1508779552288701,1.9849516463647777e-08,0.0,-0.005250264393587815,birth_01.json
41.5,0.23034580054840684,0.025000000000000005,341.9033561634803,,341.9033561634801,341.9033561634801,1.0,attached,0.15219052132726665,1.984951646364744e-08,0.0,-0.005250264393587854,birth_01.json
41.75,0.22887198006978307,0.025000000000000005,341.90335616348017,,341.9033561634801,341.9033561634801,1.0,attached,0.1535030874256631,1.9849516463646456e-08,0.0,-0.00525026439358797,birth_01.json
42.0,0.22739815959115936,0.025000000000000005,341.90335616348017,,341.9033561634801,341.9033561634801,1.0,attached,0.15481565352406002,1.9849516463646337e-08,0.0,-0.005250264393587985,birth_01.json
42.25,0.22592433911253554,0.025000000000000005,341.90335616348017,,341.9033561634801,341.9033561634801,1.0,attached,0.15612821962245704,1.9849516463646056e-08,0.0,-0.005250264393588016,birth_01.json
42.5,0.2244505186339117,0.025000000000000005,341.9033561634803,,341.9033561634801,341.9033561634801,1.0,attached,0.15744078572085463,1.9849516463647413e-08,0.0,-0.005250264393587855,birth_01.json
42.75,0.22297669815528778,0.025000000000000005,341.9033561634802,,341.9033561634801,341.9033561634801,1.0,attached,0.15875335181925126,1.9849516463646847e-08,0.0,-0.005250264393587924,birth_01.json
43.0,0.22150287767666393,0.025000000000000005,341.9033561634802,,341.9033561634801,341.9033561634801,1.0,attached,0.16006591791764832,1.9849516463646533e-08,0.0,-0.005250264393587959,birth_01.json
43.25,0.22002905719804014,0.025000000000000005,341.90335616348017,,341.9033561634801,341.9033561634801,1.0,attached,0.1613784840160452,1.984951646364639e-08,0.0,-0.005250264393587978,birth_01.json
43.5,0.21855523671941637,0.025000000000000005,341.90335616348017,,341.9033561634801,341.9033561634801,1.0,attached,0.16269105011444218,1.9849516463646135e-08,0.0,-0.005250264393588008,birth_01.json
43.75,0.2170814162407925,0.025000000000000005,341.9033561634802,,341.9033561634801,341.9033561634801,1.0,attached,0.16400361621283935,1.984951646364644e-08,0.0,-0.0052502643935879705,birth_01.json
44.0,0.2156075957621686,0.025000000000000005,341.9033561634802,,341.9033561634801,341.9033561634801,1.0,attached,0.16531618231123646,1.9849516463647e-08,0.0,-0.005250264393587905,birth_01.json
44.25,0.21413377528354474,0.025000000000000005,341.90335616348017,,341.9033561634801,341.9033561634801,1.0,attached,0.1666287484096334,1.9849516463646533e-08,0.0,-0.005250264393587959,birth_01.json
44.5,0.2126599548049209,0.025000000000000005,341.90335616348017,,341.9033561634801,341.9033561634801,1.0,attached,0.16794131450803043,1.9849516463645633e-08,0.0,-0.005250264393588066,birth_01.json
44.75,0.21118613432629704,0.025000000000000005,341.9033561634802,,341.9033561634801,341.9033561634801,1.0,attached,0.1692538806064276,1.984951646364662e-08,0.0,-0.00525026439358795,birth_01.json
45.0,0.2097123138476732,0.025000000000000005,341.9033561634803,,341.9033561634801,341.9033561634801,1.0,attached,0.17056644670482507,1.9849516463647165e-08,0.0,-0.005250264393587886,birth_01.json
45.25,0.20823849336904937,0.025000000000000005,341.9033561634802,,341.9033561634801,341.9033561634801,1.0,attached,0.17187901280322165,1.9849516463646705e-08,0.0,-0.005250264393587942,birth_01.json
45.5,0.2067646728904255,0.025000000000000005,341.9033561634802,,341.9033561634801,341.9033561634801,1.0,attached,0.1731915789016187,1.984951646364628e-08,0.0,-0.0052502643935879905,birth_01.json
45.75,0.20529085241180164,0.025000000000000005,341.90335616348034,,341.9033561634801,341.9033561634801,1.0,attached,0.17450414500001668,1.9849516463647694e-08,0.0,-0.005250264393587824,birth_01.json
46.0,0.2038170319331778,0.025000000000000005,341.90335616348034,,341.9033561634801,341.9033561634801,1.0,attached,0.1758167110984137,1.9849516463648607e-08,0.0,-0.005250264393587716,birth_01.json
46.25,0.20234321145455386,0.025000000000000005,341.90335616348034,,341.9033561634801,341.9033561634801,1.0,attached,0.17712927719681085,1.9849516463648187e-08,0.0,-0.005250264393587766,birth_01.json
46.5,0.2008693909759301,0.025000000000000005,341.9033561634803,,341.9033561634801,341.9033561634801,1.0,attached,0.17844184329520735,1.98495164636474e-08,0.0,-0.005250264393587858,birth_01.json
46.75,0.1993955704973064,0.025000000000000005,341.9033561634802,,341.9033561634801,341.9033561634801,1.0,attached,0.1797544093936038,1.98495164636469e-08,0.0,-0.005250264393587919,birth_01.json
46.759326602064,0.1993405875497897,0.025000000000000005,341.9033561635669,,341.9033561634801,341.9033561634801,1.0,attached,0.1798033765203461,1.984951646486859e-08,0.0,-0.005250264393444346,birth_01.json
46.769326602064,0.1991998781605294,0.024999182199196716,341.8922167504208,0.024353072828806714,341.3853332733238,341.38584807588336,0.9992103945527221,birth,0.17981801540751943,4.737709543365044e-08,2.7535491534143876e-10,-0.0014638887298148876,birth_01.json
46.919326602064,0.1975124059346284,0.02498783865091886,341.7800337875023,0.02430070905825015,341.3871873106738,341.3943962602723,0.9897415213257373,radial,0.18020496213964746,3.7878321699759074e-08,2.5462616035291876e-10,-0.002579644894521005,radial_01.json
46.994326602064,0.1967537900901646,0.024982344077709093,341.73502483350916,0.024282504022980676,341.38765884069414,341.3981679490516,0.9854850733705299,radial,0.18043245256449555,3.405696942984284e-08,2.46670979297304e-10,-0.0030332056637771745,radial_01.json
47.106826602064,0.19574015188550653,0.024974364373663245,341.6837266175537,0.02425551690663161,341.3884168136964,341.4034902917911,0.9797981177087127,radial,0.1808237162385269,3.033722148715052e-08,2.388249060922159e-10,-0.0034778993247198816,radial_01.json
47.256826602063995,0.1945288584749975,0.024964025465868636,341.63366022956717,0.024223609142168524,341.3892785474348,341.40996691564317,0.9730028011562547,radial,0.18140221173834967,2.7189639492433554e-08,2.3207521226333105e-10,-0.0038566366660934604,radial_01.json
47.406826602063994,0.1934096907386782,0.024953888991616848,341.5956563449681,0.024195638227277275,341.389976386172,341.4159562602251,0.9667248674297636,radial,0.18201821848842212,2.5121714539247975e-08,2.2753123086259952e-10,-0.004106711667153607,radial_01.json
47.55682660206399,0.19235287913545784,0.024943894966700443,341.56582648853635,0.024170534669714777,341.3905541853603,341.42158632489026,0.9607972140154855,radial,0.18265970904793175,2.372201999423251e-08,2.2433370164393028e-10,-0.004276603730062889,radial_01.json
47.70682660206399,0.19134004223077816,0.024934006425000405,341.5417663306134,0.02414758848935313,341.39104247941236,341.42695439829845,0.9551166700071951,radial,0.18331922280680713,2.273492950931216e-08,2.2196594264735709e-10,-0.004396758392707704,radial_01.json
47.85682660206399,0.19035949970448987,0.0249241997782656,341.52194654371146,0.02412629010203215,341.3914634592538,341.432131110816,0.9496176807001097,radial,0.18399200343888583,2.2010024627828544e-08,2.2012766431738904e-10,-0.004485204213925704,radial_01.json
48.00682660206399,0.18940358033236873,0.024914459410894835,341.50536197189587,0.02410626727140344,341.39183359732635,341.43716734797414,0.9442571948114384,radial,0.1846749194089969,2.1457314046564808e-08,2.1863990590292812e-10,-0.004552773134100077,radial_01.json
48.15682660206399,0.18846705911647108,0.024904774580646504,341.4913275842428,0.0240872464480156,341.3921651294602,341.4420997930355,0.9390058912493435,radial,0.18536583354382888,2.1021887856699213e-08,2.1739327622124627e-10,-0.004606094232225856,radial_01.json
48.306826602063985,0.18754623926741137,0.024895137606927423,341.4793584722878,0.02406902529398726,341.39246713801515,341.44695512317486,0.933843026141225,radial,0.1860632312340654,2.0669442693401086e-08,2.1631905112974107e-10,-0.004649317934918912,radial_01.json
48.456826602063984,0.18663840544412483,0.02488554279134586,341.4690983164152,0.024051452757920363,341.3927463865886,341.45175303933695,0.9287533639971028,radial,0.1867659983694592,2.037794819987292e-08,2.1537273659868428e-10,-0.0046851142359617464,radial_01.json
48.60682660206398,0.18574149260137884,0.024875985761198795,341.4602760333651,0.024034414742304465,341.393007939525,341.45650837445646,0.923725319129493,radial,0.18747328656354723,2.0132807327124558e-08,2.1452457517067234e-10,-0.004715254627258664,radial_01.json
48.75682660206398,0.18485388139595985,0.024866463061031862,341.45267897933286,0.02401782388597426,341.3932556227576,341.46123254534496,0.9187498074343313,radial,0.18818442975486294,1.992401549897299e-08,2.1375397758271043e-10,-0.004740954608772778,radial_01.json
48.90682660206398,0.18397426881815104,0.024856971892060684,341.4461359994657,0.02400161231492809,341.393492359331,341.46593454407343,0.9138195203725525,radial,0.18889889140661223,1.9744472046273032e-08,2.1304620369954242e-10,-0.004763077678332454,radial_01.json
49.05682660206398,0.18310158420276448,0.02484750994129233,341.44050641984273,0.023985726500598315,341.3937204063542,341.47062161004527,0.908928453619866,radial,0.1896162301928374,1.95889615819662e-08,2.123903490660125e-10,-0.0047822585748387905,radial_01.json
49.20682660206398,0.18223493311812344,0.024838075266172654,341.43567269141005,0.023970123598990496,341.39394152853026,341.47529969437755,0.9040715921676074,radial,0.1903360770546928,1.9453528230793153e-08,2.1177809850610652e-10,-0.004798979079036259,radial_01.json
49.356826602063975,0.181373558724245,0.024828666214356143,341.4315353229789,0.02395476882709456,341.3941571253027,341.4799737841462,0.8992446934579783,radial,0.19105811938824716,1.9335083501959974e-08,2.1120293781166768e-10,-0.00481361555702927,radial_01.json
49.506826602063974,0.1805168143070271,0.024819281366178093,341.4280092789488,0.023939633567139327,341.3943683176687,341.484648125357,0.8944441332250532,radial,0.19178208979832137,1.9231155423785296e-08,2.1065964400605344e-10,-0.0048264694004966965,radial_01.json
49.65682660206397,0.1796641431570396,0.024809919492217024,341.4250213398449,0.023924693981973114,341.3945760144386,341.4893263848274,0.8896667925555937,radial,0.19250775785485766,1.913972368099691e-08,2.1014394675330703e-10,-0.00483778704358097,radial_01.json
49.80682660206397,0.17881506339352163,0.024800579521121614,341.4225081112231,0.023909929992592994,341.39478096209575,341.4940117689541,0.8849099727031929,radial,0.19323492387198246,1.905910861074549e-08,2.0965229789671638e-10,-0.004847773447503564,radial_01.json
49.95682660206397,0.17796915619798864,0.024791260514592583,341.42041447964885,0.023895324514592642,341.394983778764,341.4987071087574,0.8801713290313029,radial,0.19396341408238346,1.898789466783923e-08,2.0918171082911956e-10,-0.004856601402678984,radial_01.json
50.10682660206397,0.17712605647728244,0.024781961647509385,341.41869238730544,0.023880862880357755,341.39518498188477,341.50341492604025,0.8754488185953546,radial,0.19469307680626324,1.892487589157782e-08,2.0872964507569722e-10,-0.00486441815920393,radial_01.json
50.25682660206397,0.17628544529265072,0.02477268219182229,341.4172998382271,0.02386653239684279,341.39538500739786,341.50813748266984,0.8707406576338291,radial,0.19542377934359623,1.886901626405831e-08,2.0829392170101742e-10,-0.004871350248889586,radial_01.json
50.406826602063965,0.17544704361552432,0.02476342150329032,341.4162000785791,0.023852322002510976,341.39558422548697,341.5128768201687,0.8660452865086476,radial,0.1961554054099389,1.8819419930085695e-08,2.0787265945499164e-10,-0.004877507108954138,radial_01.json
50.556826602063964,0.1746106071015598,0.024754179010411187,341.41536091053433,0.0238382219980509,341.3957829530585,341.5176347916563,0.8613613403627317,radial,0.19688785298957695,1.8775308340398874e-08,2.0746422559844023e-10,-0.004882983864259682,radial_01.json
50.70682660206396,0.17377592166019803,0.024744954205065735,341.414754110521,0.02382422383254345,341.3959814620144,341.5224130864468,0.8566876242407315,radial,0.19762103251487467,1.8736002394883925e-08,2.0706719737935086e-10,-0.004887863501986501,radial_01.json
50.85682660206396,0.1729427996689919,0.024735746634550606,341.414354932104,0.023810319931359857,341.3961799877429,341.52721325213946,0.852023091834342,radial,0.19835486531006005,1.870090796959795e-08,2.0668033090362865e-10,-0.00489221863457008,radial_01.json
51.00682660206396,0.17211107670653433,0.024726555894726783,341.4141416769087,0.023796503556476202,341.3963787335931,341.5320367111033,0.847366827134757,radial,0.19908928224784442,1.866950427584127e-08,2.0630253605292735e-10,-0.004896112918559256,radial_01.json
51.15682660206396,0.17128060872325823,0.024717381624103727,341.41409532304436,0.02378276869147219,341.39657787634286,341.53688477611064,0.8427180285481972,radial,0.19982422258575547,1.8641334031358416e-08,2.059328554602816e-10,-0.004899602252744368,radial_01.json
51.30682660206396,0.17045126957760012,0.024708223498710286,341.41419920148735,0.023769109946043383,341.3967775702839,341.5417586635221,0.8380759950627961,radial,0.20055963295249726,1.861599525909075e-08,2.0557044700619574e-10,-0.004902735778284919,radial_01.json
51.456826602063956,0.1696229488792248,0.024699081227610473,341.414438712767,0.023755522476324866,341.3969779491776,341.5466595034471,0.8334401141365885,radial,0.20129546646045868,1.8593134394645428e-08,2.0521456913554487e-10,-0.004905556719744848,radial_01.json
51.606826602063954,0.16879555010600317,0.024689954548997636,341.41480107963,0.02374200191693451,341.3971791310002,341.55158835137735,0.8288098511305324,radial,0.2020316819306494,1.8572440141419986e-08,2.048645679394399e-10,-0.0049081031346187905,radial_01.json
51.75682660206395,0.16796898894425707,0.024680843226769316,341.41527512898784,0.023728544323764453,341.397381218449,341.5565461955019,0.8241847399874603,radial,0.20276824320944864,1.8553638458971733e-08,2.045198665379308e-10,-0.004910408525332753,radial_01.json
51.90682660206395,0.16714319183071322,0.024671747047509646,341.41585110036823,0.02371514612462186,341.3975843007259,341.56153396420484,0.8195643750466626,radial,0.20350511856825984,1.8536488035307547e-08,2.0417995560773142e-10,-0.004912502392085012,radial_01.json
52.05682660206395,0.16631809467205985,0.024662665817854697,341.4165204777061,0.02370180407647133,341.3977884559863,341.56655253365403,0.8149484038587642,radial,0.2042422801761924,1.8520776300256225e-08,2.0384438509722105e-10,-0.004914410719560188,radial_01.json
52.20682660206395,0.16549364171660425,0.02465359936216396,341.41727584110413,0.023688515228487247,341.3979937527534,341.57160273404344,0.8103365208533735,radial,0.2049797036352813,1.850631601131771e-08,2.0351275712909196e-10,-0.004916156393938196,radial_01.json
52.35682660206395,0.16466978455916048,0.02464454752047669,341.41811073608926,0.0236752768898764,341.3982002508207,341.57668535486164,0.8057284617539895,radial,0.20571736757052517,1.8492942263046016e-08,2.0318471980179737e-10,-0.004917759568298316,radial_01.json
52.506826602063946,0.16384648126001858,0.02463551014669436,341.41901955783885,0.023662086601934994,341.39840800069106,341.5818011484562,0.8011239986298556,radial,0.20645525326689007,1.8480509926320076e-08,2.0285996186681397e-10,-0.0049192379757746945,radial_01.json
52.656826602063944,0.1630236955786072,0.024626487107008647,341.41999745052755,0.02364894211259313,341.3986170474341,341.5869508368421,0.7965229356034604,radial,0.20719334435344508,1.8468891073804727e-08,2.0253820753286428e-10,-0.00492060724370442,radial_01.json
52.80682660206394,0.16220139628986352,0.024617478278488175,341.42104021748554,0.023635841355014432,341.3988274295515,341.592135114383,0.7919251050115242,radial,0.20793162652156383,1.8457973123479716e-08,2.0221921258088835e-10,-0.004921881120802365,radial_01.json
52.95682660206394,0.16137955658739406,0.02460848354785249,341.42214424279325,0.023622782427906292,341.3990391811012,341.5973546524441,0.7873303640605773,radial,0.20867008727882488,1.8447656890430608e-08,2.019027604283577e-10,-0.004923071715082244,radial_01.json
53.10682660206394,0.1605581535482722,0.024599502810367057,341.42330642092475,0.02360976357897723,341.399252329415,341.6026101004115,0.782738591817925,radial,0.20940871572833836,1.843785520332551e-08,2.015886592139926e-10,-0.0049241896634387656,radial_01.json
53.25682660206394,0.15973716767326665,0.024590535968894663,341.42452409636877,0.023596783188937542,341.39946689864195,341.607902090822,0.778149686640502,radial,0.21014750237906582,1.842849121122294e-08,2.012767384509743e-10,-0.00492524433819587,radial_01.json
53.40682660206394,0.15891658247610868,0.02458158293303947,341.42579500964985,0.023583839758263288,341.3996829090931,341.61323124142814,0.7735635638704287,radial,0.2108864389763377,1.8419497282804615e-08,2.009668467311417e-10,-0.004926243981832304,radial_01.json
53.556826602063936,0.15809638412254334,0.024572643618407133,341.4271172498974,0.02357093189508059,341.399900377622,341.6185981575078,0.768980153811391,radial,0.211625518352881,1.841081388889544e-08,2.0065884945457427e-10,-0.004927195843634878,radial_01.json
53.706826602063934,0.1572765611123604,0.024563717945934507,341.4284892130601,0.023558058304419573,341.4001193177689,341.62400343386366,0.7643993999460124,radial,0.21236473429753414,1.8402388637700086e-08,2.0035262686345531e-10,-0.004928106297704041,radial_01.json
53.85682660206393,0.15645710400298343,0.024554805841317008,341.4299095655971,0.023545217778281027,341.4003397410905,341.62944765758,0.7598212573900629,radial,0.2131040814410632,1.839417534196272e-08,2.000480721735732e-10,-0.0049289809568738635,radial_01.json
54.00682660206393,0.15563800516071954,0.02454590723448835,341.43137721177004,0.023532409187410133,341.4005616558055,341.6349314086638,0.7552456914949901,radial,0.21384355515339382,1.8386133398071332e-08,1.9974509025883841e-10,-0.0049298247488820555,radial_01.json
54.15682660206393,0.15481925854796982,0.02453702205916987,341.43289126569636,0.023519631473131616,341.4007850684645,341.6404552625958,0.7506726766596632,radial,0.21458315145562587,1.837822697884415e-08,1.994435960610514e-10,-0.004930642014895229,radial_01.json
54.27864018157967,0.1541546469250314,0.02452981540648375,341.43415868389894,0.02350927023887127,341.4009838020173,341.6449794489588,0.7469610311627218,radial,0.21518387195580657,1.8370356338392544e-08,1.9919720516888337e-10,-0.004931473999620937,radial_01.json
54.77864018157967,0.1514283022409424,0.02450037816587917,341.4395563739152,0.023467094662930673,341.40151306674977,341.66366580829435,0.7317387680883718,radial,0.2176499967140103,1.8359299683232705e-08,1.9823139666757097e-10,-0.004932249517210334,radial_02.json
55.27864018157967,0.14870619403792923,0.024471086707070416,341.4455071063359,0.023425159845907238,341.40227098517863,341.68295063789554,0.7165475974616184,radial,0.22011750821410656,1.833077107274442e-08,1.9724969618563814e-10,-0.0049350230012388295,radial_02.json
55.52864018157967,0.14734696872818215,0.024456478369972137,341.44872780841547,0.023404240784188266,341.4028096823553,341.6928587850517,0.7089652893317746,radial,0.22135191305964053,1.830614077831986e-08,1.9674609707487306e-10,-0.004937619382293602,radial_02.json
55.90364018157967,0.14530938046421354,0.024434644594628553,341.45371022334245,0.023373078695205763,341.40332767905517,341.70782634862854,0.6976017846058717,radial,0.22320379087566208,1.8294920074977428e-08,1.9603919884340834e-10,-0.004938340843300857,radial_02.json
56.15364018157967,0.14395246289671965,0.024420125016252753,341.4572264793591,0.023352322746405526,341.403809365926,341.71802116673933,0.6900369725962154,radial,0.22443886306390848,1.8275059945540856e-08,1.9555068829579063e-10,-0.00494028875318434,radial_02.json
56.52864018157967,0.14191864164371887,0.024398423772893685,341.4626910676592,0.023321340589762207,341.4043519268335,341.73349576370896,0.6787018800230004,radial,0.22629182597932382,1.8261097164944504e-08,1.9484923164336002e-10,-0.004941234441851602,radial_02.json
56.77864018157967,0.1405643346452547,0.024383992240126367,341.46654111229515,0.02330068754967838,341.4048576990082,341.74403953006066,0.671156728479275,radial,0.22752764378388912,1.823990062072721e-08,1.943648837283931e-10,-0.0049432712185195436,radial_02.json
57.15364018157967,0.13853459267069967,0.0243624223643038,341.4725255999115,0.023269826767645496,341.40543547134826,341.76006510376766,0.659852327649941,radial,0.22938174945050885,1.8224470494877358e-08,1.9366971951878714e-10,-0.004944281778612417,radial_02.json
57.40364018157967,0.13718309736948117,0.024348078160176298,341.47673360317975,0.023249232590047967,341.4059731276801,341.77098453404597,0.6523283052995348,radial,0.23061834797952827,1.820203248714716e-08,1.9318873531075811e-10,-0.004946394116407631,radial_02.json
57.77864018157967,0.13515775141184544,0.024326638766163682,341.4832762772755,0.023218425073533576,341.40659641129616,341.7876005614568,0.6410568961006953,radial,0.23247365435318945,1.8184999920992704e-08,1.9249815987656328e-10,-0.004947483664333886,radial_02.json
58.02864018157967,0.13380928445808798,0.02431238138218862,341.48786852255375,0.02319784426670687,341.40717311602697,341.7989221725019,0.6335555720847984,radial,0.23371107410482622,1.8161246493436918e-08,1.9201943515668268e-10,-0.004949679006973276,radial_02.json
58.40364018157967,0.13178867535247243,0.02429107189147957,341.49501097570055,0.02316702363661069,341.40785117924645,341.81616892473295,0.6223196163558524,radial,0.23556764746395628,1.814246908658994e-08,1.9133179417462994e-10,-0.004950862292615432,radial_02.json
58.65364018157967,0.13044346584159316,0.02427690101177976,341.50001545983895,0.02314641380769895,341.40847270066183,341.82791944273697,0.614842645970049,radial,0.23680593293673502,1.811737502675641e-08,1.9085438919417304e-10,-0.00495314189165479,radial_02.json
59.02864018157967,0.12842794677423766,0.024255721101686556,341.5078009922841,0.023115521404381632,341.4092121465906,341.8458371053851,0.6036446969635036,radial,0.23866384277562017,1.809676709434227e-08,1.9016832545591436e-10,-0.004954426239095603,radial_02.json
59.27864018157967,0.12708622650313392,0.024241636558514964,341.5132460877428,0.023094847434268723,341.4098812563078,341.8580424752055,0.5961937610243744,radial,0.23990303825168266,1.807038170338157e-08,1.8969160233340714e-10,-0.00495678190493963,radial_02.json
59.65364018157967,0.12507614455191216,0.02422058606996234,341.5217171554935,0.023063839946503326,341.41068290550396,341.87666894633276,0.5850363459876765,radial,0.24176234933309898,1.804794878951757e-08,1.8900628463108504e-10,-0.004958162886429973,radial_02.json
59.90364018157967,0.12373813308582797,0.02420658776823326,341.5276295367528,0.023043079945781638,341.4113965041438,341.88935241541213,0.5776130543978434,radial,0.24300249248659436,1.8020431260069264e-08,1.8853009593639932e-10,-0.0049605726148688484,radial_02.json
60.27864018157967,0.12173380065703411,0.02418566655588598,341.53682377422876,0.023011940734877136,341.4122501361674,341.90871953902354,0.5664984886281892,radial,0.24486325269312556,1.7996325477893854e-08,1.8784555966329533e-10,-0.004962027217405217,radial_02.json
60.52864018157967,0.12039968301363456,0.024171754353039917,341.5432253015777,0.022991094726418533,341.41299483843346,341.921898689426,0.5591042340815426,radial,0.24610436513193337,1.7967988986016607e-08,1.8737050939622308e-10,-0.004964449756366538,radial_02.json
60.90364018157967,0.11840133878152868,0.024150962053375056,341.5531700532265,0.022959849064930118,341.4138720630221,341.94202720177714,0.5480343642534671,radial,0.24796658893428208,1.7942559179409525e-08,1.8668807513942123e-10,-0.004965930143945497,radial_02.json
61.21355100224768,0.11675267502314839,0.02413383183118024,341.56174665562804,0.022933963330591535,341.414720737846,341.9590149628327,0.5389068754801312,radial,0.24950631073569532,1.7911860772561662e-08,1.861108052735591e-10,-0.004968273772925621,radial_02.json
61.46355100224768,0.11542459572517329,0.02412004763905223,341.56890243707556,0.02291307723900329,341.41541290057677,341.9729487316126,0.5315578437770546,radial,0.25074885435381233,1.788666413092391e-08,1.8564645063398183e-10,-0.004970174474059952,radial_03.json
61.65105100224768,0.11442964900284856,0.024109728917547982,341.5744109958235,0.022897408699114892,341.4159446175579,341.983536058774,0.5260543757544194,radial,0.2516810494411431,1.7866681984453437e-08,1.852976737906542e-10,-0.0049717071331528495,radial_03.json
61.93230100224768,0.11293889162436259,0.024094292941878984,341.582872705439,0.022873978194054775,341.41655527933096,341.99963143007693,0.5178119564380401,radial,0.2530796302198079,1.7846776716817867e-08,1.8479358330034227e-10,-0.004972731660152813,radial_03.json
62.03776975224768,0.11238042047097942,0.024088510890864685,341.5861201236979,0.022865144369679256,341.4169266011326,342.0057344510739,0.5147251277571587,radial,0.25360427285309917,1.7828807684661005e-08,1.8458800361588195e-10,-0.004974389412094906,radial_03.json
62.11687131474768,0.11196177347227652,0.024084177785602835,341.58858207558666,0.02285854832245587,341.4171481302516,342.0103320097829,0.5124115692083056,radial,0.25399780738759065,1.7820023546824725e-08,1.8444187578719216e-10,-0.004975053868194238,radial_03.json
62.23552365849768,0.11133412486929571,0.02407768559912374,341.59231403546505,0.0228486803649454,341.417408585441,342.0172722771208,0.5089437360288395,radial,0.25458816769273684,1.781088907665253e-08,1.842298576294884e-10,-0.004975546934135879,radial_03.json
62.32451291631018,0.11086363819465364,0.02407282076488357,341.59514454812586,0.022841269496949382,341.4176332142876,342.0225107661957,0.5063447332173177,radial,0.2550309985941447,1.7801438436074206e-08,1.840669497649936e-10,-0.004976228730305726,radial_03.json
62.39125485966955,0.11051091312728227,0.02406917455545126,341.59728510562326,0.022835714999696236,341.417800325314,342.0264562519551,0.5043965346746003,radial,0.2553631554447636,1.7794378771574427e-08,1.839450543311924e-10,-0.004976733278986472,radial_03.json
62.491367774708614,0.10998204287503996,0.024063710503426053,341.6005219033625,0.02282740956550554,341.41799544375135,342.0324017737266,0.5014759367115293,radial,0.2558614256951417,1.7787068853287995e-08,1.8376807718059738e-10,-0.004977082629129115,radial_03.json
62.56645246098791,0.10958555965572346,0.024059615494752665,341.60297070721566,0.022821174407215684,341.41816463932196,342.0368831188189,0.4992867630959284,radial,0.2562351671932321,1.7779469327945975e-08,1.8363218792542728e-10,-0.004977599516160351,radial_03.json
62.622765975697384,0.10928829397518025,0.024056545941809143,341.6048194425105,0.022816501429545583,341.4182912386701,342.0402553307888,0.4976456127830779,radial,0.2565154955960709,1.7773685549935955e-08,1.835303310479768e-10,-0.004977995145338105,radial_03.json
62.66500111172949,0.10906540013112292,0.024054244735595212,341.60621295767436,0.022812998376335974,341.4183859389304,342.0427910669444,0.4964151681345401,radial,0.25672575478657117,1.7769267716125707e-08,1.8345391938552522e-10,-0.004978300302852944,radial_03.json
62.728353815777645,0.10873114927218906,0.024050795021408174,341.60831398771643,0.02280775902026784,341.4184979656205,342.046605289247,0.49457020549699476,radial,0.25704115807490363,1.7764489404838447e-08,1.8334256876805343e-10,-0.004978529221005828,radial_03.json
62.752111079795704,0.10860583135408791,0.024049501695177826,341.6091052771653,0.022805783607176697,341.418564009779,342.04804066035433,0.49387853327099734,radial,0.2571594418995969,1.7760782708288047e-08,1.832977001204962e-10,-0.004978848768204569,radial_03.json
62.78774697582279,0.10841788350242137,0.024047562368128425,341.6102957078899,0.02280283938783562,341.4186281820092,342.0501936571791,0.49284125469493595,radial,0.2573368724064288,1.775804026813793e-08,1.8323512389214581e-10,-0.004978982616116127,radial_03.json
62.841200819863424,0.10813602650383616,0.024044654864279272,341.6120890943143,0.022798426337679166,341.41871642712374,342.0534328378172,0.4912858428730957,radial,0.2576030285726292,1.775395989314315e-08,1.8314147594967927e-10,-0.004979177287957206,radial_03.json
62.8812912028939,0.10792468169397287,0.024042475090300726,341.6134400995303,0.022795113171367214,341.41879402001643,342.05586905224266,0.4901196455197102,radial,0.2578026562395425,1.7749933698146097e-08,1.8306975987170117e-10,-0.00497944025034353,radial_03.json
62.94142677743961,0.10760774395316487,0.024039207299747754,341.6154760295176,0.022790158279886067,341.41888500916315,342.0595324351494,0.48837097291483317,radial,0.2581021096200958,1.7745483914568105e-08,1.829650343902602e-10,-0.004979637807042678,radial_03.json
62.98652845834889,0.10737010060837807,0.02403675753206398,341.6170104130917,0.022786438737680038,341.41896608498047,342.0622882842777,0.48705992100003614,radial,0.258326712554436,1.7741007604275285e-08,1.8288476436227812e-10,-0.004979923803544726,radial_03.json
63.05418097971282,0.10701373728050881,0.02403308523886366,341.61932402654475,0.022780876848169925,341.41905982608085,342.0664340286976,0.48509413874523033,radial,0.2586636320810247,1.7735946600387184e-08,1.8276739204927062e-10,-0.004980147373648647,radial_03.json
63.07955067522429,0.1068801291747663,0.024031708482902894,341.62019526780756,0.022778781325941615,341.4191190367097,342.06799360544085,0.4843571744693481,radial,0.25878998471834974,1.773221162044069e-08,1.827204114005805e-10,-0.004980455412546616,radial_03.json
63.098577946857894,0.10677993482349978,0.02403067610811731,341.6208501725941,0.022777214982704477,341.4191551295639,342.0691634077294,0.48380453999040485,radial,0.2588847518975635,1.773013625640191e-08,1.8268640285389743e-10,-0.0049805973782759095,radial_03.json
63.09946985021572,0.10677523855528427,0.024030627718029184,341.620880917668,0.022777133819177883,341.419163885198,342.06922035897054,0.4837786373797296,radial,0.25888919424662404,1.772884534509252e-08,1.826828371509892e-10,-0.004980749997338419,radial_03.json
63.10013877773409,0.10677171630494282,0.024030591425310104,341.6209039697957,0.022777080852126194,341.4191653201687,342.0692609125655,0.48375921016447604,radial,0.25889252598528284,1.7729092845792857e-08,1.8268217140141144e-10,-0.004980715799492803,radial_03.json
63.10114216901164,0.10676643288901899,0.02403053698728461,341.62093854229903,0.02277699986783727,341.4191671499943,342.06932216490037,0.48373006916550493,radial,0.258897523571293,1.772922851647635e-08,1.826807835381817e-10,-0.004980693310601645,radial_03.json
63.10151844074072,0.10676445161308777,0.024030516572651737,341.6209515076444,0.0227769688775189,341.4191681362169,342.0693453057912,0.48371914132987703,radial,0.25889939766688236,1.772918329591059e-08,1.8268010442217879e-10,-0.004980696628323753,radial_03.json
63.10180064453753,0.10676296565630111,0.02403050126165951,341.6209612316568,0.022776945840509242,341.4191687242678,342.0693626049413,0.4837109454589893,radial,0.25890080323812176,1.772918134835594e-08,1.826796478473758e-10,-0.0049806952074610495,radial_03.json
63.102012297385144,0.10676185118914235,0.02403048977841187,341.62096852471336,0.02277692852752145,341.41916916455915,342.06937558909954,0.48370479856107657,radial,0.2589018574164412,1.772917447510959e-08,1.8267929647454265e-10,-0.0049806948036705155,radial_03.json
63.10217103702085,0.10676101533913404,0.02403048116596999,341.62097399454836,0.022776915526467916,341.41916949435273,342.06938533177595,0.48370018839128065,radial,0.25890264805016433,1.7729166813068884e-08,1.8267902880342168e-10,-0.004980694807395272,radial_03.json
63.10229009174763,0.10676038845187556,0.024030474706634556,341.6209780969544,0.022776905767405015,341.41916974167276,342.0693926410992,0.4836967307662408,radial,0.25890324102546536,1.7729159796283574e-08,1.826788259516618e-10,-0.004980694965514125,radial_03.json
63.102468673837805,0.10675944812101815,0.024030465017672597,341.62098425055865,0.022776891193535802,341.4191700637498,342.0694035875042,0.4836915443306943,radial,0.25890413048826566,1.7729159237978873e-08,1.826785381392847e-10,-0.004980693983856295,radial_03.json
63.102502157979714,0.10675927180916223,0.02403046320098292,341.6209854043836,0.022776888343951796,341.4191701865744,342.06940567197466,0.4836905718751655,radial,0.25890429726259945,1.7729141122186953e-08,1.8267845442163216e-10,-0.004980696002305582,radial_03.json
63.102527271086146,0.10675913957528317,0.024030461838465512,341.62098626975387,0.022776886283811745,341.4191702384578,342.0694072142426,0.4836898425336321,radial,0.2589044223433504,1.772913939886433e-08,1.8267841123081167e-10,-0.00498069606539704,radial_03.json
65.25345702945644,0.09552133496446226,0.02391591353267223,341.7042698241825,0.022609359672620812,341.4191636704616,342.21240739339356,0.421875,arrival,0.2696208857997298,1.759140804319382e-08,1.7931135641262634e-10,-0.004982247056034986,event_01.json
65.26345702945645,0.09546702352504864,0.023915377593437155,341.7043726756137,0.02261412431088919,341.4066104679396,342.2114045039877,0.4215738414069748,departure,0.26966985710969427,1.8286755857361133e-08,1.804516696714958e-10,-0.004897130996571889,event_06.json
65.29470702945645,0.09529790310265483,0.02391370394860151,341.70477597314607,0.022612504222926547,341.40657366939683,342.21293868308834,0.4206366036692713,radial,0.269823134851295,1.8221804655384053e-08,1.8032611768890157e-10,-0.004904887552876788,radial_04.json
65.32595702945645,0.09512933472749249,0.023912031381715756,341.70525430279804,0.02261092099508194,341.40654241612697,342.21451254598963,0.4197029386671398,radial,0.26997663381263115,1.8162324577997712e-08,1.802099744700015e-10,-0.004911966709121174,radial_05.json
65.57595702945645,0.09379922243181561,0.023898691004071444,341.7115736242906,0.022599793828019604,341.4062609822741,342.22858732346856,0.412355105443478,radial,0.2712117406056357,1.7914044684865202e-08,1.7966913170268642e-10,-0.004940427172019183,radial_06.json
65.95095702945645,0.09182600105095141,0.023878736926324445,341.7239800252285,0.022584171933961623,341.4059382560411,342.25184330285845,0.4014814313279139,radial,0.2730722015525611,1.7716988309841577e-08,1.791619357085956e-10,-0.004961229191800164,radial_06.json
66.45095702945645,0.08921703003730634,0.02385220193339507,341.7433673554255,0.022563886056459214,341.4055978082102,342.2852272866586,0.3871350016835815,radial,0.2755594412591175,1.7568901314519524e-08,1.786875629206573e-10,-0.004974479413111937,radial_06.json
66.95095702945645,0.08662480827122968,0.023825727492284492,341.76487046308335,0.022543597965867593,341.4053794228276,342.3204932011387,0.3729063070014382,radial,0.27805097700358333,1.745611130033885e-08,1.782798048721894e-10,-0.0049830714889313715,radial_06.json
67.45095702945645,0.08404725474622943,0.02379930914999243,341.7881926768106,0.02252317622758183,341.4052458354951,342.35742002856506,0.3587817729559485,radial,0.28054580559498693,1.7357334856072064e-08,1.779020334843247e-10,-0.0049896571828070176,radial_06.json
67.95095702945645,0.08148385748481057,0.02377294506934246,341.8132554686115,0.022502559685294445,341.40518744416465,342.3959526491108,0.3447583283963095,radial,0.283043577530066,1.7262006086013408e-08,1.775366337028861e-10,-0.004995543870156702,radial_06.json
68.45095702945645,0.07893480861199047,0.023746634518717804,341.84007846626787,0.022481724940278672,341.40519784382707,342.43611264303104,0.33083765132450826,radial,0.2855442327077678,1.7165383539426528e-08,1.771761606555393e-10,-0.005001310355403569,radial_06.json
68.95095702945645,0.07640066536975229,0.023720377273430834,341.86873217893174,0.022460662002002064,341.40527218392515,342.477962745527,0.31702388259802067,radial,0.28804785670745137,1.7065008505991873e-08,1.768172006596727e-10,-0.00500724799936726,radial_06.json
69.45095702945645,0.07388220669120775,0.02369417335842577,341.8993179473183,0.022439365466969466,341.40540672274443,342.521590548768,0.3033226513097545,radial,0.29055461939274924,1.6959388109962172e-08,1.7645807269350205e-10,-0.005013525370596527,radial_06.json
69.95095702945645,0.07138036958975805,0.023668022930609472,341.93195906499744,0.022417831033104237,341.40559867741916,342.5671011292952,0.289740641269268,radial,0.29306474719906467,1.684745783317896e-08,1.760978881045762e-10,-0.005020255612631476,radial_06.json
70.45095702945645,0.06889622140410892,0.023641926223469875,341.96679693306083,0.022396053990578667,341.40584617855217,342.6146139245853,0.2762854006447177,radial,0.29557851055143847,1.672834006053002e-08,1.7573613120725633e-10,-0.005027526704748929,radial_06.json
70.95095702945645,0.06643095791452264,0.023615883534685238,342.0039908549369,0.022374027924668638,341.4061511713668,342.6642626285147,0.262965325930008,radial,0.2980962220361327,1.66011698621055e-08,1.7537236973438085e-10,-0.005035422969388588,radial_06.json
71.45095702945645,0.06398592394791412,0.023589895249583402,342.0437210027544,0.022351743189676924,341.4065260772267,342.7161975013693,0.2497897957347828,radial,0.30061824374645085,1.646494355258293e-08,1.7500601344255395e-10,-0.005044043420635522,radial_06.json
71.95095702945645,0.06156262010125686,0.023563961842444577,342.08618944430486,0.02232918725145008,341.40699255936994,342.7705861753757,0.23676920730273962,radial,0.30314498885116603,1.631861217098477e-08,1.7463646333130311e-10,-0.00505349020943163,radial_06.json
72.16034788231417,0.06055308712257082,0.02355311325310566,342.1046736579861,0.02231952995187784,341.4074556755608,342.79392473699363,0.23135390291185393,radial,0.30420457252108474,1.6233350235727925e-08,1.7444593747909198e-10,-0.005060314989835448,radial_06.json
72.66034788231417,0.05816382718070071,0.02352725934828821,342.15146955909063,0.02229669159174724,341.40786920321545,342.8521505703168,0.2185758314435466,radial,0.3067389803075552,1.60893593351214e-08,1.741010919489779e-10,-0.005068815572939582,radial_07.json
73.16034788231417,0.055800460373201244,0.023501461548288204,342.2015656599439,0.02227341420322176,341.40868663962294,342.91333010042973,0.20598090506544212,radial,0.3092792637746602,1.591499407000201e-08,1.7372328016297816e-10,-0.0050805669342089705,radial_07.json
73.66034788231417,0.05346503443841214,0.02347572060444303,342.255243095205,0.022249802308915496,341.4097129666576,342.97765393157124,0.19358323812220302,radial,0.3118260093917795,1.572683926386524e-08,1.7334040883633222e-10,-0.005093491234239488,radial_07.json
74.16034788231417,0.05115969256103605,0.02345003721750177,342.3127959035652,0.022225835339293988,341.4109645071749,343.0453681704523,0.18139730990618344,radial,0.31437982450723434,1.5524252177591464e-08,1.7295281865259602e-10,-0.005107630230909436,radial_07.json
74.66034788231417,0.04888656910771315,0.02342441186709306,342.3745170544985,0.022201497999369876,341.4123957846673,343.116722872612,0.16943738435510386,radial,0.3169412938921166,1.5307292192317583e-08,1.7256199862959798e-10,-0.005122938769764547,radial_07.json
74.83336427035175,0.048105423418097266,0.02341555396641612,342.39660870652494,0.022192822108710597,341.4134629434845,343.14199157935644,0.16533610151339076,radial,0.31782920342649806,1.5201629836959277e-08,1.723808106376488e-10,-0.005131938913807072,radial_07.json
76.64581628218129,0.040300723052355616,0.023323302008124384,342.674477235835,0.022101632463878515,341.4145044070604,343.45121947926344,0.125,arrival,0.3271967034891706,1.4498900570936006e-08,1.7137774777586846e-10,-0.00516841273674176,event_07.json
76.65581628218129,0.04025678630498509,0.023322791627121628,342.6758941606933,0.022103244193474213,341.4006878910764,343.4523107608842,0.12477111327026445,departure,0.32724801891671934,1.4793579050844294e-08,1.718461690790078e-10,-0.00513154275483802,event_08.json
76.65956628218129,0.040240317604580654,0.02332260024603787,342.67642653154667,0.02210301871102561,341.4006832223527,343.45295999435115,0.1246853285837532,radial,0.3272672649787002,1.4786773309112563e-08,1.7183558068508614e-10,-0.005132283185057978,radial_08.json
76.66519128218128,0.04021562901995828,0.023322313196832225,342.67722701350436,0.02210269142192987,341.400674366031,343.45393093551695,0.12455674313409981,radial,0.3272961392364916,1.4778114257686658e-08,1.718221620942534e-10,-0.005133201438978985,radial_08.json
76.67362878218128,0.040178627688795814,0.02332188267185829,342.6784319334688,0.022102203279712965,341.4006601345068,343.4553871159216,0.12436406489994532,radial,0.327339461825494,1.4765525789778345e-08,1.718026741371257e-10,-0.005134529100043191,radial_08.json
76.67679284468129,0.04016475727567711,0.023321721232889163,342.6788844655838,0.022102015330171313,341.4006555672969,343.45593471268944,0.12429184273470525,radial,0.3273557096433831,1.4760113456258966e-08,1.717942682664802e-10,-0.005135112844100826,radial_09.json
76.68153893843129,0.04014396138907895,0.023321479089491434,342.67956455836384,0.022101741973267336,341.40064818956114,343.4567538171862,0.12418357126049664,radial,0.32738008481092773,1.4753208550789374e-08,1.717835888390705e-10,-0.005135837769977787,radial_09.json
76.68865807905628,0.04011278891386332,0.02332111590739486,342.6805875365879,0.022101333735289552,341.4006367088042,343.4579823778202,0.12402129971957415,radial,0.3274166550755453,1.4743108794639671e-08,1.7176798200438657e-10,-0.005136893136975841,radial_09.json
76.69933678999378,0.04006607656199486,0.023320571205800132,342.68212816349455,0.022100725090162292,341.4006191794964,343.4598251193526,0.12377818740176437,radial,0.32747152667102525,1.472849111548838e-08,1.7174542384740438e-10,-0.005138410045069051,radial_09.json
76.71199303999379,0.04001077728393114,0.02331992573142899,342.68396253890165,0.02210000669877855,341.40059890098286,343.4620096980027,0.1234904590282481,radial,0.32753658175105516,1.4711595333716753e-08,1.7171938004706198e-10,-0.005140154471459679,radial_09.json
76.72464928999379,0.039955539962370744,0.0233192803524452,342.6858051635801,0.02209929116576629,341.40057941602646,343.46419497154574,0.1232031261493921,radial,0.3276016582578818,1.4695112677156924e-08,1.7169400359111176e-10,-0.005141847452938793,radial_09.json
76.7373055399938,0.03990036236322825,0.023318635065250486,342.6876557361079,0.02209857977716242,341.40056047784634,343.46638060235955,0.12291617524054833,radial,0.327666755255473,1.467922436597235e-08,1.7166958241964818e-10,-0.005143466471885582,radial_09.json
76.7499617899938,0.039845242393053704,0.023317989866491785,342.68951397401196,0.02209787227355361,341.40054199762847,343.4685666995621,0.12262959362323131,radial,0.3277318718662248,1.466389299123307e-08,1.7164605724580384e-10,-0.005145016158198557,radial_09.json
76.76261803999381,0.03979017809319231,0.023317344753007258,342.6913796130343,0.02209716840562062,341.40052392694054,343.47075336848803,0.12234336943336616,radial,0.32779700726888933,1.4649082687191048e-08,1.7162337123821753e-10,-0.0051465009512744585,radial_09.json
76.77527428999382,0.03973516763272381,0.023316699721844934,342.6932524061635,0.022096467937263328,341.40050623703877,343.4729407104187,0.12205749157900479,radial,0.3278621606953956,1.4634759473772398e-08,1.716014705829456e-10,-0.0051479250572646134,radial_09.json
76.78793053999382,0.03968020930076919,0.023316054770242768,342.69513212260574,0.022095770646415967,341.4004889084268,343.47512882212544,0.1217719496946026,radial,0.32792733142770314,1.462089141567653e-08,1.7158030472404893e-10,-0.005149292429277103,radial_09.json
76.80058678999383,0.03962530149898351,0.023315409895616746,342.69701854677345,0.022095076324806204,341.4004719265613,343.4773177959403,0.12148673409600559,radial,0.3279925187946767,1.460744857475459e-08,1.715598262874188e-10,-0.005150606773208379,radial_09.json
76.81324303999384,0.03957044273447985,0.02331476509554987,342.6989114773317,0.022094384777171367,341.40045528067327,343.4795077199674,0.12120183573804266,radial,0.3280577221691322,1.459440289540152e-08,1.715399908965992e-10,-0.005151871561906109,radial_09.json
76.82589928999384,0.039515631612919745,0.02331412036778069,342.7008107262649,0.022093695820969737,341.4004389610006,343.4816986781481,0.12091724617281983,radial,0.32812294096495825,1.45817281602556e-08,1.71520757100772e-10,-0.005153090040605676,radial_09.json
76.83855553999385,0.03946086683216471,0.023313475710193616,342.70271611802116,0.022093009285345116,341.40042295918596,343.48389075054723,0.12063295751156047,radial,0.3281881746344708,1.4569399840710984e-08,1.7150208613565124e-10,-0.005154265245438349,radial_09.json
76.85121178999385,0.039406147176524714,0.023312831120809598,342.70462748873626,0.022092325010025532,341.4004072696425,343.4860840136672,0.12034896239015112,radial,0.32825342266601326,1.455739493827267e-08,1.7148394167043211e-10,-0.005155400023082063,radial_09.json
76.86386803999386,0.03935147151076441,0.023312186597776605,342.70654468542256,0.02209164284579942,341.40039188483235,343.4882785402916,0.12006525393259801,radial,0.32831868458145624,1.4545692049326942e-08,1.7146628990913172e-10,-0.005156497022667303,radial_09.json
76.87652428999387,0.03929683877509191,0.023311542139361693,342.7084675652939,0.022090962652680908,341.4003767989559,343.4904744000163,0.11978182572109414,radial,0.3283839599341112,1.4534271103166831e-08,1.714490991738445e-10,-0.005157558728273428,radial_09.json
76.88918053999387,0.03924224798031213,0.023310897743943366,342.7103959951111,0.02209028429961809,341.4003620072869,343.49267165933094,0.11949867176678115,radial,0.3284492483067058,1.4523113318475685e-08,1.7143233983472526e-10,-0.005158587464293681,radial_09.json
76.90183678999388,0.03918769820300043,0.023310253410003666,342.71232985052916,0.022089607664467298,341.40034750375236,343.4948703816185,0.11921578648035983,radial,0.3285145493093763,1.4512201197727746e-08,1.7141598430024438e-10,-0.005159585396092981,radial_09.json
76.91449303999389,0.03913318858150462,0.023309609136122147,342.71426901555793,0.022088932632451937,341.40033328418974,343.49707062760734,0.11893316464824814,radial,0.32857986257799116,1.4501518307701581e-08,1.714000066681317e-10,-0.005160554557240614,radial_09.json
76.92714928999389,0.03907871831185148,0.023308964920969233,342.7162133820096,0.02208825909634674,341.40031934437417,343.4992724553178,0.11865080140771708,radial,0.3286451877724548,1.4491049303313586e-08,1.713843827627125e-10,-0.005161496846517395,radial_09.json
76.9398055399939,0.039024286643852886,0.023308320763299924,342.7181628489706,0.02208758695612314,341.40030567901726,343.50147592016407,0.11836869222318773,radial,0.3287105245750761,1.4480779875909475e-08,1.7136909005228146e-10,-0.005162414034310471,radial_09.json
76.9587899149939,0.038942720235310826,0.023307354646814243,342.7210976880874,0.022086585948668327,341.4002843670587,343.5047835318579,0.11794606422667836,radial,0.328808553474097,1.4466397360165203e-08,1.7134780392521926e-10,-0.005163662170689234,radial_10.json
76.9777742899939,0.03886123618055989,0.023306388652154474,342.7240433962333,0.022085583331475395,341.40026467350975,343.5080963661689,0.11752398044799091,radial,0.3289066065817582,1.4451791314731192e-08,1.7132619721234508e-10,-0.005164937358286612,radial_10.json
76.9967586649939,0.038779832651655285,0.02330542277622639,342.726999728308,0.022084582980858997,341.40024560817926,343.51141338447485,0.11710242991282,radial,0.32900468311913345,1.4437509468690235e-08,1.7130513928106818e-10,-0.0051661715160539,radial_10.json
77.01574303999391,0.038698507984495666,0.023304457016192773,342.7299664612021,0.02208358469317266,341.4002271505959,343.51473472442456,0.11668140260995097,radial,0.32910278237547363,1.4423522763154455e-08,1.7128458455725998e-10,-0.005167368235235247,radial_10.json
77.03472741499391,0.03861726068017547,0.023303491369475484,342.7329433941558,0.022082588262687285,341.4002092822267,343.51806052191904,0.1162608895349147,radial,0.3292009037087981,1.4409801899437756e-08,1.7126448707630868e-10,-0.005168531138085997,radial_10.json
77.05371178999391,0.0385360893904749,0.023302525833732598,342.7359303468034,0.022081593501532295,341.40019198624145,343.52139090544074,0.11584088260316801,radial,0.32929904653984043,1.4396320152306693e-08,1.7124480494445213e-10,-0.00516966352817187,radial_10.json
77.07269616499391,0.038454992904587135,0.02330156040683759,342.73892715738157,0.02208060023817645,341.4001752491652,343.52472599658154,0.11542137456996637,radial,0.3293972103465168,1.438305315059964e-08,1.712254999903021e-10,-0.005170768417529797,radial_10.json
77.09168053999392,0.038373970136367425,0.023300595086858823,342.7419336810037,0.022079608316805867,341.40015905744866,343.52806591029713,0.11500235895252688,radial,0.32949539465860644,1.4369978784636464e-08,1.712065376174668e-10,-0.005171848538081932,radial_10.json
77.11066491499392,0.038293020113469946,0.023299629872042506,342.74494978819314,0.02207861759498253,341.4001434000824,343.53141075567606,0.1145838299644289,radial,0.3295935990532245,1.4357076871246306e-08,1.711878862730732e-10,-0.005172906383183498,radial_10.json
77.12964928999392,0.038212141966855934,0.02329866476079652,342.74797536346307,0.022077627943206283,341.400128265791,343.53476063614215,0.11416578245144525,radial,0.3296918231504441,1.4344329088220189e-08,1.7116951734383118e-10,-0.005173944215692329,radial_10.json
77.14863366499392,0.038131334921824876,0.02329769975167552,342.7510103041045,0.0220766392430266,341.4001136449982,343.53811565009033,0.11374821183725885,radial,0.3297900666095584,1.4331718703971006e-08,1.7115140472720729e-10,-0.005174964101501972,radial_10.json
77.16761803999393,0.038050598289520614,0.023296734843368114,342.75405451903663,0.022075651386465635,341.4000995283791,343.5414758911321,0.11333111407155455,radial,0.3298883291255376,1.4319230493430966e-08,1.711335246982671e-10,-0.00517596791993138,radial_10.json
77.18660241499393,0.03796993145949676,0.023295770034684932,342.7571079278028,0.022074664274706012,341.40008590777546,343.54484144855974,0.11291448558487185,radial,0.3299866104259322,1.4306850549960942e-08,1.7111585561155002e-10,-0.005176957387048082,radial_10.json
77.20558678999393,0.03788933389250896,0.023294805324547342,342.76017045959173,0.022073677817829016,341.4000727740646,343.54821240749436,0.11249832324427304,radial,0.3300849102678629,1.4294566245456305e-08,1.710983778380738e-10,-0.005177934060573371,radial_10.json
77.22457116499393,0.037808805114836294,0.023293840711978212,342.7632420524744,0.022072691932900585,341.40006012075185,343.55158884952897,0.11208262431929354,radial,0.3301832284356577,1.4282365958752904e-08,1.710810733349737e-10,-0.005178899373598659,radial_10.json
77.24355553999393,0.03772834471209535,0.02329287619609281,342.76632265256234,0.022071706544631167,341.4000479398314,343.554970852602,0.1116673864435154,radial,0.3302815647382718,1.4270239166012095e-08,1.710639257891774e-10,-0.0051798546233020005,radial_10.json
77.26253991499394,0.037647952324498975,0.023291911776090603,342.7694122133683,0.022070721583566714,341.4000362249175,343.55835849160206,0.11125260758604974,radial,0.33037991900730934,1.4258176184144613e-08,1.710469202108575e-10,-0.005180801002808013,radial_10.json
77.28152428999394,0.03756762764204582,0.02329094745124811,342.772510695155,0.022069736986190126,341.4000249695487,343.56175183840634,0.11083828602189044,radial,0.33047829109502047,1.4246168183253892e-08,1.7103004295362777e-10,-0.0051817395996017245,radial_10.json
77.30050866499394,0.03748737040021929,0.023289983220911834,342.7756180643516,0.022068752694291396,341.4000141670868,343.56515096213013,0.1104244203055128,radial,0.3305766808725068,1.4234207096342138e-08,1.710132815716172e-10,-0.005182671406720917,radial_10.json
77.31949303999394,0.037407180376428865,0.02328901908449299,342.77873429307385,0.022067768654043748,341.40000381228026,343.56855592946573,0.11001100924937117,radial,0.33067508822824043,1.422228548752272e-08,1.7099662461116932e-10,-0.005183597339111153,radial_10.json
77.33847741499395,0.03732705738612674,0.0232880550414615,342.781859358596,0.022066784816415386,341.39999389885674,343.57196680461806,0.10959805189960005,radial,0.3307735130664455,1.4210396609433171e-08,1.7098006170182968e-10,-0.005184518226456063,radial_10.json
77.35746178999395,0.03724700127994434,0.023287091091340924,342.78499324296484,0.02206580113590579,341.39998442132156,343.5753836497381,0.10918554751886028,radial,0.3308719553059013,1.4198534223148789e-08,1.7096358327160657e-10,-0.005185434835545091,radial_10.json
77.37644616499395,0.03716701194073673,0.02328612723370431,342.78813593259906,0.022064817570655336,341.3999753743243,343.57880652494754,0.10877349556808794,radial,0.330970414878715,1.4186692613215373e-08,1.7094718057096567e-10,-0.005186347868378287,radial_10.json
77.39543053999395,0.037087089281217143,0.02328516346817024,342.79128741797047,0.022063834081720104,341.39996675397117,343.5822354886104,0.10836189569214545,radial,0.3310688917293337,1.4174866484331444e-08,1.7093084550956323e-10,-0.005187257974992427,radial_10.json
77.41441491499396,0.03700723324088017,0.02328419979439814,342.79444769318275,0.022062850633964955,341.39995855379823,343.5856705971128,0.10795074770020227,radial,0.3311673858132628,1.4163051086509411e-08,1.7091457085471037e-10,-0.005188165737870674,radial_10.json
77.43339928999396,0.036927443784598495,0.023283236212085986,342.7976167557863,0.022061867193968177,341.3999507700938,343.58911190553624,0.10754005155797154,radial,0.33126589709648396,1.4151241918753268e-08,1.7089834976237874e-10,-0.005189071708780917,radial_10.json
77.45238366499396,0.03684772090021604,0.02328227272096649,342.80079460644987,0.02206088373128599,341.3999433981098,343.59255946733134,0.10712980737234425,radial,0.3313644255544481,1.4139434906975417e-08,1.708821760592553e-10,-0.005189976386624931,radial_10.json
77.47136803999396,0.03676806459681502,0.023281309320804723,342.8039812487258,0.02205990021760889,341.39993643327875,343.5960133346091,0.10672001538083623,radial,0.3314629711713573,1.4127626284383565e-08,1.7086604405352132e-10,-0.005190880232300429,radial_10.json
77.49035241499396,0.036688474903236436,0.023280346011395284,342.80717668885086,0.022058916626448828,341.3999298718757,343.5994735582793,0.10631067594261989,radial,0.3315615339395483,1.4115812546614443e-08,1.7084994846416961e-10,-0.0051917836742659,radial_10.json
77.50933678999397,0.03660895186631613,0.02327938279256,342.81038093550563,0.022057932933497976,341.39992370936795,343.60294018798237,0.10590178952735846,radial,0.3316601138587551,1.4103990502150458e-08,1.708338845010351e-10,-0.005192687102252976,radial_10.json
77.52832116499397,0.0365294955496623,0.023278419664145407,342.81359399964975,0.022056949115953607,341.39991794172164,343.60641327232685,0.10549335670783408,radial,0.33175871093560155,1.4092157176420221e-08,1.7081784771319356e-10,-0.0051935908791835884,radial_10.json
77.54730553999397,0.036450106032441386,0.023277456626021528,342.81681589435794,0.022055965152506168,341.399912565279,343.6098928589321,0.10508537815248975,radial,0.3318573251830976,1.4080309809852701e-08,1.708018339861338e-10,-0.005194495341398797,radial_10.json
77.56628991499397,0.036370783408090426,0.023276493678079664,342.8200466346445,0.022054981023437423,341.3999075759469,343.61337899443095,0.10467785461729724,radial,0.33195595662010136,1.4068445871573476e-08,1.7078583956357986e-10,-0.00519540079694246,radial_10.json
77.58527428999398,0.0362915277835603,0.02327553082023096,342.8232862373627,0.022053996709954143,341.39990297088036,343.6168717247036,0.10427078694139448,radial,0.3320546052710048,1.4056562964801949e-08,1.7076986089807104e-10,-0.005196307537321264,radial_10.json
77.60425866499398,0.03621233927795616,0.02327456805240422,342.8265347210181,0.02205301219494714,341.39989874591055,343.6203710946809,0.10386417603823281,radial,0.3321532711651665,1.4044658933826899e-08,1.7075389482038151e-10,-0.005197215824182081,radial_10.json
77.62324303999398,0.03613321802196116,0.02327360537454563,342.8297921056923,0.02205202746201136,341.3998948978975,343.623877148664,0.10345802289235946,radial,0.3322519543366736,1.4032731725240157e-08,1.7073793832017508e-10,-0.005198125906570709,radial_10.json
77.64222741499398,0.03605416415682744,0.023272642786616723,342.83305841290536,0.022051042495985544,341.39989142312226,343.62738993019207,0.10305232855295236,radial,0.33235065482392195,1.4020779464438764e-08,1.7072198866711293e-10,-0.005199038011402116,radial_10.json
77.66121178999398,0.035975177833876444,0.023271680288593142,342.8363336655492,0.022050057282322767,341.3998883188249,343.6309094822574,0.10264709413095544,radial,0.3324493726694037,1.4008800365881788e-08,1.7070604326914864e-10,-0.005199952354620671,radial_10.json
77.68019616499399,0.03589625921355223,0.02327071788046413,342.8396178877582,0.02204907180764187,341.39988558140556,343.63443584716424,0.10224232079294227,radial,0.3325481079193204,1.3996792811312925e-08,1.706900997963912e-10,-0.005200869131456328,radial_10.json
77.69918053999399,0.03581740846503426,0.023269755562231476,342.8429111048577,0.022048086059036295,341.3998832081322,343.6379690667592,0.1018380097589651,radial,0.33264686062341847,1.3984755251550403e-08,1.7067415602587551e-10,-0.0052017885286412754,radial_10.json
77.71816491499399,0.03573862576548824,0.023268793333908293,342.84621334326255,0.02204710002452272,341.3998811957692,343.6415091823192,0.10143416229771271,radial,0.3327456308346763,1.3972686270149176e-08,1.7065820994246348e-10,-0.005202710716478286,radial_10.json
77.737149289994,0.03565991129951768,0.02326783119551791,342.84952463040133,0.02204611369279318,341.39987954090935,343.6450562346446,0.10103077972311152,radial,0.33284441860907826,1.3960584547904862e-08,1.7064225968277415e-10,-0.005203635853252883,radial_10.json
77.756133664994,0.03558126525912404,0.023266869147094523,342.852844994715,0.02204512705257824,341.3998782420691,343.64861026427303,0.10062786339450695,radial,0.3329432240055962,1.3948448772878514e-08,1.706263033930006e-10,-0.005204564096428368,radial_10.json
77.775118039994,0.035502687842552956,0.02326590718868071,342.85617446549537,0.022044140094041327,341.3998772952792,343.65217131108,0.10022541470875827,radial,0.3330420470857114,1.3936277837537336e-08,1.7061033954085214e-10,-0.005205495578096801,radial_10.json
77.794102414994,0.035424179254356765,0.02326494532032797,342.8595130728976,0.02204315280725855,341.3998766980541,343.6557394147469,0.09982343510117903,radial,0.333140887913439,1.3924070623353711e-08,1.7059436657505434e-10,-0.005206430431790877,radial_10.json
77.813086789994,0.03534573970498167,0.02326398354209569,342.8628608478832,0.022042165182810866,341.3998764480856,343.6593146146056,0.09942192604288935,radial,0.3332397465551588,1.3911826084985888e-08,1.7057838305842749e-10,-0.005207368781998697,radial_10.json
77.832071164994,0.0352673694103182,0.02326302185405046,342.8662178221598,0.022041177211834483,341.3998765428047,343.6628969496389,0.0990208890379251,radial,0.33333862307942724,1.3899543256779476e-08,1.7056238767847227e-10,-0.005208310743348759,radial_10.json
77.85105553999401,0.03518906859125737,0.023262060256266388,342.86958402811894,0.022040188886014465,341.39987697907713,343.66648645849364,0.0986203256203665,radial,0.33343751755678863,1.3887221252057642e-08,1.705463792462259e-10,-0.005209256420694208,radial_10.json
77.87003991499401,0.03511083747375754,0.023261098748823494,342.87295949884845,0.022039200196938523,341.3998777552369,343.67008317969,0.09822023735514303,radial,0.33353643005980965,1.387485917194547e-08,1.7053035655216248e-10,-0.0052102059204625914,radial_10.json
77.88902428999401,0.035032676288178084,0.023260137331808144,342.87634426804016,0.02203821113702535,341.3998788682988,343.67368715135905,0.09782062583345931,radial,0.33363536066279764,1.3862456235922618e-08,1.7051431857278852e-10,-0.005211159334393885,radial_10.json
77.90800866499401,0.03495458526935958,0.02325917600531242,342.879738370002,0.02203722169858052,341.39988031651586,343.6772984115345,0.09742149267366569,radial,0.33373430944183774,1.3850011649176813e-08,1.704982642609252e-10,-0.005212116756056412,radial_10.json
77.92699303999402,0.034876564655961534,0.023258214769433145,342.88314183956663,0.022036231874737546,341.3998820965411,343.68091699788494,0.09702283951669811,radial,0.3338332764745133,1.3837524734427211e-08,1.7048219275429712e-10,-0.005213078264425451,radial_10.json
77.94597741499402,0.034798614690743614,0.023257253624272823,342.8865547121325,0.022035241658264457,341.39988420687905,343.68454294807907,0.09662466802835495,radial,0.3339322618400258,1.3824994764528909e-08,1.7046610311082022e-10,-0.005214043944729574,radial_10.json
77.96496178999402,0.034720735620220045,0.023256292569938178,342.88997702361655,0.02203425104235698,341.39988664585525,343.68817629956663,0.09622697989695457,radial,0.3340312656190518,1.381242107345119e-08,1.7044999448425125e-10,-0.005215013874624514,radial_10.json
77.98394616499402,0.03464292769409173,0.023255331606540346,342.89340881037407,0.022033260020916913,341.3998894101937,343.6918170894974,0.09582977682944586,radial,0.3341302878935023,1.3799803096161109e-08,1.7043386618724944e-10,-0.005215988119222212,radial_10.json
78.00293053999403,0.03456519116561487,0.02325437073419472,342.89685010925336,0.02203226858737505,341.3998924986171,343.69546535508465,0.0954330605542694,radial,0.33422932874668115,1.3787140202030012e-08,1.7041771742805577e-10,-0.005216966751840637,radial_10.json
78.02191491499403,0.03448752629111079,0.023253409953020433,342.9003009575273,0.022031276735770017,341.3998959088259,343.6991211332944,0.09503683281795074,radial,0.33432838826308,1.3774431847388718e-08,1.704015475517737e-10,-0.005217949834996777,radial_10.json
78.04089928999403,0.034409933329890265,0.02325244926313959,342.9037613928827,0.02203028446022983,341.3998996387126,343.7027844610058,0.09464109538471513,radial,0.33442746652834354,1.3761677502175132e-08,1.7038535592443038e-10,-0.005218937429542557,radial_10.json
78.05988366499403,0.03433241254416132,0.023251488664678823,342.9072314534097,0.022029291754991423,341.39990368639707,343.70645537501497,0.09424585003596606,radial,0.3345265636292352,1.3748876652460337e-08,1.703691419370361e-10,-0.005219929594348091,radial_10.json
78.07886803999403,0.034254964198985764,0.023250528157767375,342.9107111775955,0.022028298614336975,341.3999080504693,343.7101339120622,0.09385109857008551,radial,0.3346256796536192,1.3736028792023569e-08,1.7035290499229872e-10,-0.00522092638734943,radial_10.json
78.09785241499404,0.03417758856186284,0.023249567742537506,342.91420060426657,0.022027305033069756,341.39991272833623,343.7138201086967,0.0934568427995477,radial,0.33472481469028414,1.3723133488704883e-08,1.703366446096672e-10,-0.00522192785727858,radial_10.json
78.11683678999404,0.03410028590285622,0.02324860741912429,342.91769977260805,0.022026311005822006,341.39991771822207,343.71751400148696,0.09306308455198264,radial,0.33482396882899734,1.3710190287640935e-08,1.7032036027215533e-10,-0.0052229340557198335,radial_10.json
78.13582116499404,0.03402305649465213,0.023247647187665477,342.9212087221719,0.022025316527149914,341.39992301921717,343.72121562700556,0.09266982567065202,radial,0.3349231421605314,1.3697198723613335e-08,1.70304051446271e-10,-0.0052239450355687795,radial_10.json
78.15480553999404,0.03394590061206125,0.02324668704830164,342.9247274928077,0.02202432159222838,341.3999286288805,343.7249250216246,0.09227706801095871,radial,0.33502233477645343,1.3684158419904481e-08,1.702877177380245e-10,-0.005224960838711671,radial_10.json
78.17378991499405,0.03386881853219568,0.02324572700117557,342.9282561246882,0.022023326196003255,341.3999345456822,343.728642221772,0.09188481344183165,radial,0.33512154676919914,1.3671068968438382e-08,1.7027135870360313e-10,-0.005225981510961345,radial_10.json
78.19277428999405,0.033791810534445584,0.023244767046432354,342.931794658307,0.02202233033344423,341.3999407685039,343.73236726386784,0.09149306384561587,radial,0.3352207782320681,1.3657929964992118e-08,1.7025497390516986e-10,-0.0052270070976671605,radial_10.json
78.21175866499405,0.03371487690000777,0.023243807184219333,342.9353431344123,0.022021334000106668,341.39994729457715,343.73610018415604,0.0911018211147765,radial,0.3353200292590209,1.3644741089248594e-08,1.7023856303725345e-10,-0.0052280376337360815,radial_10.json
78.23074303999405,0.033638017912332174,0.02324284741468551,342.9389015940702,0.022020337190980576,341.3999541231431,343.739841019055,0.09071108715517835,radial,0.33541929994486713,1.3631501941661077e-08,1.7022212566906833e-10,-0.0052290731639654895,radial_10.json
78.24972741499406,0.033561233856797185,0.023241887737982435,342.94247007862066,0.02201933990145456,341.39996125264236,343.7435898048781,0.09032086388379633,radial,0.33551859038513426,1.3618212180050576e-08,1.7020566146037698e-10,-0.00523011372601505,radial_10.json
78.26871178999406,0.03348452502077232,0.02324092815426363,342.94604862968515,0.022018342126836964,341.39996868204696,343.74734657797984,0.08993115322921084,radial,0.33561790067608854,1.3604871451407477e-08,1.7018917005382344e-10,-0.005231159358906873,radial_10.json
78.28769616499406,0.033407891693284876,0.023239968663683556,342.9496372891215,0.02201734386284511,341.3999764091723,343.751111374612,0.08954195712929196,radial,0.3357172309145972,1.3591479461704482e-08,1.7017265118513727e-10,-0.005232210094321268,radial_10.json
78.30668053999406,0.03333133416512999,0.02323900926639909,342.9532360990392,0.022016345105055176,341.399984432338,343.7548842310918,0.0891532775320567,radial,0.3358165811981778,1.357803589728666e-08,1.7015610455907006e-10,-0.005233265966395838,radial_10.json
78.32566491499406,0.0332548527290726,0.02323804996256844,342.9568451018288,0.022015345848782182,341.3999927510665,343.7586651838448,0.08876511639713563,radial,0.335915951625078,1.3564540408994385e-08,1.7013952982431415e-10,-0.005234327013704561,radial_10.json
78.34464928999407,0.0331784476794829,0.02323709075235162,342.96046434011055,0.022014346089792563,341.40000136371606,343.76245426919724,0.08837747569320006,radial,0.33601534229412733,1.3550992711878741e-08,1.701229267310328e-10,-0.005235393266823826,radial_10.json
78.36363366499407,0.03310211931233803,0.023236131635910012,342.96409385673536,0.0220133458238471,341.40001026868674,343.7662515235124,0.08799035739800844,radial,0.3361147533047343,1.3537392521136893e-08,1.7010629502974142e-10,-0.005236464756319395,radial_10.json
78.38261803999407,0.033025867925359505,0.023235172613406258,342.9677336948042,0.022012345046525397,341.400019465185,343.7700569832483,0.08760376349945241,radial,0.33621418475694825,1.3523739527267745e-08,1.7008963443198475e-10,-0.0052375415158442615,radial_10.json
78.40160241499407,0.03294969381780287,0.023234213685005015,342.9713838976396,0.022011343753668172,341.4000289517514,343.7738706848312,0.08721769599404919,radial,0.3363136367513679,1.3510033458208293e-08,1.7007294470864065e-10,-0.00523862357438862,radial_10.json
78.42058678999408,0.03287359729044895,0.023233254850871222,342.9750445087835,0.022010341941119844,341.40003872697156,343.77769266473155,0.08683215688693012,radial,0.3364131093891372,1.349627404356688e-08,1.7005622563331664e-10,-0.005239710960740057,radial_10.json
78.44906335249408,0.03275962015559189,0.02323181679984148,342.98055775430134,0.022008844689718816,341.40004658972987,343.7834419958531,0.08625499694456135,radial,0.33656236181062116,1.3476450680207724e-08,1.7003255764200708e-10,-0.005241237297757715,radial_11.json
78.47753991499408,0.0326458181816864,0.02323037895978385,342.986094501415,0.022007340828098475,341.4000623043898,343.78921172814984,0.08567902814814107,radial,0.33671166076306724,1.3455739965478212e-08,1.7000761267622173e-10,-0.005242871306873601,radial_11.json
78.50601647749409,0.03253219299230715,0.023228941332201807,342.99165498561143,0.02200583526794704,341.4000786537362,343.7950005745567,0.08510426214109686,radial,0.3368610068420146,1.3434837282213258e-08,1.699824899455662e-10,-0.005244526229255662,radial_11.json
78.53449303999409,0.03241874586745661,0.02322750391805025,342.9972393924597,0.022004328288433798,341.4000956388807,343.80080857646766,0.08453070778697809,radial,0.33701040049822806,1.3413783253795477e-08,1.6995725430656669e-10,-0.005246196981009626,radial_11.json
78.56296960249409,0.03230547795523333,0.02322606671806987,343.0028478883495,0.022002819992003438,341.4001132608533,343.80663582350945,0.08395837286700174,radial,0.33715984212660893,1.3392593476248401e-08,1.6993193106419688e-10,-0.005247881600321596,radial_11.json
78.5914461649941,0.0321923903537641,0.023224629732917453,343.0084806323997,0.022001310412683973,341.4001315153117,343.8124824243457,0.0833872647396075,radial,0.33730933210060604,1.337127385815549e-08,1.6990653021727513e-10,-0.005249579333911937,radial_11.json
78.6199227274941,0.032079484145585375,0.023223192963218665,343.0141377814555,0.021999799555764404,341.40015040043346,343.81834849608134,0.08281739061643821,radial,0.33745887078666037,1.3349826242941233e-08,1.6988105534457533e-10,-0.005251289935648619,radial_11.json
78.6483992899941,0.03196676041084246,0.023221756409590195,343.0198194920128,0.02199828741547877,341.4001699136434,343.824234159486,0.08224875766945307,radial,0.3376084585497485,1.3328250913262894e-08,1.698555075624844e-10,-0.00525301335409331,radial_11.json
78.6768758524941,0.03185422023253697,0.023220320072647377,343.0255259209863,0.021996773981647417,341.4001900515773,343.83013953720365,0.0816813730740893,radial,0.33775809575558235,1.3306547531470901e-08,1.698298870110982e-10,-0.005254749615159363,radial_11.json
78.70535241499411,0.03174186469911769,0.023218883953008727,343.03125722608945,0.021995259241886885,341.4002108122275,343.83606475317,0.08111524403036006,radial,0.3379077827717022,1.3284715453442617e-08,1.6980419335014497e-10,-0.005256498782954581,radial_11.json
78.73382897749411,0.03162969490484554,0.023217448051296195,343.0370135658938,0.021993743183474433,341.4002321921134,343.84200993207986,0.08055037776680679,radial,0.33805751996762445,1.3262753991964315e-08,1.6977842617496407e-10,-0.0052582609269123245,radial_11.json
78.76230553999412,0.031517711950576066,0.023216012368135808,343.04279509994353,0.021992225792995403,341.40025418939194,343.8479751995015,0.07998678154674128,radial,0.33820730771517044,1.3240662367319741e-08,1.6975258493845985e-10,-0.005260036127962259,radial_11.json
78.79078210249412,0.03140591694386469,0.023214576904158808,343.04860198877475,0.021990707056911276,341.40027680271254,343.85396068171156,0.07942446266935937,radial,0.3383571463885083,1.3218439787311355e-08,1.6972666907753448e-10,-0.005261824468543041,radial_11.json
78.81925866499412,0.03129431099838149,0.023213141660000377,343.0544343938349,0.02198918696213541,341.400300028872,343.8599665055116,0.07886342846590755,radial,0.3385070363639075,1.3196085528987056e-08,1.697006781418957e-10,-0.005263626022400286,radial_11.json
78.84773522749413,0.031182895234573228,0.023211706636299914,343.0602924775786,0.02198766549499122,341.4003238670514,343.86599279854255,0.07830368630449491,radial,0.3386569780200131,1.3173598791070012e-08,1.6967461156125554e-10,-0.005265440873012064,radial_11.json
78.87621178999413,0.031071670778905148,0.023210271833700998,343.0661764033635,0.021986142642398336,341.4003483141477,343.872039688923,0.07774524358488127,radial,0.33880697173752844,1.3150978861934374e-08,1.6964846891020447e-10,-0.005267269092615919,radial_11.json
78.90468835249413,0.030960638764777927,0.023208837252851753,343.0720863355806,0.02198461839047145,341.40037337043134,343.8781073056744,0.07718810774495602,radial,0.33895701789959803,1.312822492150868e-08,1.696222495957764e-10,-0.005269110766946741,radial_11.json
78.93316491499414,0.03084980033164312,0.023207402894404334,343.07802243953137,0.021983092726030516,341.4003990335552,343.8841957782662,0.07663228625456997,radial,0.339107116891434,1.3105336254386892e-08,1.6959595319370362e-10,-0.005270965968622619,radial_11.json
78.96164147749414,0.030739156625338836,0.02320596875901474,343.0839848814774,0.02198156563557361,341.4004253022851,343.89030523691906,0.0760777866179162,radial,0.33925726910045645,1.3082312105463089e-08,1.6956957922040456e-10,-0.005272834775176104,radial_11.json
78.99011803999414,0.030628708798243923,0.023204534847343153,343.08997382866323,0.021980037105432376,341.40045217620457,343.89643581256706,0.07552461637459545,radial,0.33940747491635687,1.3059151701324597e-08,1.6954312716698597e-10,-0.005274717266382223,radial_11.json
79.01859460249415,0.030518458008931586,0.023203101160054165,343.0959894492691,0.021978507122192466,341.4004796538479,343.90258763673097,0.07497278309716832,radial,0.3395577347309522,1.3035854309605569e-08,1.6951659659277875e-10,-0.0052766135168443515,radial_11.json
79.04707116499415,0.030408405422561856,0.023201667697815877,343.1020319124676,0.021976975672068643,341.400507735247,343.90876084170856,0.07442229439386724,radial,0.3397080489383468,1.3012419151458056e-08,1.6948998698726338e-10,-0.00527852360692946,radial_11.json
79.07554772749415,0.0302985522104172,0.023200234461300106,343.1081013883598,0.021975442741629277,341.40053641889847,343.91495556036057,0.07387315790531218,radial,0.339858417934738,1.2988845503001731e-08,1.6946329793010125e-10,-0.00528044761009272,radial_11.json
79.10402428999416,0.030188899550386717,0.02319880145118337,343.1141980480447,0.021973908316994785,341.40056570505556,343.92117192635476,0.07332538130783683,radial,0.34000884211861576,1.2965132583058371e-08,1.6943652891409579e-10,-0.005282385606905412,radial_11.json
79.13250085249416,0.030079448626774658,0.023197368668145705,343.1203220635939,0.021972372384406802,341.40059559351073,343.92741007400207,0.07277897231207854,radial,0.3401593218906846,1.2941279633100183e-08,1.694096794712942e-10,-0.005284337675064654,radial_11.json
79.16097741499416,0.029970200630321145,0.023195936112871195,343.1264736080555,0.02197083493004941,341.40062608420027,343.9336701383138,0.07223393866305246,radial,0.3403098576538675,1.2917285892173546e-08,1.6938274913346202e-10,-0.0052863038925267634,radial_11.json
79.18945397749417,0.029861156758262657,0.023194503786048544,343.1326528554639,0.021969295940017328,341.40065717737286,343.9399522550164,0.07169028814050027,radial,0.3404604498133328,1.2893150592187638e-08,1.693557374247029e-10,-0.005288284338096183,radial_11.json
79.21793053999417,0.029752318214076614,0.02319307168836881,343.13885998080485,0.021967755400574638,341.4006888723129,343.9462565604749,0.07114802855704391,radial,0.34061109877638257,1.2868872995201777e-08,1.693286439201495e-10,-0.005290279086764342,radial_11.json
79.24640710249417,0.0296436862080918,0.023191639820528662,343.14509516010384,0.02196621329743508,341.4007211706544,343.95258319192106,0.07060716776232068,radial,0.34076180495271163,1.2844452291101316e-08,1.6930146808484562e-10,-0.0052922882225009725,radial_11.json
79.27488366499418,0.029535261957148253,0.023190208183228273,343.15135857037814,0.02196466961655335,341.40075407334433,343.9589322872217,0.07006771364058403,radial,0.3409125687542612,1.2819887710035935e-08,1.6927420945092163e-10,-0.005294311824197379,radial_11.json
79.30336022749418,0.029427046685517003,0.02318877677717323,343.1576503897733,0.021963124343069587,341.400787587343,343.96530398521065,0.06952967411736186,radial,0.3410633905956034,1.2795178373415749e-08,1.6924686738289169e-10,-0.005296349984296789,radial_11.json
79.33183678999418,0.02931904162628922,0.02318734560307722,343.1639707977606,0.021961577460907614,341.4008217268573,343.97169842584304,0.06899305716859608,radial,0.34121427089452944,1.2770323238274082e-08,1.6921944099010177e-10,-0.005298402815754099,radial_11.json
79.36031335249419,0.029211248021806656,0.023185914661661,343.1703199751975,0.021960028953580634,341.40085651011316,343.9781157499832,0.06845787082313529,radial,0.34136521007222415,1.2745321210904117e-08,1.6919192930614643e-10,-0.005300470437826548,radial_11.json
79.38878991499419,0.029103667122673853,0.023184483953652732,343.1766981041898,0.021958478805378105,341.40089195355154,343.98455609905005,0.06792412315566172,radial,0.34151620855285253,1.2720171314346643e-08,1.691643315526502e-10,-0.005302552955125364,radial_11.json
79.4172664774942,0.028996300188086955,0.023183053479787268,343.1831053681383,0.021956927000262562,341.4009280762801,343.9910196153537,0.06739182228876361,radial,0.3416672667636959,1.269487253266797e-08,1.6913664689399187e-10,-0.0053046504770907724,radial_11.json
79.4457430399942,0.028889148485125294,0.02318162324080593,343.1895419516409,0.021955373522743807,341.40096489591787,343.99750644183786,0.06686097638793079,radial,0.3418183851348517,1.2669423933826448e-08,1.6910887463090467e-10,-0.005306763102621375,radial_11.json
79.4742196024942,0.028782213289257265,0.023180193237456022,343.1960080405646,0.02195381835685274,341.4010024331088,344.0040167223965,0.06633159366491691,radial,0.34196956409944707,1.2643824525857472e-08,1.690810139739345e-10,-0.005308890938064035,radial_11.json
79.5026961649942,0.028675495883926722,0.023178763470490714,343.20250382198924,0.021952261486918503,341.40104070808127,344.01055060165135,0.06580368237478382,radial,0.34212080409345885,1.2618073365863654e-08,1.690530642151455e-10,-0.005311034083577253,radial_11.json
79.53117272749421,0.028568997560358,0.023177333940669623,343.20902948418063,0.021950702897381654,341.4010797411595,344.01710822501065,0.06527725081447941,radial,0.3422721055556346,1.2592169533834204e-08,1.6902502468697674e-10,-0.005313192636404987,radial_11.json
79.55964928999421,0.02846271961786952,0.02317590464875782,343.2155852166367,0.02194914257236869,341.40111955485673,344.023689738808,0.0647523073248808,radial,0.3424234689276218,1.256611207273443e-08,1.6899689466787177e-10,-0.005315366698373115,radial_11.json
79.58812585249422,0.028356663363498378,0.023174475595526482,343.2221712100357,0.021947580496269024,341.4011601711789,344.0302952901374,0.06422886028811012,radial,0.3425748946538067,1.253990006994059e-08,1.6896867351054039e-10,-0.005317556365697176,radial_11.json
79.61660241499422,0.028250830112320074,0.023173046781752474,343.22878765628246,0.0219460166531506,341.4012016143778,344.03692502703655,0.0637069181296145,radial,0.34272638318144993,1.251353257498599e-08,1.6894036051254439e-10,-0.0053197617392763945,radial_11.json
79.64507897749422,0.02814522118720783,0.023171618208217393,343.2354347484764,0.021944451027230662,341.4012439088137,344.0435790983553,0.06318648931640337,radial,0.3428779349605822,1.2487008665818044e-08,1.689119550206391e-10,-0.005321982916399612,radial_11.json
79.67355553999423,0.028039837918880775,0.023170189875709582,343.2421126809185,0.021942883602633308,341.40128708002067,344.0502576538342,0.0626675823572464,radial,0.34302955044402267,1.2460327414894016e-08,1.688834563774139e-10,-0.005324219994988675,radial_11.json
79.70203210249423,0.027934681645924483,0.023168761785022148,343.24882164911673,0.021941314363410593,341.40133115469445,344.05696084410744,0.06215020580269933,radial,0.34318123008738577,1.2433487892054672e-08,1.6885486392582088e-10,-0.005326473073238334,radial_11.json
79.73050866499423,0.02782975371463124,0.02316733393695411,343.2555618497637,0.02193974329369394,341.4013761599059,344.063688820663,0.06163436824388411,radial,0.34333297434901544,1.2406489186006136e-08,1.6882617704304496e-10,-0.005328742246925706,radial_11.json
79.75898522749424,0.027725055479251758,0.023165906332309357,343.26233348077443,0.021938170377349638,341.40142212487865,344.07044173595614,0.06112007831405989,radial,0.3434847836900855,1.23793303557972e-08,1.6879739506428042e-10,-0.005331027615485645,radial_11.json
79.78746178999424,0.027620588301928522,0.023164478971897568,343.26913674127724,0.02193659559824288,341.4014690798425,344.07721974333793,0.06060734468802914,radial,0.34363665857457193,1.2352010468311121e-08,1.6876851734153912e-10,-0.005333329277316166,radial_11.json
79.81593835249424,0.0275163535524369,0.02316305185653436,343.27597183157906,0.021935018940402867,341.40151705507225,344.0840229970113,0.060096176080245846,radial,0.34378859946914336,1.232452862103935e-08,1.6873954327974422e-10,-0.00533564732692441,radial_11.json
79.84441491499425,0.027412352608525835,0.023161624987039012,343.2828389532147,0.021933440387512517,341.40156608347365,344.0908516521905,0.059586581246968036,radial,0.343940606843299,1.2296883871266838e-08,1.6871047222513457e-10,-0.005337981863797032,radial_11.json
79.87289147749425,0.027308586855820893,0.02316019836424801,343.2897383089346,0.021931859923266434,341.40161619897356,344.09770586500446,0.05907856898547275,radial,0.3440926811693444,1.2269075287528708e-08,1.6868130354608072e-10,-0.0053403329859543994,radial_11.json
79.90136803999425,0.027205057687744727,0.02315877198898208,343.29667010269344,0.021930277531427733,341.40166743647956,344.1045857924883,0.05857214813332095,radial,0.3442448229223114,1.2241101948138042e-08,1.6865203663245968e-10,-0.005342700790132456,radial_11.json
79.92984460249426,0.02710176650574761,0.023157345862077478,343.3036345396861,0.021928693195418226,341.40171983339667,344.11149159270553,0.05806732756979919,radial,0.34439703258010007,1.2212962903749047e-08,1.6862267083328473e-10,-0.005345085376477583,radial_11.json
79.95832116499426,0.026998714718881815,0.023155919984375346,343.31063182628725,0.02192710689901689,341.4017734267077,344.11842342455276,0.05756411621287447,radial,0.3445493106232783,1.2184657255586111e-08,1.6859320558329604e-10,-0.005347486838738938,radial_11.json
79.98679772749426,0.026895903744370266,0.023154494356722496,343.31766217013325,0.021925518625452167,341.40182825741203,344.1253814480364,0.05706252302286112,radial,0.3447016575353238,1.2156184037513897e-08,1.6856364021580557e-10,-0.005349905279049655,radial_11.json
80.01527428999427,0.0267933350071758,0.023153068979970486,343.32472578006286,0.021923928358253943,341.40188436634645,344.1323658240255,0.05656255699936088,radial,0.3448540738024374,1.2127542334397504e-08,1.68533974149135e-10,-0.0053523407930920605,radial_11.json
80.04375085249427,0.026691009940248537,0.023151643854976273,343.33182286615266,0.021922336080683082,341.4019417970646,344.1393767144267,0.05606422718274817,radial,0.34500655991364615,1.2098731201922393e-08,1.6850420676056737e-10,-0.005354793480147461,radial_11.json
80.07222741499427,0.026588929984380023,0.02315021898260183,343.33895363969845,0.021920741776063006,341.4020005942584,344.1464142820942,0.05556754265303341,radial,0.34515911636074514,1.2069749712756294e-08,1.6847433745908506e-10,-0.0053572634373089695,radial_11.json
80.10070397749428,0.026487096588516116,0.0231487943637145,343.34611831326004,0.021919145427390006,341.40206080594857,344.15347869095353,0.055072512531770826,radial,0.34531174363842065,1.2040596902904635e-08,1.6844436560079125e-10,-0.005359750766207845,radial_11.json
80.12918053999428,0.026385511209300157,0.023147369999186367,343.3533171005982,0.021917547017985747,341.40212248003957,344.16057010581153,0.054579145978837514,radial,0.3454644422440607,1.2011271862149443e-08,1.68414290631413e-10,-0.005362255561672697,radial_11.json
80.15765710249428,0.026284175311586437,0.023145945889894902,343.36055021674844,0.021915946530674416,341.40218566876734,344.16768869261,0.05408745219567718,radial,0.3456172126779685,1.1981773619665946e-08,1.6838411190630648e-10,-0.005364777926073403,radial_11.json
80.18613366499429,0.02618309036805579,0.02314452203672236,343.36781787796764,0.021914343948541012,341.40225042482524,344.1748346182054,0.05359744042255534,radial,0.34577005544319733,1.1952101250068638e-08,1.6835382885727515e-10,-0.005367317956021656,radial_11.json
80.21461022749429,0.026082257859444378,0.02314309844055628,343.37512030176794,0.02191273925441284,341.40231680411125,344.18200805052965,0.053109119939899335,radial,0.34592297104564834,1.1922253800892514e-08,1.6832344087848366e-10,-0.005369875751466536,radial_11.json
80.2430867899943,0.025981679274395722,0.02314167510228896,343.3824577068966,0.021911132431179228,341.40238486415285,344.18920915850146,0.05262250006712492,radial,0.34607595999400353,1.1892230337206447e-08,1.6829294739679267e-10,-0.0053724514100978,radial_11.json
80.2715633524943,0.025881356109705937,0.023140252022817883,343.389830313372,0.021909523461455284,341.4024546660798,344.1964381121337,0.05213759016407523,radial,0.3462290227998281,1.1862029895085391e-08,1.6826234779846805e-10,-0.0053750450331836504,radial_11.json
80.3000399149943,0.025781289870104977,0.023138829203045313,343.39723834245393,0.021907912327976113,341.40252627259554,344.2036950824226,0.05165439962938496,radial,0.3463821599774785,1.1831651536357698e-08,1.6823164151538375e-10,-0.005377656718701452,radial_11.json
80.3285164774943,0.025681482068376043,0.023137406643878432,343.40468201666187,0.02190629901330916,341.40259974956246,344.2109802414382,0.05117293790106334,radial,0.34653537204414936,1.180109430885659e-08,1.6820082796245956e-10,-0.005380286566325292,radial_11.json
80.35699303999431,0.025581934225273165,0.023135984346229366,343.4121615597639,0.02190468350002409,341.4026751652079,344.2182937622802,0.05069321445575882,radial,0.34668865951983685,1.1770357270178078e-08,1.681699065750652e-10,-0.005382934674444654,radial_11.json
80.38546960249431,0.02548264786970625,0.023134562311015083,343.4196771968044,0.021903065770466974,341.40275259158057,344.22563581915296,0.05021523880978198,radial,0.3468420229274149,1.1739439455963875e-08,1.6813887675923788e-10,-0.00538560114414515,radial_11.json
80.41394616499431,0.0253836245383639,0.023133140539157025,343.427229154052,0.021901445807233563,341.4028321018308,344.2330065872271,0.049739020516402305,radial,0.3469954627924765,1.1708339946444238e-08,1.6810773799617096e-10,-0.005388286070855913,radial_11.json
80.44242272749432,0.0252848657763342,0.023131719031581916,343.43481765908797,0.021899823592327592,341.4029137753532,344.2404062429008,0.04926456916975801,radial,0.3471489796435909,1.1677057748535173e-08,1.6807648965703503e-10,-0.005390989559150996,radial_11.json
80.47089928999432,0.025186373136448153,0.023130297789220756,343.44244294071535,0.021898199108236472,341.4029976916892,344.2478349634828,0.04879189440030625,radial,0.3473025740120283,1.164559194663843e-08,1.6804513123995627e-10,-0.005393711703816369,radial_11.json
80.49937585249432,0.025088148179581507,0.023128876813009167,343.450105229002,0.0218965723371224,341.403083935048,344.2552929274359,0.04832100587659705,radial,0.34745624643188233,1.1613941589618083e-08,1.6801366219230934e-10,-0.005396452604041287,radial_11.json
80.52785241499433,0.02499019247461103,0.02312745610388743,343.45780475527556,0.0218949432611169,341.4031725930033,344.2627803142989,0.047851913304772356,radial,0.3476099974400506,1.1582105731499347e-08,1.6798208197487384e-10,-0.005399212358307586,radial_11.json
80.55632897749433,0.024892507598447754,0.023126035662800293,343.4655417521298,0.021893311862248622,341.40326375703563,344.27029730471213,0.04738462642858155,radial,0.3477638275762501,1.1550083422186092e-08,1.6795039004710838e-10,-0.005401991065555992,radial_11.json
80.58480553999433,0.024795095135852305,0.02312461549069677,343.4733164533986,0.021891678122633464,341.4033575214629,344.27784408036547,0.04691915502793394,radial,0.34791773738293247,1.1517873733661088e-08,1.6791858590838328e-10,-0.005404788821894868,radial_11.json
80.61328210249434,0.02469795667955088,0.023123195588530196,343.4811290941747,0.021890042024214074,341.4034539850942,344.28542082407984,0.04645550891944264,radial,0.34807172740533565,1.1485475724090606e-08,1.6788666904155873e-10,-0.0054076057251095525,radial_11.json
80.64175866499434,0.024601093830114044,0.023121775957258273,343.48897991079235,0.021888403548966633,341.40355325023063,344.2930277197527,0.045993697955412347,radial,0.3482257981914281,1.1452888465911891e-08,1.6785463895716483e-10,-0.005410441871133619,radial_11.json
80.67023522749435,0.02450450819584003,0.023120356597842354,343.49686914081246,0.02188676267889008,341.40365542265437,344.3006649523612,0.04553373202282521,radial,0.34837995029185914,1.1420111045516943e-08,1.6782249519284899e-10,-0.005413297354088458,radial_11.json
80.69871178999435,0.02440820139294388,0.023118937511248057,343.50479702305023,0.021885119395751107,341.4037606135458,344.30833270804703,0.045075621044373335,radial,0.3485341842600374,1.1387142526731545e-08,1.6779023725603608e-10,-0.005416172270873061,radial_11.json
80.69895749234576,0.024407370677229992,0.023118925267403903,343.5048654646439,0.021885083716422907,341.4038335206128,344.3084050295258,0.04507166942693942,radial,0.3485355151244207,1.1383843991776302e-08,1.67785223997941e-10,-0.005416576005343197,radial_11.json
80.69932604587288,0.024406124648615943,0.023118906901677092,343.50496813313185,0.021885062604721936,341.4038346134742,344.3085042564316,0.04506574230488902,radial,0.3485375114328735,1.1383439448582456e-08,1.677848414497975e-10,-0.005416610428997197,radial_11.json
80.6996945994,0.024404878666230742,0.023118888535995096,343.5050708080471,0.02188504136609614,341.40383601930847,344.30860352461093,0.045059815493089794,radial,0.34853950775483994,1.1383017108169592e-08,1.677844309790213e-10,-0.005416647089345699,radial_11.json
83.31815922342443,0.01750461454782042,0.022988968892104833,344.48875110177215,0.02172842453291155,341.40763798904925,345.24800137047816,0.015625,arrival,0.36314268440776376,8.872874875962993e-09,1.6706037977155055e-10,-0.005576999787871087,event_09.json
83.32815922342444,0.017478753947215056,0.022988473464344187,344.4926062419086,0.021726688549861893,341.40153641268967,345.2519862176446,0.01551260075749138,departure,0.363198659004656,8.707309080686748e-09,1.6681138641483382e-10,-0.00559745968920422,event_10.json
86.57046289051445,0.012650761442290211,0.022827322199327198,346.20240874547295,0.021507537495795936,341.4041761219536,346.8490182868066,0.001,target,0.38202782717205935,5.013698955401691e-09,1.6734987228193877e-10,-0.005807342587470315,event_11.json
87.41847832638777,0.011920655683827136,0.0227855387176993,346.7290889901952,0.021438368784196065,341.41943260094837,347.32443486387666,0.0001,target,0.387120474941591,2.8988608566745658e-09,1.6589993701970336e-10,-0.006005371546435334,event_12.json
87.80360211015336,0.01165420398483982,0.02276656071778854,346.97752360027556,0.021409426199237858,341.4335802108977,347.54952491537114,1e-05,target,0.38944792776433584,2.3295042531477427e-09,1.659187450346115e-10,-0.0060433889592269585,event_13.json
87.98206279353069,0.011539119645935354,0.02275775655081111,347.0937399078291,0.02139674768424255,341.4472393194849,347.65560307452006,1e-06,target,0.3905270678871982,2.1712959850390793e-09,1.6610820022700134e-10,-0.0060469348342736505,event_14.json
88.06505799157169,0.0114867996885182,0.02275365885252214,347.14792645032253,0.021391029225168272,341.4596774812646,347.7052957656463,1e-07,target,0.39102879626859766,2.1225589950490753e-09,1.6623878901338363e-10,-0.006045270006488281,event_18.json
88.10366173835641,0.011462661483758883,0.02275175207736834,347.1731503660328,0.021388408776011766,341.47064619464027,347.72848493327695,1e-08,target,0.39126210838522635,2.1053333131326404e-09,1.6630885734931558e-10,-0.006043768702804787,event_20.json
88.12161119122932,0.011451474461588215,0.02275086530616192,347.1848819629765,0.0213871988886812,341.4801658736987,347.73928321672577,1e-09,target,0.3913705753833536,2.098498331849247e-09,1.6634345207568438e-10,-0.0060429137263252435,event_21.json
88.12995433998833,0.011446281828895627,0.02275045308198827,347.19033558424366,0.021386638354536695,341.4883644072932,347.74430586116654,1e-10,target,0.39142098871431624,2.0955738475385214e-09,1.6635996588957547e-10,-0.006042482570882538,event_22.json
88.13383137973129,0.011443870328242938,0.022750261513533397,347.19286999103076,0.021386378270960585,341.49539902108785,347.74664061559747,1e-11,target,0.391444414854377,2.0942691074492397e-09,1.6636773307225202e-10,-0.006042274960052355,event_23.json
88.13720069085129,0.011441775439953342,0.022750095025173292,347.195072525787,0.021386154777663563,,347.7486695659662,0.0,projection,0.391464772405811,2.093462122445385e-09,1.6637501743731357e-10,-0.006042051537812397,event_24.json
90.63720069085129,0.01008856918124878,0.022621961331171073,348.7935355115932,0.021218553001508624,,349.3033737517557,0.0,stationary dry,0.40602831576789916,1.8225075781240637e-09,1.7257134810742438e-10,-0.00582541734483542,dry_01.json
93.13720069085129,0.009004689216004462,0.02248940086603884,350.37061500364007,0.021047192423059115,,350.8560763903209,0.0,stationary dry,0.42008451917255096,1.4597770574352e-09,1.785333541794535e-10,-0.005622481361860645,dry_01.json
95.63720069085129,0.00811964643372374,0.022352497487184427,351.91407894624655,0.020874638870273132,,352.37935991526155,0.0,stationary dry,0.4336166305297392,1.1919817598376836e-09,1.8438242051159489e-10,-0.005412844542875471,dry_01.json
98.13720069085129,0.007384946887627398,0.022211433413242106,353.4165115124828,0.020701414926923505,,353.8627848678273,0.0,stationary dry,0.44662144235375884,9.894984462213944e-10,1.8998607352651065e-10,-0.005201924729604911,dry_01.json
100.63720069085129,0.006766372121794333,0.022066451715281443,354.87352514820407,0.02052798248964739,,355.30143958861794,0.0,stationary dry,0.45910384284881733,8.331007864578193e-10,1.9526235673438643e-10,-0.004992960198022816,dry_01.json
103.13720069085129,0.006239256890350216,0.02191783596870403,356.28271840843587,0.020354768232560546,,356.69287067004433,0.0,stationary dry,0.4710738493997634,7.099224509726099e-10,2.001567186252981e-10,-0.004788002620378439,dry_01.json
105.63720069085129,0.005785445309386731,0.02176589644543049,357.64301392512897,0.020182163997154116,,358.0360192666881,0.0,stationary dry,0.4825447532046161,6.11196585905483e-10,2.0463320414115055e-10,-0.004588361521940855,dry_01.json
108.13720069085129,0.005391299709614737,0.02161095983818479,358.9542257809435,0.020010524038206284,,359.33071707530064,0.0,stationary dry,0.4935318972969472,5.308380284587467e-10,2.0866969762935043e-10,-0.004394857636932635,dry_01.json
110.63720069085129,0.005046379828876622,0.02145336133496247,360.2167717388736,0.019840163494474122,,360.57738936501715,0.0,stationary dry,0.5040518518847934,4.645404885229447e-10,2.1225475759973313e-10,-0.004207981835138498,dry_01.json
113.13720069085129,0.004742552486443203,0.021293438416299413,361.43147871537826,0.01967135838392385,,361.7768616795396,0.0,stationary dry,0.5141218488882041,4.0919677282333863e-10,2.1538529644259458e-10,-0.004027998801364431,dry_01.json
115.63720069085129,0.004473380899714298,0.02113152597992695,362.59944920121865,0.0195043467461326,,362.9302285496878,0.0,stationary dry,0.5237593894991706,3.62522160589726e-10,2.1806479269745333e-10,-0.003855016244386577,dry_01.json
118.13720069085129,0.00423369824580681,0.02096795252083564,363.7219681543381,0.019339330550214126,,364.03876228130673,0.0,stationary dry,0.532981969477259,3.2280626126387e-10,2.2030186961983253e-10,-0.003689031991235236,dry_01.json
120.63720069085129,0.004019304526441087,0.020803037168667105,364.8004372170435,0.01917647807784456,,365.1038485870744,0.0,stationary dry,0.5418068860368618,2.8874694876172615e-10,2.2210914052668062e-10,-0.003529966623841114,dry_01.json
123.13720069085129,0.0038267473059667824,0.020637087431188167,365.83632769512536,0.019015926572888874,,366.1269406073401,0.0,stationary dry,0.5502511022746395,2.59337400547403e-10,2.2350225783953353e-10,-0.0033776864951109904,dry_01.json
125.63720069085129,0.003653160446191814,0.020470397523604317,366.83114663665657,0.018857785010157092,,367.10952575991735,0.0,stationary dry,0.5583311528386109,2.337879871362257e-10,2.2449912407230948e-10,-0.003232020225588723,dry_01.json
128.13720069085127,0.003496143602653919,0.020303247184980597,367.7864122053411,0.018702136879751398,,368.0531016885248,0.0,stationary dry,0.566063079585905,2.1147137430096687e-10,2.251192357914127e-10,-0.0030927706989175717,dry_01.json
130.63720069085127,0.0033536708283356865,0.02013590089879037,368.7036357488533,0.018549042915105368,,368.9591587627808,0.0,stationary dry,0.5734623893128353,1.9188332096536942e-10,2.2538313933350933e-10,-0.002959723890772125,dry_01.json
133.13720069085127,0.003224020285510834,0.019968607446810647,369.5843087566497,0.018398543715682995,,369.829167361062,0.0,stationary dry,0.5805440278855523,1.746142506260321e-10,2.253119818522476e-10,-0.0028326554290868384,dry_01.json
135.63720069085127,0.00310571949291215,0.019801599735520245,370.42989343262,0.018250662231983884,,370.6645686878157,0.0,stationary dry,0.5873223666366548,1.5932832827390214e-10,2.249271443093053e-10,-0.0027113355004409804,dry_01.json
138.13720069085127,0.002997502168950139,0.019635094842585493,371.2418159684135,0.018105406092692372,,371.4667682301612,0.0,stationary dry,0.5938111979654042,1.4574784275228517e-10,2.2424994505920187e-10,-0.002595532531499908,dry_01.json
140.63720069085127,0.002898273846642416,0.019469294238363365,372.02146185188354,0.017962769762722836,,372.2371312022458,0.0,stationary dry,0.6000237378411802,1.3364139295624759e-10,2.2330140413449631e-10,-0.0024850159503104242,dry_01.json
143.13720069085127,0.002807084207269628,0.01930438414385505,372.7701727192668,0.017822736527474185,,372.97697949650416,0.0,stationary dry,0.6059726334613301,1.2281483900497905e-10,2.2210205947337333e-10,-0.002379558248060031,dry_01.json
145.63720069085127,0.0027231046205949305,0.019140535992339752,373.4892443836532,0.017685280303351144,,373.6875897824208,0.0,stationary dry,0.6116699747208785,1.1310429000594037e-10,2.206718272824198e-10,-0.0022789365038193587,dry_01.json
148.13720069085127,0.0026456097636521985,0.018977906967085255,374.1799257618527,0.017550367278065398,,374.37019248112597,0.0,stationary dry,0.6171273084558041,1.0437061101015185e-10,2.190298995754355e-10,-0.0021829334939702056,dry_01.json
150.63720069085127,0.0025739624664985997,0.018816640592124317,374.84341848740956,0.017417957386643177,,375.0259714084562,0.0,stationary dry,0.62235565465287,9.649507691425018e-11,2.1719467270580976e-10,-0.0020913384788263604,dry_01.json
153.13720069085127,0.002507601134648773,0.018656867357131193,375.48087704631564,0.017288005630741694,,375.6560639268855,0.0,stationary dry,0.6273655239970538,8.9375902167703e-11,2.1518370143743512e-10,-0.00200394773767354,dry_01.json
155.63720069085127,0.0024460292463129437,0.01849870536098619,376.093409308701,0.017160463249954582,,376.26156148267825,0.0,stationary dry,0.6321669362662397,8.292544641264291e-11,2.1301367377757481e-10,-0.0019205649076742806,dry_01.json
158.13720069085127,0.0023888065332190113,0.01834226096168805,376.6820773577486,0.017035278754399173,,376.8435104319666,0.0,stationary dry,0.6367694391916833,7.706794702113317e-11,2.1070040242708836e-10,-0.0018410011701775148,dry_01.json
160.63720069085127,0.0023355415372200666,0.01818762942292128,377.2478985385958,0.0169123988281686,,377.4029130804835,0.0,stationary dry,0.6411821274888161,7.173766617791935e-11,2.082588292854092e-10,-0.001765075318853192,dry_01.json
163.13720069085127,0.002285885298435061,0.018034895549836012,377.79184666666987,0.016791769113236894,,377.94072887797955,0.0,stationary dry,0.6454136618312931,6.687736692368833e-11,2.0570303997893253e-10,-0.0016926137369907633,dry_01.json
165.63720069085127,0.002239525979554399,0.01788413430849388,378.3148533479563,0.016673334883236086,,378.4578757210889,0.0,stationary dry,0.649472287595632,6.243705232163353e-11,2.0304628586064416e-10,-0.0016234503057355417,dry_01.json
168.13720069085127,0.0021961842688970274,0.017735411425008736,378.81780937395155,0.016557041616211167,,378.9552313284076,0.0,stationary dry,0.6533658532471921,5.837291662952479e-11,2.0030101135631962e-10,-0.0015574262606240182,dry_01.json
170.63720069085127,0.002155609434530087,0.01758878396170936,379.3015661621561,0.016442835475063134,,379.4336346594458,0.0,stationary dry,0.6571018282728094,5.464646844426973e-11,1.974788849115636e-10,-0.0014943900102469248,dry_01.json
173.13720069085127,0.0021175759252303186,0.017444300868701402,379.766937219384,0.01633066370395006,,379.8938873553661,0.0,stationary dry,0.6606873205928834,5.122379421141082e-11,1.945908321249463e-10,-0.0014341969280296607,dry_01.json
175.63720069085127,0.00208188043273396,0.017302003510040798,380.214699610262,0.016220474948454935,,380.3367551843792,0.0,stationary dry,0.6641290934074423,4.807493695879638e-11,1.9164706994055129e-10,-0.0013767091258235172,dry_01.json
178.13720069085127,0.002048339344675034,0.017161926164385666,380.64559541734826,0.016112219506872034,,380.76296947861437,0.0,stationary dry,0.6674335814477879,4.5173370114643773e-11,1.8865714102155203e-10,-0.0013217952161381737,dry_01.json
180.63720069085127,0.0020167865296666664,0.017024096500486474,381.06033318251826,0.016005849519540045,,381.1732285524041,0.0,stationary dry,0.6706069066186287,4.249555017499089e-11,1.8562994763794533e-10,-0.0012693300683362574,dry_01.json
183.13720069085127,0.0019870714057575135,0.01688853602823582,381.459589321821,0.015901319102740084,,381.5681990944087,0.0,stationary dry,0.6736548930258315,4.002053505218904e-11,1.8257378458143025e-10,-0.0012191945628811814,dry_01.json
185.63720069085127,0.001959057251467263,0.016755260526253472,381.8440095080313,0.01579858443331737,,381.9485175279648,0.0,stationary dry,0.6765830813926701,3.772965736767681e-11,1.7949637077038307e-10,-0.0011712753467354286,dry_01.json
188.13720069085127,0.0019326197251410002,0.016624280447133745,382.2142100167173,0.01569760378985368,,382.3147913355879,0.0,stationary dry,0.6793967428731734,3.560624388672017e-11,1.7640487933264108e-10,-0.0011254645922012779,dry_01.json
190.63720069085127,0.0019076455637439635,0.01649560130156991,382.5707790328904,0.01559833755590745,,382.66760034477034,0.0,stationary dry,0.6821008922752998,3.363537384681507e-11,1.7330596605496585e-10,-0.0010816597608504688,dry_01.json
193.13720069085127,0.0018840314366694603,0.01636922402258987,382.91427791628087,0.015500748190564248,,383.0074979731589,0.0,stationary dry,0.6847003007094843,3.180367018496462e-11,1.7020579616909146e-10,-0.0010397633736736976,dry_01.json
195.63720069085127,0.0018616829338303634,0.01624514531111376,383.2452424240333,0.015404800171270227,,383.33501243192626,0.0,stationary dry,0.687199507679927,3.009911868348882e-11,1.6711006950677516e-10,-0.0009996827881770796,dry_01.json
198.13720069085127,0.0018405136703867498,0.016123357963986687,383.56418389019655,0.015310459913655199,,383.65064788671157,0.0,stationary dry,0.6896028326370182,2.8510910883762386e-11,1.6402404410354833e-10,-0.0009613299828366051,dry_01.json
200.63720069085127,0.0018204444930411978,0.016003851185553693,383.8715903618184,0.015217695672790185,,383.9548855759288,0.0,stationary dry,0.6919143860097341,2.7029307294233443e-11,1.6095255836307006e-10,-0.0009246213490863435,dry_01.json
203.13720069085127,0.001801402774998141,0.015886610883748542,384.1679276917889,0.015126477430042357,,384.24818488656626,0.0,stationary dry,0.6941380797368327,2.5645517976834982e-11,1.5790005191526426e-10,-0.0008894774908395707,dry_01.json
205.63720069085127,0.0017833217885071596,0.015771619951557986,384.4536405888212,0.015036776769408048,,384.53098438783843,0.0,stationary dry,0.6962776373153841,2.43515980566848e-11,1.5487058531152516e-10,-0.0008558230314204813,dry_01.json
208.13720069085127,0.0017661401454497746,0.01565885853461851,384.72915362514124,0.014948566746888799,,384.80370282323327,0.0,stationary dry,0.6983366033846414,2.3140356080444128e-11,1.518678587023912e-10,-0.0008235864277029682,dry_01.json
210.63720069085127,0.001749801297734324,0.015548304285596037,384.99487220259243,0.014861821756151179,,385.06674006162723,0.0,stationary dry,0.7003183528626591,2.200527346639223e-11,1.4889522963791668e-10,-0.0007926997912069538,dry_01.json
213.13720069085127,0.0017342530903717175,0.015439932605903659,385.25118347795876,0.014776517393382595,,385.3204780082423,0.0,stationary dry,0.7022260996523618,2.0940433553516717e-11,1.4595573012088563e-10,-0.0007630987158810901,dry_01.json
215.63720069085127,0.0017194473610487914,0.015333716875226442,385.4984572483842,0.014692630323886393,,385.56528147629257,0.0,stationary dry,0.704062904933112,1.9940458978148597e-11,1.4305208302870297e-10,-0.000734722112300063,dry_01.json
218.13720069085127,0.0017053395808223175,0.01522962866924799,385.7370467978214,0.014610138152615694,,385.80149902022464,0.0,stationary dry,0.7058316850531563,1.900045629250929e-11,1.4018671800307183e-10,-0.0007075120480178446,dry_01.json
220.63720069085127,0.0016918885312468494,0.015127637965913737,385.9672897054836,0.0145290193004804,,386.0294637315014,0.0,stationary dry,0.7075352190377554,1.8115966895136478e-11,1.3736178688879113e-10,-0.0006814135938394767,dry_01.json
223.13720069085127,0.0016790560138421637,0.01502771334051942,386.18950861731076,0.014449252887909833,,386.2494939979175,0.0,stationary dry,0.7091761557272599,1.7282923476014707e-11,1.345791787843984e-10,-0.000656374675801756,dry_01.json
225.63720069085127,0.001666806588315234,0.014929822149878345,386.4040119814877,0.014370818626816923,,386.46189422746465,0.0,stationary dry,0.7107570205589625,1.6497611289401673e-11,1.3184053475017043e-10,-0.0006323459326811508,dry_01.json
228.13720069085127,0.001655107336391952,0.014833930705801999,386.61109474907937,0.014293696721785914,,386.6669555377932,0.0,stationary dry,0.7122802220061536,1.575663366275987e-11,1.2914726220210237e-10,-0.000609280578876429,dry_01.json
230.63720069085127,0.0016439276484929285,0.014740004438114783,386.8110390408679,0.01421786778100681,,386.8649564123418,0.0,stationary dry,0.7137480576874995,1.5056881230013477e-11,1.26500549006237e-10,-0.0005871342725383275,dry_01.json
233.13720069085127,0.001633239030817456,0.01464800804742569,387.0041147814983,0.014143312737219173,,387.05616332422625,0.0,stationary dry,0.7151627201596007,1.4395504445771877e-11,1.2390137727516354e-10,-0.000565864988840539,dry_01.json
235.63720069085127,0.0016230149306852655,0.014557905647883023,387.1905803020556,0.014070012778675456,,387.2408313290012,0.0,stationary dry,0.7165263024053597,1.3769888995546946e-11,1.2135053685816256e-10,-0.0005454328983036529,dry_01.json
238.13720069085127,0.0016132305782344944,0.01446966090015227,387.37068291221067,0.013997949289946082,,387.41920462741984,0.0,stationary dry,0.7178408030305989,1.3177633767092082e-11,1.188486385089775e-10,-0.0005258002500955972,dry_01.json
240.0,0.0016061807955119226,0.014404923606853838,387.50145306323697,0.01394491561341879,,387.5487225057689,0.0,stationary dry,0.7187938084461801,1.2742511012011144e-11,1.1701292156173276e-10,-0.0005115985446743222,dry_01.json
