point_id,figure,material,temperature_c,quantity,series,time_s,v1_value,v1_value_convention_corrected,auditor_value,adjudicator_value,v2_value,uncertainty_abs,flag,method,notes
f2-sun-X-000,2,sunflower,100,solvent_loading,experimental,0,0.499279,0.499279,,0.504,0.50164,0.006,merged,"two readings (v1, adjudicator) agree; mean","cross on the left axis, overlapped by the Tg triangle and first circle"
f2-soy-X-000,2,soybean,120,solvent_loading,experimental,0,0.490628,0.490628,,0.4941,0.492364,0.006,merged,"two readings (v1, adjudicator) agree; mean",circle cut by the left axis
f2-sun-X-001,2,sunflower,100,solvent_loading,experimental,9.884,0.443666,0.443666,0.44366,0.4434,0.44366,0.003,clear,all three agree; median,
f2-soy-X-001,2,soybean,120,solvent_loading,experimental,9.884,0.426365,0.426365,0.4139,0.4209,0.4209,0.0062,clear,"three disagree; median, widened",marker centred at 9.9 s
f2-sun-X-002,2,sunflower,100,solvent_loading,experimental,20.077,0.391761,0.391761,0.39212,0.3915,0.391761,0.003,clear,all three agree; median,
f2-soy-X-002,2,soybean,120,solvent_loading,experimental,20.077,0.337384,0.337384,0.33755,0.3362,0.337384,0.003,clear,all three agree; median,
f2-sun-X-003,2,sunflower,100,solvent_loading,experimental,29.961,0.339856,0.339856,0.33946,0.3421,0.339856,0.003,clear,all three agree; median,
f2-soy-X-003,2,soybean,120,solvent_loading,experimental,29.961,0.278064,0.278064,0.27805,0.2788,0.278064,0.006,near-overlap,all three agree; median,Tp line crosses near 31 s
f2-sun-X-004,2,sunflower,100,solvent_loading,experimental,40.154,0.295366,0.295366,0.2953,0.2964,0.295366,0.003,clear,all three agree; median,
f2-soy-X-004,2,soybean,120,solvent_loading,experimental,40.154,0.221215,0.221215,0.225,0.2256,0.225,0.006,near-overlap,all three agree; median,Tp_sun diamond/line nearby
f2-sun-X-005,2,sunflower,100,solvent_loading,experimental,50.039,0.248404,0.248404,0.245,0.2525,0.246702,0.006,near-overlap,"two agree (v1, auditor), adjudicator outvoted; mean of the pair",Tp connecting line crosses the band near 48-50 s
f2-soy-X-005,2,soybean,120,solvent_loading,experimental,50.039,0.181668,0.181668,0.18177,0.1781,0.181719,0.003,clear,"two agree (v1, auditor), adjudicator outvoted; mean of the pair",
f2-sun-X-006,2,sunflower,100,solvent_loading,experimental,59.923,0.216272,0.216272,0.21604,0.2161,0.2161,0.003,clear,all three agree; median,
f2-soy-X-006,2,soybean,120,solvent_loading,experimental,59.923,0.135942,0.135942,0.1358,0.1367,0.135942,0.003,clear,all three agree; median,
f2-sun-X-007,2,sunflower,100,solvent_loading,experimental,70.116,0.18414,0.18414,0.18423,0.1833,0.18414,0.003,clear,all three agree; median,
f2-soy-X-007,2,soybean,120,solvent_loading,experimental,70.116,0.102575,0.102575,0.10265,0.1039,0.10265,0.003,clear,all three agree; median,
f2-sun-X-008,2,sunflower,100,solvent_loading,experimental,80,0.159423,0.159423,0.15989,0.158,0.159423,0.003,clear,all three agree; median,
f2-soy-X-008,2,soybean,120,solvent_loading,experimental,80,0.079094,0.079094,0.0788,0.0786,0.0788,0.003,clear,all three agree; median,
f2-sun-X-009,2,sunflower,100,solvent_loading,experimental,89.884,0.134706,0.134706,0.13432,0.1364,0.134706,0.003,clear,all three agree; median,
f2-soy-X-009,2,soybean,120,solvent_loading,experimental,89.884,0.063028,0.063028,0.06299,0.0625,0.06299,0.003,clear,all three agree; median,
f2-sun-X-010,2,sunflower,100,solvent_loading,experimental,100.077,0.113697,0.113697,0.11382,0.1135,0.113697,0.003,clear,all three agree; median,
f2-soy-X-010,2,soybean,120,solvent_loading,experimental,100.077,0.054377,0.054377,0.05383,0.0533,0.05383,0.003,clear,all three agree; median,
f2-sun-X-011,2,sunflower,100,solvent_loading,experimental,109.961,0.09516,0.09516,0.098,0.0956,0.0956,0.006,near-overlap,all three agree; median,
f2-soy-X-011,2,soybean,120,solvent_loading,experimental,109.961,0.049434,0.049434,0.04901,0.0489,0.04901,0.003,clear,all three agree; median,
f2-sun-X-012,2,sunflower,100,solvent_loading,experimental,120.154,0.081565,0.081565,0.082,0.0814,0.081565,0.006,near-overlap,all three agree; median,
f2-soy-X-012,2,soybean,120,solvent_loading,experimental,120.154,0.039547,0.039547,0.03877,0.0391,0.0391,0.003,clear,all three agree; median,
f2-sun-X-013,2,sunflower,100,solvent_loading,experimental,130.039,0.066735,0.066735,0.06703,0.0672,0.06703,0.003,clear,all three agree; median,
f2-soy-X-013,2,soybean,120,solvent_loading,experimental,130.039,0.034604,0.034604,0.03514,0.0353,0.03514,0.003,clear,all three agree; median,
f2-sun-X-014,2,sunflower,100,solvent_loading,experimental,139.923,0.055613,0.055613,0.05549,0.0579,0.055613,0.003,clear,all three agree; median,
f2-soy-X-014,2,soybean,120,solvent_loading,experimental,139.923,0.025953,0.025953,0.02587,0.0255,0.02587,0.003,clear,all three agree; median,
f2-sun-X-015,2,sunflower,100,solvent_loading,experimental,150.116,0.050669,0.050669,0.0502,0.0499,0.0502,0.003,clear,all three agree; median,
f2-soy-X-015,2,soybean,120,solvent_loading,experimental,150.116,0.023481,0.023481,0.02344,0.023,0.02344,0.003,clear,all three agree; median,
f2-sun-X-016,2,sunflower,100,solvent_loading,experimental,160,0.039547,0.039547,0.03966,0.0394,0.039547,0.003,clear,all three agree; median,
f2-soy-X-016,2,soybean,120,solvent_loading,experimental,160,0.016066,0.016066,0.01612,0.0175,0.01612,0.003,clear,all three agree; median,"circle chain solid top 478, bottom 488"
f2-sun-X-017,2,sunflower,100,solvent_loading,experimental,169.884,0.02966,0.02966,0.035,0.0319,0.0319,0.006,near-overlap,all three agree; median,cross band rows 466-476 clear of circle tops (477)
f2-soy-X-017,2,soybean,120,solvent_loading,experimental,169.884,0.017302,0.017302,0.017,0.0184,0.017302,0.006,near-overlap,all three agree; median,"top 477.5, bottom 487"
f2-sun-X-018,2,sunflower,100,solvent_loading,experimental,180.077,0.025953,0.025953,0.028,0.0282,0.028,0.006,near-overlap,all three agree; median,cross lower arms touch circle tops; centre row 474 visible
f2-soy-X-018,2,soybean,120,solvent_loading,experimental,180.077,0.012358,0.012358,0.011,0.0135,0.012358,0.006,near-overlap,all three agree; median,"top 481, bottom 491"
f2-sun-X-019,2,sunflower,100,solvent_loading,experimental,189.961,0.022245,0.022245,0.023,0.0208,0.022245,0.006,near-overlap,all three agree; median,last separable: cross centre row 480 visible 3 px above circle tops (483); lower arms hidden
f2-soy-X-019,2,soybean,120,solvent_loading,experimental,189.961,0.011123,0.011123,0.011,0.0112,0.011123,0.006,near-overlap,all three agree; median,"top 483, bottom 493; crosses above"
f2-sun-X-020,2,sunflower,100,solvent_loading,experimental,200.154,0.018538,0.018538,,0.0174,0.017969,0.006,merged,"two readings (v1, adjudicator) agree; mean",cross centre at circle-top line; value from upper tips (top row 478 + 5 px)
f2-soy-X-020,2,soybean,120,solvent_loading,experimental,200.154,0.009887,0.009887,,0.0109,0.010393,0.006,near-overlap,"two readings (v1, adjudicator) agree; mean","top 483, bottom 493"
f2-sun-X-021,2,sunflower,100,solvent_loading,experimental,210.039,0.01483,0.01483,,0.0159,0.015365,0.006,merged,"two readings (v1, adjudicator) agree; mean",value from cross tips above circle tops
f2-soy-X-021,2,soybean,120,solvent_loading,experimental,210.039,0.009887,0.009887,,0.0109,0.010393,0.006,near-overlap,"two readings (v1, adjudicator) agree; mean",
f2-sun-X-022,2,sunflower,100,solvent_loading,experimental,219.923,0.012358,0.012358,,0.0134,0.012879,0.006,merged,"two readings (v1, adjudicator) agree; mean",value from cross tips
f2-soy-X-022,2,soybean,120,solvent_loading,experimental,219.923,0.008651,0.008651,,0.0109,0.009775,0.006,near-overlap,"two readings (v1, adjudicator) agree; mean",
f2-sun-X-023,2,sunflower,100,solvent_loading,experimental,230.116,0.009887,0.009887,,0.0122,0.011044,0.006,merged,"two readings (v1, adjudicator) agree; mean",tips 1 px above circle tops
f2-soy-X-023,2,soybean,120,solvent_loading,experimental,230.116,0.008651,0.008651,,0.0097,0.009175,0.006,near-overlap,"two readings (v1, adjudicator) agree; mean","top 483.5, bottom 494"
f2-sun-X-024,2,sunflower,100,solvent_loading,experimental,240,0.007415,0.007415,0.011,0.0105,0.0105,0.003,inferred,all three agree; median,inferred: tips <=1 px above circle tops at 233-236 s; plausible range 0.0075-0.0125; final loading: plausible range 0.0075-0.0125 (see DATASET_RECORD section 5)
f2-soy-X-024,2,soybean,120,solvent_loading,experimental,240,0.007415,0.007415,0.008,0.0092,0.008,0.006,merged,all three agree; median,marker at 240 s hidden by the right axis line; value from 233-238 s circles
f2-sun-Tp-000,2,sunflower,100,particle_temperature,experimental,0,68.683975,68.683975,68.23,68.278,68.278,1.4,merged,all three agree; median,adjudicator marker at 0.03 s; on the axis; auditor marker at -0.02 s
f2-sun-Tg-000,2,sunflower,100,gas_temperature,experimental,0,101.772605,101.283582,102.1,102.078,102.078,1.4,merged,all three agree; median,adjudicator marker at 0.02 s; on the axis; auditor marker at 0.01 s
f2-sun-Tp-001,2,sunflower,100,particle_temperature,experimental,19.151,68.433303,68.433303,68.41,68.426,68.426,0.7,clear,all three agree; median,adjudicator marker at 19.01 s; auditor marker at 18.97 s
f2-sun-Tg-001,2,sunflower,100,gas_temperature,experimental,19.151,102.273948,101.784925,101.86,101.844,101.844,0.7,clear,all three agree; median,adjudicator marker at 19.02 s; auditor marker at 18.99 s
f2-sun-Tp-002,2,sunflower,100,particle_temperature,experimental,33.977,68.683975,68.683975,68.57,68.612,68.612,0.7,clear,all three agree; median,adjudicator marker at 34.05 s; auditor marker at 33.99 s
f2-sun-Tg-002,2,sunflower,100,gas_temperature,experimental,33.977,102.023277,101.534254,101.64,101.622,101.622,0.7,clear,all three agree; median,adjudicator marker at 33.99 s; auditor marker at 33.98 s
f2-sun-Tp-003,2,sunflower,100,particle_temperature,experimental,49.112,68.683975,68.683975,68.65,68.624,68.65,0.7,clear,all three agree; median,adjudicator marker at 49.06 s; auditor marker at 49.00 s
f2-sun-Tg-003,2,sunflower,100,gas_temperature,experimental,49.112,101.772605,101.283582,101.33,101.325,101.325,0.7,clear,all three agree; median,adjudicator marker at 48.96 s; auditor marker at 48.95 s
f2-sun-Tp-004,2,sunflower,100,particle_temperature,experimental,64.247,68.683975,68.683975,68.56,68.584,68.584,0.7,clear,all three agree; median,adjudicator marker at 64.02 s; auditor marker at 63.97 s
f2-sun-Tg-004,2,sunflower,100,gas_temperature,experimental,64.247,101.271262,100.782239,100.92,100.903,100.903,0.7,clear,all three agree; median,adjudicator marker at 63.99 s; auditor marker at 63.97 s
f2-sun-Tp-005,2,sunflower,100,particle_temperature,experimental,79.073,68.683975,68.683975,68.57,68.598,68.598,0.7,clear,all three agree; median,adjudicator marker at 78.99 s; auditor marker at 78.94 s
f2-sun-Tg-005,2,sunflower,100,gas_temperature,experimental,79.073,101.271262,100.782239,100.82,100.811,100.811,0.7,clear,all three agree; median,adjudicator marker at 78.96 s; auditor marker at 78.94 s
f2-sun-Tp-006,2,sunflower,100,particle_temperature,experimental,94.208,68.683975,68.683975,68.63,68.671,68.671,0.7,clear,all three agree; median,adjudicator marker at 94.04 s; auditor marker at 93.99 s
f2-sun-Tg-006,2,sunflower,100,gas_temperature,experimental,94.208,100.769919,100.280896,100.41,100.398,100.398,0.7,clear,all three agree; median,adjudicator marker at 93.99 s; auditor marker at 93.97 s
f2-sun-Tp-007,2,sunflower,100,particle_temperature,experimental,109.035,69.185318,69.185318,69.06,69.073,69.073,0.7,clear,all three agree; median,adjudicator marker at 108.95 s; auditor marker at 108.90 s
f2-sun-Tg-007,2,sunflower,100,gas_temperature,experimental,109.035,100.519248,100.030225,100.21,100.202,100.202,0.7,clear,all three agree; median,adjudicator marker at 108.96 s; auditor marker at 108.93 s
f2-sun-Tp-008,2,sunflower,100,particle_temperature,experimental,124.17,71.692032,71.692032,71.65,71.684,71.684,0.7,clear,all three agree; median,adjudicator marker at 123.99 s; auditor marker at 123.94 s
f2-sun-Tg-008,2,sunflower,100,gas_temperature,experimental,124.17,100.268577,99.779554,100.02,100.013,100.013,0.7,clear,all three agree; median,adjudicator marker at 123.97 s; auditor marker at 123.96 s
f2-sun-Tp-009,2,sunflower,100,particle_temperature,experimental,138.996,77.206804,77.206804,77.08,77.112,77.112,0.7,clear,all three agree; median,adjudicator marker at 139.03 s; auditor marker at 138.98 s
f2-sun-Tg-009,2,sunflower,100,gas_temperature,experimental,138.996,100.017905,99.528882,99.73,99.722,99.722,0.7,clear,all three agree; median,adjudicator marker at 138.99 s; auditor marker at 138.97 s
f2-sun-Tp-010,2,sunflower,100,particle_temperature,experimental,154.131,80.966876,80.966876,80.88,80.91,80.91,0.7,clear,all three agree; median,adjudicator marker at 153.99 s; auditor marker at 153.94 s
f2-sun-Tg-010,2,sunflower,100,gas_temperature,experimental,154.131,99.767234,99.278211,99.32,99.309,99.309,0.7,clear,all three agree; median,adjudicator marker at 153.97 s; auditor marker at 153.95 s
f2-sun-Tp-011,2,sunflower,100,particle_temperature,experimental,168.958,83.724261,83.724261,83.67,83.7,83.7,0.7,clear,all three agree; median,adjudicator marker at 169.00 s; auditor marker at 168.93 s
f2-sun-Tg-011,2,sunflower,100,gas_temperature,experimental,168.958,99.516562,99.027539,99.21,99.201,99.201,0.7,clear,all three agree; median,adjudicator marker at 168.98 s; auditor marker at 168.95 s
f2-sun-Tp-012,2,sunflower,100,particle_temperature,experimental,184.093,85.478962,85.478962,85.46,85.465,85.465,0.7,clear,all three agree; median,adjudicator marker at 184.01 s; auditor marker at 183.95 s
f2-sun-Tg-012,2,sunflower,100,gas_temperature,experimental,184.093,99.265891,98.776868,98.9,98.892,98.892,0.7,clear,all three agree; median,adjudicator marker at 183.97 s; auditor marker at 183.94 s
f2-sun-Tp-013,2,sunflower,100,particle_temperature,experimental,198.919,86.98299,86.98299,86.76,86.761,86.761,0.7,clear,all three agree; median,adjudicator marker at 198.99 s; auditor marker at 198.96 s
f2-sun-Tg-013,2,sunflower,100,gas_temperature,experimental,198.919,99.265891,98.776868,98.83,98.854,98.83,0.7,clear,all three agree; median,adjudicator marker at 198.95 s; auditor marker at 198.93 s
f2-sun-Tp-014,2,sunflower,100,particle_temperature,experimental,214.054,87.985676,87.985676,87.87,87.876,87.876,0.7,clear,all three agree; median,adjudicator marker at 213.99 s; auditor marker at 213.92 s
f2-sun-Tg-014,2,sunflower,100,gas_temperature,experimental,214.054,99.015219,98.526196,98.55,98.539,98.539,0.7,clear,all three agree; median,adjudicator marker at 213.96 s; auditor marker at 213.93 s
f2-sun-Tp-015,2,sunflower,100,particle_temperature,experimental,228.88,88.73769,88.73769,88.65,88.667,88.667,0.7,clear,all three agree; median,adjudicator marker at 228.97 s; auditor marker at 228.90 s
f2-sun-Tg-015,2,sunflower,100,gas_temperature,experimental,228.88,98.764548,98.275525,98.44,98.426,98.426,0.7,clear,all three agree; median,adjudicator marker at 228.96 s; auditor marker at 228.92 s
f2-soy-Tp-000,2,soybean,120,particle_temperature,experimental,0,68.683975,68.683975,69.75,69.743,69.743,1.4,merged,all three agree; median,adjudicator marker at 0.03 s; on the axis; auditor marker at 0.15 s
f2-soy-Tg-000,2,soybean,120,gas_temperature,experimental,0,119.570278,119.081255,117.87,117.853,117.87,1.4,merged,all three agree; median,adjudicator marker at -0.00 s; on the axis; auditor marker at 0.01 s
f2-soy-Tp-001,2,soybean,120,particle_temperature,experimental,10.193,69.435989,69.435989,69.43,69.438,69.435989,0.7,clear,all three agree; median,adjudicator marker at 10.01 s; auditor marker at 10.13 s
f2-soy-Tg-001,2,soybean,120,gas_temperature,experimental,10.193,119.820949,119.331926,119.32,119.297,119.32,0.7,clear,all three agree; median,adjudicator marker at 10.01 s; auditor marker at 10.00 s
f2-soy-Tp-002,2,soybean,120,particle_temperature,experimental,25.019,68.683975,68.683975,68.82,68.809,68.809,0.7,clear,all three agree; median,adjudicator marker at 25.00 s; auditor marker at 25.11 s
f2-soy-Tg-002,2,soybean,120,gas_temperature,experimental,25.019,120.322292,119.833269,119.9,119.88,119.88,0.7,clear,all three agree; median,adjudicator marker at 24.94 s; auditor marker at 24.94 s
f2-soy-Tp-003,2,soybean,120,particle_temperature,experimental,40.154,68.433303,68.433303,68.47,68.474,68.47,0.7,clear,all three agree; median,adjudicator marker at 40.01 s; auditor marker at 40.11 s
f2-soy-Tg-003,2,soybean,120,gas_temperature,experimental,40.154,121.324978,120.835955,120.69,120.668,120.69,0.7,clear,all three agree; median,adjudicator marker at 39.99 s; auditor marker at 39.99 s
f2-soy-Tp-004,2,soybean,120,particle_temperature,experimental,54.981,68.182632,68.182632,68.12,68.127,68.127,1.4,near-overlap,all three agree; median,adjudicator marker at 54.96 s; auditor marker at 55.06 s
f2-soy-Tg-004,2,soybean,120,gas_temperature,experimental,54.981,121.324978,120.835955,120.7,120.706,120.706,0.7,clear,all three agree; median,adjudicator marker at 54.94 s; auditor marker at 54.93 s
f2-soy-Tp-005,2,soybean,120,particle_temperature,experimental,70.116,68.182632,68.182632,68.16,68.152,68.16,0.7,clear,all three agree; median,adjudicator marker at 70.03 s; auditor marker at 70.13 s
f2-soy-Tg-005,2,soybean,120,gas_temperature,experimental,70.116,120.823635,120.334612,120.31,120.315,120.315,0.7,clear,all three agree; median,adjudicator marker at 69.99 s; auditor marker at 69.98 s
f2-soy-Tp-006,2,soybean,120,particle_temperature,experimental,84.942,69.686661,69.686661,69.7,69.688,69.688,0.7,clear,all three agree; median,adjudicator marker at 84.96 s; auditor marker at 85.06 s
f2-soy-Tg-006,2,soybean,120,gas_temperature,experimental,84.942,120.322292,119.833269,119.9,119.907,119.9,0.7,clear,all three agree; median,adjudicator marker at 84.94 s; auditor marker at 84.93 s
f2-soy-Tp-007,2,soybean,120,particle_temperature,experimental,100.077,74.198747,74.198747,74.22,74.211,74.211,0.7,clear,all three agree; median,adjudicator marker at 100.00 s; auditor marker at 100.10 s
f2-soy-Tg-007,2,soybean,120,gas_temperature,experimental,100.077,120.07162,119.582597,119.59,119.595,119.59,0.7,clear,all three agree; median,adjudicator marker at 99.97 s; auditor marker at 99.96 s
f2-soy-Tp-008,2,soybean,120,particle_temperature,experimental,114.903,79.462847,79.462847,79.62,79.614,79.614,0.7,clear,all three agree; median,adjudicator marker at 114.93 s; auditor marker at 115.03 s
f2-soy-Tg-008,2,soybean,120,gas_temperature,experimental,114.903,120.322292,119.833269,119.9,119.88,119.88,0.7,clear,all three agree; median,adjudicator marker at 114.92 s; auditor marker at 114.91 s
f2-soy-Tp-009,2,soybean,120,particle_temperature,experimental,130.039,83.724261,83.724261,83.76,83.744,83.744,0.7,clear,all three agree; median,adjudicator marker at 130.00 s; auditor marker at 130.10 s
f2-soy-Tg-009,2,soybean,120,gas_temperature,experimental,130.039,120.572963,120.08394,120.0,120.002,120.002,0.7,clear,all three agree; median,adjudicator marker at 129.96 s; auditor marker at 129.95 s
f2-soy-Tp-010,2,soybean,120,particle_temperature,experimental,145.174,87.735004,87.735004,87.74,87.73,87.735004,0.7,clear,all three agree; median,adjudicator marker at 145.06 s; auditor marker at 145.15 s
f2-soy-Tg-010,2,soybean,120,gas_temperature,experimental,145.174,119.820949,119.331926,119.39,119.402,119.39,0.7,clear,all three agree; median,adjudicator marker at 145.00 s; auditor marker at 144.98 s
f2-soy-Tp-011,2,soybean,120,particle_temperature,experimental,160,91.244405,91.244405,91.33,91.315,91.315,0.7,clear,all three agree; median,adjudicator marker at 159.98 s; auditor marker at 160.07 s
f2-soy-Tg-011,2,soybean,120,gas_temperature,experimental,160,120.07162,119.582597,119.52,119.519,119.52,0.7,clear,all three agree; median,adjudicator marker at 159.95 s; auditor marker at 159.93 s
f2-soy-Tp-012,2,soybean,120,particle_temperature,experimental,175.135,94.503133,94.503133,94.67,94.652,94.652,0.7,clear,all three agree; median,adjudicator marker at 175.01 s; auditor marker at 175.10 s
f2-soy-Tg-012,2,soybean,120,gas_temperature,experimental,175.135,119.319606,118.830583,118.92,118.939,118.92,0.7,clear,all three agree; median,adjudicator marker at 174.99 s; auditor marker at 174.98 s
f2-soy-Tp-013,2,soybean,120,particle_temperature,experimental,189.961,96.007162,96.007162,96.1,96.067,96.067,0.7,clear,all three agree; median,adjudicator marker at 189.97 s; auditor marker at 190.05 s
f2-soy-Tg-013,2,soybean,120,gas_temperature,experimental,189.961,119.068935,118.579912,118.68,118.686,118.68,0.7,clear,all three agree; median,adjudicator marker at 189.94 s; auditor marker at 189.92 s
f2-soy-Tp-014,2,soybean,120,particle_temperature,experimental,205.097,97.761862,97.761862,97.88,97.852,97.852,0.7,clear,all three agree; median,adjudicator marker at 204.98 s; auditor marker at 205.07 s
f2-soy-Tg-014,2,soybean,120,gas_temperature,experimental,205.097,118.818263,118.32924,118.41,118.413,118.41,0.7,clear,all three agree; median,adjudicator marker at 204.99 s; auditor marker at 204.96 s
f2-soy-Tp-015,2,soybean,120,particle_temperature,experimental,219.923,99.767234,99.767234,99.76,99.724,99.76,0.7,clear,all three agree; median,adjudicator marker at 219.99 s; auditor marker at 220.07 s
f2-soy-Tg-015,2,soybean,120,gas_temperature,experimental,219.923,118.818263,118.32924,118.29,118.289,118.29,0.7,clear,all three agree; median,adjudicator marker at 219.93 s; auditor marker at 219.91 s
f2-soy-Tp-016,2,soybean,120,particle_temperature,experimental,235.058,100.769919,100.769919,100.76,100.715,100.76,0.7,clear,all three agree; median,adjudicator marker at 235.01 s; auditor marker at 235.09 s
f2-soy-Tg-016,2,soybean,120,gas_temperature,experimental,235.058,118.31692,117.827897,117.82,117.82,117.82,0.7,clear,all three agree; median,adjudicator marker at 234.98 s; auditor marker at 234.95 s
f3-sun-93-exp-000,3,sunflower,93,normalized_solvent_loading,experimental,0,1.0,1.0,,,1.0,0.0,clear,defined: (X-Xe)/(Xo-Xe) = 1 at t = 0 (all markers coincide on the axis),
f3-sun-93-exp-001,3,sunflower,93,normalized_solvent_loading,experimental,10.047,0.907842,0.907842,0.915,0.917,0.915,0.01,near-overlap,all three agree; median,
f3-sun-93-exp-002,3,sunflower,93,normalized_solvent_loading,experimental,20.093,0.849636,0.849636,0.8503,0.849771,0.849771,0.005,clear,all three agree; median,
f3-sun-93-exp-003,3,sunflower,93,normalized_solvent_loading,experimental,30.14,0.772029,0.772029,0.7721,0.771633,0.772029,0.005,clear,all three agree; median,
f3-sun-93-exp-004,3,sunflower,93,normalized_solvent_loading,experimental,40.186,0.708973,0.708973,0.7089,0.708402,0.7089,0.005,clear,all three agree; median,
f3-sun-93-exp-005,3,sunflower,93,normalized_solvent_loading,experimental,49.953,0.649151,0.649151,0.6495,0.64908,0.649151,0.005,clear,all three agree; median,
f3-sun-93-exp-006,3,sunflower,93,normalized_solvent_loading,experimental,60,0.60388,0.60388,0.6047,0.604317,0.604317,0.005,clear,all three agree; median,
f3-sun-93-exp-007,3,sunflower,93,normalized_solvent_loading,experimental,70.047,0.556993,0.556993,0.557,0.556672,0.556993,0.005,clear,all three agree; median,
f3-sun-93-exp-008,3,sunflower,93,normalized_solvent_loading,experimental,80.093,0.482619,0.482619,0.4826,0.482334,0.4826,0.005,clear,all three agree; median,
f3-sun-93-exp-009,3,sunflower,93,normalized_solvent_loading,experimental,90.14,0.413096,0.413096,0.4126,0.41235,0.4126,0.005,clear,all three agree; median,
f3-sun-93-exp-010,3,sunflower,93,normalized_solvent_loading,experimental,99.907,0.364592,0.364592,0.3642,0.364075,0.3642,0.005,clear,all three agree; median,
f3-sun-93-exp-011,3,sunflower,93,normalized_solvent_loading,experimental,109.953,0.30477,0.30477,0.3054,0.305292,0.305292,0.005,clear,all three agree; median,
f3-sun-93-exp-012,3,sunflower,93,normalized_solvent_loading,experimental,120,0.264349,0.264349,0.2651,0.264996,0.264996,0.005,clear,all three agree; median,
f3-sun-93-exp-013,3,sunflower,93,normalized_solvent_loading,experimental,130.047,0.230396,0.230396,0.2311,0.231087,0.231087,0.005,clear,all three agree; median,
f3-sun-93-exp-014,3,sunflower,93,normalized_solvent_loading,experimental,140.093,0.188359,0.188359,0.1878,0.187775,0.1878,0.005,clear,all three agree; median,
f3-sun-93-exp-015,3,sunflower,93,normalized_solvent_loading,experimental,149.86,0.16734,0.16734,0.1669,0.166943,0.166943,0.005,clear,all three agree; median,
f3-sun-93-exp-016,3,sunflower,93,normalized_solvent_loading,experimental,159.907,0.13177,0.13177,0.1317,0.131732,0.131732,0.005,clear,all three agree; median,
f3-sun-93-exp-017,3,sunflower,93,normalized_solvent_loading,experimental,169.953,0.107518,0.107518,0.1072,0.107226,0.107226,0.005,clear,all three agree; median,
f3-sun-93-exp-018,3,sunflower,93,normalized_solvent_loading,experimental,180,0.089733,0.089733,0.0897,0.089738,0.089733,0.005,clear,all three agree; median,
f3-sun-93-exp-019,3,sunflower,93,normalized_solvent_loading,experimental,190.047,0.073565,0.073565,0.0729,0.073005,0.073005,0.005,clear,all three agree; median,
f3-sun-93-exp-020,3,sunflower,93,normalized_solvent_loading,experimental,200.093,0.060631,0.060631,0.06,0.060123,0.060123,0.005,clear,all three agree; median,
f3-sun-93-exp-021,3,sunflower,93,normalized_solvent_loading,experimental,209.86,0.047696,0.047696,,,0.047696,0.015,inferred,single reading (v1); unreadable to the other two readers; v1 value kept as printed in v1,not readable in the source by the auditor or the adjudicator; v1 value kept; v1 minus the model line at this time = -0.0373
f3-sun-93-exp-022,3,sunflower,93,normalized_solvent_loading,experimental,219.907,0.037995,0.037995,,,0.037995,0.015,inferred,single reading (v1); unreadable to the other two readers; v1 value kept as printed in v1,not readable in the source by the auditor or the adjudicator; v1 value kept; v1 minus the model line at this time = -0.0365
f3-sun-93-exp-023,3,sunflower,93,normalized_solvent_loading,experimental,229.953,0.028294,0.028294,,,0.028294,0.015,inferred,single reading (v1); unreadable to the other two readers; v1 value kept as printed in v1,not readable in the source by the auditor or the adjudicator; v1 value kept; v1 minus the model line at this time = -0.0380
f3-sun-93-exp-024,3,sunflower,93,normalized_solvent_loading,experimental,240,0.018593,0.018593,,,0.018593,0.015,inferred,single reading (v1); unreadable to the other two readers; v1 value kept as printed in v1,not readable in the source by the auditor or the adjudicator; v1 value kept; v1 minus the model line at this time = -0.0453
f3-sun-101-exp-000,3,sunflower,101,normalized_solvent_loading,experimental,0,1.0,1.0,,,1.0,0.0,clear,defined: (X-Xe)/(Xo-Xe) = 1 at t = 0 (all markers coincide on the axis),
f3-sun-101-exp-001,3,sunflower,101,normalized_solvent_loading,experimental,10.047,0.891673,0.891673,0.9081,0.905,0.90655,0.01,near-overlap,"two agree (auditor, adjudicator), v1 outvoted; mean of the pair",
f3-sun-101-exp-002,3,sunflower,101,normalized_solvent_loading,experimental,20.093,0.8173,0.8173,0.8171,0.816534,0.8171,0.005,clear,all three agree; median,
f3-sun-101-exp-003,3,sunflower,101,normalized_solvent_loading,experimental,30.14,0.736459,0.736459,0.7362,0.735737,0.7362,0.005,clear,all three agree; median,
f3-sun-101-exp-004,3,sunflower,101,normalized_solvent_loading,experimental,40.186,0.647534,0.647534,0.648,0.647617,0.647617,0.005,clear,all three agree; median,
f3-sun-101-exp-005,3,sunflower,101,normalized_solvent_loading,experimental,49.953,0.576395,0.576395,0.5775,0.577188,0.577188,0.005,clear,all three agree; median,
f3-sun-101-exp-006,3,sunflower,101,normalized_solvent_loading,experimental,60,0.500404,0.500404,0.5005,0.500226,0.500404,0.005,clear,all three agree; median,
f3-sun-101-exp-007,3,sunflower,101,normalized_solvent_loading,experimental,70.047,0.440582,0.440582,0.4409,0.440647,0.440647,0.005,clear,all three agree; median,
f3-sun-101-exp-008,3,sunflower,101,normalized_solvent_loading,experimental,80.093,0.390461,0.390461,0.3903,0.390129,0.3903,0.005,clear,all three agree; median,
f3-sun-101-exp-009,3,sunflower,101,normalized_solvent_loading,experimental,90.14,0.30477,0.30477,0.3059,0.305736,0.305736,0.005,clear,all three agree; median,
f3-sun-101-exp-010,3,sunflower,101,normalized_solvent_loading,experimental,99.907,0.253032,0.253032,0.2534,0.253355,0.253355,0.005,clear,all three agree; median,
f3-sun-101-exp-011,3,sunflower,101,normalized_solvent_loading,experimental,109.953,0.209378,0.209378,0.2095,0.209442,0.209442,0.01,near-overlap,all three agree; median,
f3-sun-101-exp-012,3,sunflower,101,normalized_solvent_loading,experimental,120,0.159256,0.159256,0.1594,0.15941,0.1594,0.01,near-overlap,all three agree; median,
f3-sun-101-exp-013,3,sunflower,101,normalized_solvent_loading,experimental,130.047,0.123686,0.123686,0.1244,0.124413,0.1244,0.01,near-overlap,all three agree; median,
f3-sun-101-exp-014,3,sunflower,101,normalized_solvent_loading,experimental,140.093,0.110752,0.110752,0.1108,0.110866,0.1108,0.01,near-overlap,all three agree; median,
f3-sun-101-exp-015,3,sunflower,101,normalized_solvent_loading,experimental,149.86,0.089733,0.089733,,0.088,0.088867,0.01,merged,"two readings (v1, adjudicator) agree; mean",
f3-sun-101-exp-016,3,sunflower,101,normalized_solvent_loading,experimental,159.907,0.070331,0.070331,,0.06,0.065166,0.0102,merged,"two readings disagree; mean, widened",
f3-sun-101-exp-017,3,sunflower,101,normalized_solvent_loading,experimental,169.953,0.057397,0.057397,,0.0616,0.059498,0.01,merged,"two readings (v1, adjudicator) agree; mean",
f3-sun-101-exp-018,3,sunflower,101,normalized_solvent_loading,experimental,180,0.049313,0.049313,,,0.049313,0.015,inferred,single reading (v1); unreadable to the other two readers; v1 value kept as printed in v1,not readable in the source by the auditor or the adjudicator; v1 value kept; v1 minus the model line at this time = -0.0218
f3-sun-101-exp-019,3,sunflower,101,normalized_solvent_loading,experimental,190.047,0.034762,0.034762,,,0.034762,0.015,inferred,single reading (v1); unreadable to the other two readers; v1 value kept as printed in v1,not readable in the source by the auditor or the adjudicator; v1 value kept; v1 minus the model line at this time = -0.0250
f3-sun-101-exp-020,3,sunflower,101,normalized_solvent_loading,experimental,200.093,0.031528,0.031528,,,0.031528,0.015,inferred,single reading (v1); unreadable to the other two readers; v1 value kept as printed in v1,not readable in the source by the auditor or the adjudicator; v1 value kept; v1 minus the model line at this time = -0.0177
f3-sun-101-exp-021,3,sunflower,101,normalized_solvent_loading,experimental,209.86,0.026677,0.026677,,,0.026677,0.015,inferred,single reading (v1); unreadable to the other two readers; v1 value kept as printed in v1,not readable in the source by the auditor or the adjudicator; v1 value kept; v1 minus the model line at this time = -0.0139
f3-sun-101-exp-022,3,sunflower,101,normalized_solvent_loading,experimental,219.907,0.023444,0.023444,,,0.023444,0.015,inferred,single reading (v1); unreadable to the other two readers; v1 value kept as printed in v1,not readable in the source by the auditor or the adjudicator; v1 value kept; v1 minus the model line at this time = -0.0090
f3-sun-101-exp-023,3,sunflower,101,normalized_solvent_loading,experimental,229.953,0.02021,0.02021,,,0.02021,0.015,inferred,single reading (v1); unreadable to the other two readers; v1 value kept as printed in v1,not readable in the source by the auditor or the adjudicator; v1 value kept; v1 minus the model line at this time = -0.0049
f3-sun-101-exp-024,3,sunflower,101,normalized_solvent_loading,experimental,240,0.016977,0.016977,,,0.016977,0.015,inferred,single reading (v1); unreadable to the other two readers; v1 value kept as printed in v1,not readable in the source by the auditor or the adjudicator; v1 value kept; v1 minus the model line at this time = -0.0049
f3-sun-110-exp-000,3,sunflower,110,normalized_solvent_loading,experimental,0,1.0,1.0,,,1.0,0.0,clear,defined: (X-Xe)/(Xo-Xe) = 1 at t = 0 (all markers coincide on the axis),
f3-sun-110-exp-001,3,sunflower,110,normalized_solvent_loading,experimental,10.047,0.867421,0.863859,0.885,0.886438,0.885719,0.01,merged,"two agree (auditor, adjudicator), v1 outvoted; mean of the pair",
f3-sun-110-exp-002,3,sunflower,110,normalized_solvent_loading,experimental,20.093,0.78658,0.783018,0.7835,0.782625,0.783018,0.005,clear,all three agree; median,
f3-sun-110-exp-003,3,sunflower,110,normalized_solvent_loading,experimental,30.14,0.679871,0.676309,0.6765,0.675695,0.676309,0.005,clear,all three agree; median,
f3-sun-110-exp-004,3,sunflower,110,normalized_solvent_loading,experimental,40.186,0.590946,0.587384,0.5885,0.587796,0.587796,0.005,clear,all three agree; median,
f3-sun-110-exp-005,3,sunflower,110,normalized_solvent_loading,experimental,49.953,0.511722,0.50816,0.5093,0.508715,0.508715,0.005,clear,all three agree; median,
f3-sun-110-exp-006,3,sunflower,110,normalized_solvent_loading,experimental,60,0.434115,0.430553,0.4303,0.429774,0.4303,0.005,clear,all three agree; median,
f3-sun-110-exp-007,3,sunflower,110,normalized_solvent_loading,experimental,70.047,0.367825,0.364263,0.365,0.364535,0.364535,0.005,clear,all three agree; median,
f3-sun-110-exp-008,3,sunflower,110,normalized_solvent_loading,experimental,80.093,0.320938,0.317376,0.3172,0.316696,0.3172,0.005,clear,all three agree; median,
f3-sun-110-exp-009,3,sunflower,110,normalized_solvent_loading,experimental,90.14,0.267583,0.264021,0.2649,0.264461,0.264461,0.005,clear,all three agree; median,
f3-sun-110-exp-010,3,sunflower,110,normalized_solvent_loading,experimental,99.907,0.227162,0.2236,0.2239,0.223503,0.2236,0.01,near-overlap,all three agree; median,
f3-sun-110-exp-011,3,sunflower,110,normalized_solvent_loading,experimental,109.953,0.188359,0.184797,0.1858,0.185404,0.185404,0.01,near-overlap,all three agree; median,
f3-sun-110-exp-012,3,sunflower,110,normalized_solvent_loading,experimental,120,0.159256,0.155694,0.1564,0.156127,0.156127,0.01,near-overlap,all three agree; median,
f3-sun-110-exp-013,3,sunflower,110,normalized_solvent_loading,experimental,130.047,0.133387,0.129825,0.1299,0.129612,0.129825,0.01,near-overlap,all three agree; median,
f3-sun-110-exp-014,3,sunflower,110,normalized_solvent_loading,experimental,140.093,0.110752,0.10719,0.1074,0.10712,0.10719,0.01,near-overlap,all three agree; median,
f3-sun-110-exp-015,3,sunflower,110,normalized_solvent_loading,experimental,149.86,0.097817,0.094255,0.0949,0.089438,0.094255,0.01,near-overlap,all three agree; median,
f3-sun-110-exp-016,3,sunflower,110,normalized_solvent_loading,experimental,159.907,0.0865,0.082938,,,0.0865,0.015,inferred,single reading (v1); unreadable to the other two readers; v1 value kept as printed in v1,not readable in the source by the auditor or the adjudicator; v1 value kept; v1 minus the model line at this time = +0.0241
f3-sun-110-exp-017,3,sunflower,110,normalized_solvent_loading,experimental,169.953,0.078416,0.074854,,,0.078416,0.015,inferred,single reading (v1); unreadable to the other two readers; v1 value kept as printed in v1,not readable in the source by the auditor or the adjudicator; v1 value kept; v1 minus the model line at this time = +0.0282
f3-sun-110-exp-018,3,sunflower,110,normalized_solvent_loading,experimental,180,0.070331,0.066769,,,0.070331,0.015,inferred,single reading (v1); unreadable to the other two readers; v1 value kept as printed in v1,not readable in the source by the auditor or the adjudicator; v1 value kept; v1 minus the model line at this time = +0.0307
f3-sun-110-exp-019,3,sunflower,110,normalized_solvent_loading,experimental,190.047,0.063864,0.060302,,,0.063864,0.015,inferred,single reading (v1); unreadable to the other two readers; v1 value kept as printed in v1,not readable in the source by the auditor or the adjudicator; v1 value kept; v1 minus the model line at this time = +0.0340
f3-sun-110-exp-020,3,sunflower,110,normalized_solvent_loading,experimental,200.093,0.057397,0.053835,,,0.057397,0.015,inferred,single reading (v1); unreadable to the other two readers; v1 value kept as printed in v1,not readable in the source by the auditor or the adjudicator; v1 value kept; v1 minus the model line at this time = +0.0356
f3-sun-110-exp-021,3,sunflower,110,normalized_solvent_loading,experimental,209.86,0.052546,0.048984,,,0.052546,0.015,inferred,single reading (v1); unreadable to the other two readers; v1 value kept as printed in v1,not readable in the source by the auditor or the adjudicator; v1 value kept; v1 minus the model line at this time = +0.0371
f3-sun-110-exp-022,3,sunflower,110,normalized_solvent_loading,experimental,219.907,0.047696,0.044134,,,0.047696,0.015,inferred,single reading (v1); unreadable to the other two readers; v1 value kept as printed in v1,not readable in the source by the auditor or the adjudicator; v1 value kept; v1 minus the model line at this time = +0.0379
f3-sun-110-exp-023,3,sunflower,110,normalized_solvent_loading,experimental,229.953,0.042846,0.039284,,,0.042846,0.015,inferred,single reading (v1); unreadable to the other two readers; v1 value kept as printed in v1,not readable in the source by the auditor or the adjudicator; v1 value kept; v1 minus the model line at this time = +0.0380
f3-sun-110-exp-024,3,sunflower,110,normalized_solvent_loading,experimental,240,0.039612,0.03605,,,0.039612,0.015,inferred,single reading (v1); unreadable to the other two readers; v1 value kept as printed in v1,not readable in the source by the auditor or the adjudicator; v1 value kept; v1 minus the model line at this time = +0.0372
f3-sun-121-exp-000,3,sunflower,121,normalized_solvent_loading,experimental,0,1.0,1.0,,,1.0,0.0,clear,defined: (X-Xe)/(Xo-Xe) = 1 at t = 0 (all markers coincide on the axis),
f3-sun-121-exp-001,3,sunflower,121,normalized_solvent_loading,experimental,10.047,0.836702,0.832903,0.8338,0.826201,0.832903,0.01,near-overlap,all three agree; median,
f3-sun-121-exp-002,3,sunflower,121,normalized_solvent_loading,experimental,20.093,0.70574,0.701941,,0.674201,0.674201,0.0139,near-overlap,two readings disagree; adjudicator direct marker reading,
f3-sun-121-exp-003,3,sunflower,121,normalized_solvent_loading,experimental,30.14,0.514956,0.511157,0.5141,0.508201,0.511157,0.01,near-overlap,all three agree; median,
f3-sun-121-exp-004,3,sunflower,121,normalized_solvent_loading,experimental,40.186,0.398545,0.394746,0.3953,0.393696,0.394746,0.01,near-overlap,all three agree; median,
f3-sun-121-exp-005,3,sunflower,121,normalized_solvent_loading,experimental,49.953,0.306386,0.302587,,0.296201,0.299394,0.01,near-overlap,"two readings (v1, adjudicator) agree; mean",
f3-sun-121-exp-006,3,sunflower,121,normalized_solvent_loading,experimental,60,0.267583,0.263784,0.2642,0.26278,0.263784,0.01,near-overlap,all three agree; median,
f3-sun-121-exp-007,3,sunflower,121,normalized_solvent_loading,experimental,70.047,0.23848,0.234681,0.2359,0.234495,0.234681,0.01,near-overlap,all three agree; median,
f3-sun-121-exp-008,3,sunflower,121,normalized_solvent_loading,experimental,80.093,0.194826,0.191027,,0.186201,0.188614,0.01,near-overlap,"two readings (v1, adjudicator) agree; mean",
f3-sun-121-exp-009,3,sunflower,121,normalized_solvent_loading,experimental,90.14,0.16249,0.158691,,0.161201,0.159946,0.01,near-overlap,"two readings (v1, adjudicator) agree; mean",
f3-sun-121-exp-010,3,sunflower,121,normalized_solvent_loading,experimental,99.907,0.143088,0.139289,0.1399,0.13844,0.139289,0.01,near-overlap,all three agree; median,
f3-sun-121-exp-011,3,sunflower,121,normalized_solvent_loading,experimental,109.953,0.128537,0.124738,0.1249,0.123601,0.124738,0.01,near-overlap,all three agree; median,
f3-sun-121-exp-012,3,sunflower,121,normalized_solvent_loading,experimental,120,0.118836,0.115037,0.1168,0.115464,0.115464,0.005,clear,all three agree; median,
f3-sun-121-exp-013,3,sunflower,121,normalized_solvent_loading,experimental,130.047,0.102668,0.098869,0.0988,0.094201,0.0988,0.01,near-overlap,all three agree; median,
f3-sun-121-exp-014,3,sunflower,121,normalized_solvent_loading,experimental,140.093,0.089733,0.085934,0.0885,0.087262,0.087262,0.01,near-overlap,all three agree; median,
f3-sun-121-exp-015,3,sunflower,121,normalized_solvent_loading,experimental,149.86,0.083266,0.079467,,0.081201,0.080334,0.01,near-overlap,"two readings (v1, adjudicator) agree; mean",
f3-sun-121-exp-016,3,sunflower,121,normalized_solvent_loading,experimental,159.907,0.068715,0.064916,0.0798,0.078503,0.079152,0.01,near-overlap,"two agree (auditor, adjudicator), v1 outvoted; mean of the pair",
f3-sun-121-exp-017,3,sunflower,121,normalized_solvent_loading,experimental,169.953,0.057397,0.053598,0.065,0.064301,0.06465,0.01,merged,"two agree (auditor, adjudicator), v1 outvoted; mean of the pair",
f3-sun-121-exp-018,3,sunflower,121,normalized_solvent_loading,experimental,180,0.05093,0.047131,,0.051301,0.049216,0.01,merged,"two readings (v1, adjudicator) agree; mean",
f3-sun-121-exp-019,3,sunflower,121,normalized_solvent_loading,experimental,190.047,0.044462,0.040663,,,0.044462,0.015,inferred,single reading (v1); unreadable to the other two readers; v1 value kept as printed in v1,not readable in the source by the auditor or the adjudicator; v1 value kept; v1 minus the model line at this time = +0.0380
f3-sun-121-exp-020,3,sunflower,121,normalized_solvent_loading,experimental,200.093,0.037995,0.034196,,,0.037995,0.015,inferred,single reading (v1); unreadable to the other two readers; v1 value kept as printed in v1,not readable in the source by the auditor or the adjudicator; v1 value kept; v1 minus the model line at this time = +0.0364
f3-sun-121-exp-021,3,sunflower,121,normalized_solvent_loading,experimental,209.86,0.033145,0.029346,,,0.033145,0.015,inferred,single reading (v1); unreadable to the other two readers; v1 value kept as printed in v1,not readable in the source by the auditor or the adjudicator; v1 value kept; v1 minus the model line at this time = +0.0323
f3-sun-121-exp-022,3,sunflower,121,normalized_solvent_loading,experimental,219.907,0.028294,0.024495,,,0.028294,0.015,inferred,single reading (v1); unreadable to the other two readers; v1 value kept as printed in v1,not readable in the source by the auditor or the adjudicator; v1 value kept; v1 minus the model line at this time = +0.0275
f3-sun-121-exp-023,3,sunflower,121,normalized_solvent_loading,experimental,229.953,0.023444,0.019645,,,0.023444,0.015,inferred,single reading (v1); unreadable to the other two readers; v1 value kept as printed in v1,not readable in the source by the auditor or the adjudicator; v1 value kept; v1 minus the model line at this time = +0.0226
f3-sun-121-exp-024,3,sunflower,121,normalized_solvent_loading,experimental,240,0.018593,0.014794,,,0.018593,0.015,inferred,single reading (v1); unreadable to the other two readers; v1 value kept as printed in v1,not readable in the source by the auditor or the adjudicator; v1 value kept; v1 minus the model line at this time = +0.0178
f3-sun-125-exp-000,3,sunflower,125,normalized_solvent_loading,experimental,0,1.0,1.0,,,1.0,0.0,clear,defined: (X-Xe)/(Xo-Xe) = 1 at t = 0 (all markers coincide on the axis),
f3-sun-125-exp-001,3,sunflower,125,normalized_solvent_loading,experimental,10.047,0.815683,0.815683,0.815,0.815,0.815,0.01,near-overlap,all three agree; median,
f3-sun-125-exp-002,3,sunflower,125,normalized_solvent_loading,experimental,20.093,0.662086,0.662086,0.6621,0.661694,0.662086,0.005,clear,all three agree; median,
f3-sun-125-exp-003,3,sunflower,125,normalized_solvent_loading,experimental,30.14,0.535974,0.535974,0.5348,0.534495,0.5348,0.005,clear,all three agree; median,
f3-sun-125-exp-004,3,sunflower,125,normalized_solvent_loading,experimental,40.186,0.427648,0.427648,0.4268,0.426548,0.4268,0.005,clear,all three agree; median,
f3-sun-125-exp-005,3,sunflower,125,normalized_solvent_loading,experimental,49.953,0.306386,0.306386,0.3055,0.30538,0.3055,0.01,near-overlap,all three agree; median,
f3-sun-125-exp-006,3,sunflower,125,normalized_solvent_loading,experimental,60,0.232013,0.232013,0.2308,0.230796,0.2308,0.005,clear,all three agree; median,
f3-sun-125-exp-007,3,sunflower,125,normalized_solvent_loading,experimental,70.047,0.209378,0.209378,0.2083,0.20825,0.2083,0.005,clear,all three agree; median,
f3-sun-125-exp-008,3,sunflower,125,normalized_solvent_loading,experimental,80.093,0.186742,0.186742,0.1854,0.185347,0.1854,0.01,near-overlap,all three agree; median,
f3-sun-125-exp-009,3,sunflower,125,normalized_solvent_loading,experimental,90.14,0.160873,0.160873,0.1602,0.160184,0.1602,0.01,near-overlap,all three agree; median,
f3-sun-125-exp-010,3,sunflower,125,normalized_solvent_loading,experimental,99.907,0.13177,0.13177,0.1307,0.13,0.1307,0.01,near-overlap,all three agree; median,
f3-sun-125-exp-011,3,sunflower,125,normalized_solvent_loading,experimental,109.953,0.110752,0.110752,0.1098,0.109862,0.109862,0.01,near-overlap,all three agree; median,
f3-sun-125-exp-012,3,sunflower,125,normalized_solvent_loading,experimental,120,0.084883,0.084883,0.0845,0.084556,0.084556,0.01,near-overlap,all three agree; median,
f3-sun-125-exp-013,3,sunflower,125,normalized_solvent_loading,experimental,130.047,0.080032,0.080032,0.0789,0.079003,0.079003,0.01,near-overlap,all three agree; median,
f3-sun-125-exp-014,3,sunflower,125,normalized_solvent_loading,experimental,140.093,0.065481,0.065481,0.0646,0.064643,0.064643,0.01,near-overlap,all three agree; median,
f3-sun-125-exp-015,3,sunflower,125,normalized_solvent_loading,experimental,149.86,0.057397,0.057397,,0.063,0.060198,0.01,near-overlap,"two readings (v1, adjudicator) agree; mean",
f3-sun-125-exp-016,3,sunflower,125,normalized_solvent_loading,experimental,159.907,0.049313,0.049313,0.0568,0.06,0.0584,0.01,merged,"two agree (auditor, adjudicator), v1 outvoted; mean of the pair",
f3-sun-125-exp-017,3,sunflower,125,normalized_solvent_loading,experimental,169.953,0.044462,0.044462,0.0567,0.0568,0.05675,0.01,merged,"two agree (auditor, adjudicator), v1 outvoted; mean of the pair",
f3-sun-125-exp-018,3,sunflower,125,normalized_solvent_loading,experimental,180,0.039612,0.039612,0.0487,0.0535,0.0511,0.01,merged,"two agree (auditor, adjudicator), v1 outvoted; mean of the pair",
f3-sun-125-exp-019,3,sunflower,125,normalized_solvent_loading,experimental,190.047,0.036378,0.036378,0.0349,0.047,0.035639,0.01,merged,"two agree (v1, auditor), adjudicator outvoted; mean of the pair",
f3-sun-125-exp-020,3,sunflower,125,normalized_solvent_loading,experimental,200.093,0.033145,0.033145,,0.0438,0.038472,0.0103,merged,"two readings disagree; mean, widened",
f3-sun-125-exp-021,3,sunflower,125,normalized_solvent_loading,experimental,209.86,0.029911,0.029911,,0.037,0.033456,0.01,merged,"two readings (v1, adjudicator) agree; mean",
f3-sun-125-exp-022,3,sunflower,125,normalized_solvent_loading,experimental,219.907,0.028294,0.028294,,0.0341,0.031197,0.01,merged,"two readings (v1, adjudicator) agree; mean",
f3-sun-125-exp-023,3,sunflower,125,normalized_solvent_loading,experimental,229.953,0.025061,0.025061,,0.034,0.029531,0.01,merged,"two readings (v1, adjudicator) agree; mean",
f3-sun-125-exp-024,3,sunflower,125,normalized_solvent_loading,experimental,240,0.021827,0.021827,,0.0268,0.024314,0.01,merged,"two readings (v1, adjudicator) agree; mean",
f3-sun-136-exp-000,3,sunflower,136,normalized_solvent_loading,experimental,0,1.0,1.0,,,1.0,0.0,clear,defined: (X-Xe)/(Xo-Xe) = 1 at t = 0 (all markers coincide on the axis),
f3-sun-136-exp-001,3,sunflower,136,normalized_solvent_loading,experimental,10.047,0.778496,0.778496,0.7777,0.776321,0.7777,0.005,clear,all three agree; median,
f3-sun-136-exp-002,3,sunflower,136,normalized_solvent_loading,experimental,20.093,0.574778,0.574778,0.5741,0.572918,0.5741,0.005,clear,all three agree; median,
f3-sun-136-exp-003,3,sunflower,136,normalized_solvent_loading,experimental,30.14,0.409863,0.409863,0.4088,0.407828,0.4088,0.005,clear,all three agree; median,
f3-sun-136-exp-004,3,sunflower,136,normalized_solvent_loading,experimental,40.186,0.283751,0.283751,0.2836,0.282653,0.2836,0.005,clear,all three agree; median,
f3-sun-136-exp-005,3,sunflower,136,normalized_solvent_loading,experimental,49.953,0.194826,0.194826,0.1942,0.193337,0.1942,0.005,clear,all three agree; median,
f3-sun-136-exp-006,3,sunflower,136,normalized_solvent_loading,experimental,60,0.144705,0.144705,0.1454,0.144568,0.144705,0.005,clear,all three agree; median,
f3-sun-136-exp-007,3,sunflower,136,normalized_solvent_loading,experimental,70.047,0.120453,0.120453,0.1196,0.11888,0.1196,0.005,clear,all three agree; median,
f3-sun-136-exp-008,3,sunflower,136,normalized_solvent_loading,experimental,80.093,0.0962,0.0962,0.0952,0.094495,0.0952,0.005,clear,all three agree; median,
f3-sun-136-exp-009,3,sunflower,136,normalized_solvent_loading,experimental,90.14,0.078416,0.078416,0.0809,0.080105,0.080105,0.005,clear,all three agree; median,
f3-sun-136-exp-010,3,sunflower,136,normalized_solvent_loading,experimental,99.907,0.073565,0.073565,0.0736,0.07294,0.073565,0.005,clear,all three agree; median,
f3-sun-136-exp-011,3,sunflower,136,normalized_solvent_loading,experimental,109.953,0.070331,0.070331,0.0704,0.069698,0.070331,0.005,clear,all three agree; median,
f3-sun-136-exp-012,3,sunflower,136,normalized_solvent_loading,experimental,120,0.054163,0.054163,0.0542,0.053525,0.054163,0.005,clear,all three agree; median,
f3-sun-136-exp-013,3,sunflower,136,normalized_solvent_loading,experimental,130.047,0.052546,0.052546,0.0517,0.05104,0.0517,0.005,clear,all three agree; median,
f3-sun-136-exp-014,3,sunflower,136,normalized_solvent_loading,experimental,140.093,0.05093,0.05093,0.0501,0.049353,0.0501,0.005,clear,all three agree; median,
f3-sun-136-exp-015,3,sunflower,136,normalized_solvent_loading,experimental,149.86,0.047696,0.047696,0.0476,0.047025,0.0476,0.005,clear,all three agree; median,
f3-sun-136-exp-016,3,sunflower,136,normalized_solvent_loading,experimental,159.907,0.044462,0.044462,0.0356,0.034929,0.0356,0.01,near-overlap,all three agree; median,
f3-sun-136-exp-017,3,sunflower,136,normalized_solvent_loading,experimental,169.953,0.041229,0.041229,0.033,0.0357,0.0357,0.01,near-overlap,all three agree; median,
f3-sun-136-exp-018,3,sunflower,136,normalized_solvent_loading,experimental,180,0.036378,0.036378,0.0352,0.034557,0.0352,0.01,near-overlap,all three agree; median,
f3-sun-136-exp-019,3,sunflower,136,normalized_solvent_loading,experimental,190.047,0.034762,0.034762,0.0351,0.034445,0.034762,0.01,near-overlap,all three agree; median,
f3-sun-136-exp-020,3,sunflower,136,normalized_solvent_loading,experimental,200.093,0.031528,0.031528,0.0322,0.0357,0.0322,0.01,near-overlap,all three agree; median,
f3-sun-136-exp-021,3,sunflower,136,normalized_solvent_loading,experimental,209.86,0.029911,0.029911,,0.03,0.029956,0.01,near-overlap,"two readings (v1, adjudicator) agree; mean",
f3-sun-136-exp-022,3,sunflower,136,normalized_solvent_loading,experimental,219.907,0.028294,0.028294,,0.0284,0.028347,0.01,near-overlap,"two readings (v1, adjudicator) agree; mean",
f3-sun-136-exp-023,3,sunflower,136,normalized_solvent_loading,experimental,229.953,0.026677,0.026677,,0.023,0.024839,0.01,near-overlap,"two readings (v1, adjudicator) agree; mean",
f3-sun-136-exp-024,3,sunflower,136,normalized_solvent_loading,experimental,240,0.023444,0.023444,0.0276,0.0212,0.023444,0.01,near-overlap,all three agree; median,
f3-sun-93-model-000,3,sunflower,93,normalized_solvent_loading,faner_model_line,0,1.0,1.0,,,1.0,0.007,merged,"all model lines start at (0, 1); v1 kept",
f3-sun-101-model-000,3,sunflower,101,normalized_solvent_loading,faner_model_line,0,1.0,1.0,,,1.0,0.007,merged,"all model lines start at (0, 1); v1 kept",
f3-sun-110-model-000,3,sunflower,110,normalized_solvent_loading,faner_model_line,0,1.0,1.0,,,1.0,0.007,merged,"all model lines start at (0, 1); v1 kept",
f3-sun-121-model-000,3,sunflower,121,normalized_solvent_loading,faner_model_line,0,1.0,1.0,,,1.0,0.007,merged,"all model lines start at (0, 1); v1 kept",
f3-sun-125-model-000,3,sunflower,125,normalized_solvent_loading,faner_model_line,0,1.0,1.0,,,1.0,0.007,merged,"all model lines start at (0, 1); v1 kept",
f3-sun-136-model-000,3,sunflower,136,normalized_solvent_loading,faner_model_line,0,1.0,1.0,,,1.0,0.007,merged,"all model lines start at (0, 1); v1 kept",
f3-sun-93-model-015,3,sunflower,93,normalized_solvent_loading,faner_model_line,15,0.88844,0.88844,0.8895,0.8889,0.8889,0.007,clear,all three agree; median,
f3-sun-101-model-015,3,sunflower,101,normalized_solvent_loading,faner_model_line,15,0.865804,0.865804,0.8652,0.8646,0.8652,0.007,clear,all three agree; median,
f3-sun-110-model-015,3,sunflower,110,normalized_solvent_loading,faner_model_line,15,0.833468,0.833468,0.8321,0.832,0.8321,0.007,clear,all three agree; median,
f3-sun-121-model-015,3,sunflower,121,normalized_solvent_loading,faner_model_line,15,0.78658,0.78658,0.7865,0.7867,0.78658,0.014,near-overlap,all three agree; median,
f3-sun-125-model-015,3,sunflower,125,normalized_solvent_loading,faner_model_line,15,0.765562,0.765562,0.7671,0.763,0.765562,0.014,near-overlap,all three agree; median,
f3-sun-136-model-015,3,sunflower,136,normalized_solvent_loading,faner_model_line,15,0.717057,0.717057,0.717,0.7203,0.717057,0.014,near-overlap,all three agree; median,
f3-sun-93-model-025,3,sunflower,93,normalized_solvent_loading,faner_model_line,24.999,0.8173,0.8173,0.8173,0.8163,0.8173,0.007,clear,all three agree; median,
f3-sun-101-model-025,3,sunflower,101,normalized_solvent_loading,faner_model_line,24.999,0.778496,0.778496,0.7776,0.7771,0.7776,0.007,clear,all three agree; median,
f3-sun-110-model-025,3,sunflower,110,normalized_solvent_loading,faner_model_line,24.999,0.723525,0.723525,0.7237,0.7232,0.723525,0.007,clear,all three agree; median,
f3-sun-121-model-025,3,sunflower,121,normalized_solvent_loading,faner_model_line,24.999,0.649151,0.649151,0.65,0.6491,0.649151,0.007,clear,all three agree; median,
f3-sun-125-model-025,3,sunflower,125,normalized_solvent_loading,faner_model_line,24.999,0.618432,0.618432,0.6185,0.6181,0.618432,0.007,clear,all three agree; median,
f3-sun-136-model-025,3,sunflower,136,normalized_solvent_loading,faner_model_line,24.999,0.535974,0.535974,0.5362,0.5394,0.5362,0.014,near-overlap,all three agree; median,
f3-sun-93-model-035,3,sunflower,93,normalized_solvent_loading,faner_model_line,35.001,0.747777,0.747777,0.7462,0.748,0.747777,0.007,clear,all three agree; median,
f3-sun-101-model-035,3,sunflower,101,normalized_solvent_loading,faner_model_line,35.001,0.694422,0.694422,0.6919,0.6934,0.6934,0.007,clear,all three agree; median,
f3-sun-110-model-035,3,sunflower,110,normalized_solvent_loading,faner_model_line,35.001,0.620049,0.620049,0.6183,0.6206,0.620049,0.007,clear,all three agree; median,
f3-sun-121-model-035,3,sunflower,121,normalized_solvent_loading,faner_model_line,35.001,0.519806,0.519806,0.516,0.5196,0.5196,0.007,clear,all three agree; median,
f3-sun-125-model-035,3,sunflower,125,normalized_solvent_loading,faner_model_line,35.001,0.477769,0.477769,0.473,0.4763,0.4763,0.007,clear,all three agree; median,
f3-sun-136-model-035,3,sunflower,136,normalized_solvent_loading,faner_model_line,35.001,0.377526,0.377526,0.3726,0.3798,0.377526,0.014,near-overlap,all three agree; median,
f3-sun-93-model-045,3,sunflower,93,normalized_solvent_loading,faner_model_line,45,0.678254,0.678254,0.6782,0.6774,0.6782,0.007,clear,all three agree; median,
f3-sun-101-model-045,3,sunflower,101,normalized_solvent_loading,faner_model_line,45,0.610348,0.610348,0.6097,0.6093,0.6097,0.007,clear,all three agree; median,
f3-sun-110-model-045,3,sunflower,110,normalized_solvent_loading,faner_model_line,45,0.518189,0.518189,0.5184,0.5181,0.518189,0.007,clear,all three agree; median,
f3-sun-121-model-045,3,sunflower,121,normalized_solvent_loading,faner_model_line,45,0.400162,0.400162,0.3989,0.3987,0.3989,0.007,clear,all three agree; median,
f3-sun-125-model-045,3,sunflower,125,normalized_solvent_loading,faner_model_line,45,0.358124,0.358124,0.359,0.3588,0.3588,0.007,clear,all three agree; median,
f3-sun-136-model-045,3,sunflower,136,normalized_solvent_loading,faner_model_line,45,0.264349,0.264349,0.2653,0.2652,0.2652,0.007,clear,all three agree; median,
f3-sun-93-model-055,3,sunflower,93,normalized_solvent_loading,faner_model_line,54.999,0.610348,0.610348,0.6097,0.6093,0.6097,0.007,clear,all three agree; median,
f3-sun-101-model-055,3,sunflower,101,normalized_solvent_loading,faner_model_line,54.999,0.526273,0.526273,0.5273,0.527,0.527,0.007,clear,all three agree; median,
f3-sun-110-model-055,3,sunflower,110,normalized_solvent_loading,faner_model_line,54.999,0.41633,0.41633,0.4178,0.4176,0.4176,0.007,clear,all three agree; median,
f3-sun-121-model-055,3,sunflower,121,normalized_solvent_loading,faner_model_line,54.999,0.31447,0.31447,0.3145,0.3144,0.31447,0.007,clear,all three agree; median,
f3-sun-125-model-055,3,sunflower,125,normalized_solvent_loading,faner_model_line,54.999,0.283751,0.283751,0.2853,0.2852,0.2852,0.007,clear,all three agree; median,
f3-sun-136-model-055,3,sunflower,136,normalized_solvent_loading,faner_model_line,54.999,0.199677,0.199677,0.2013,0.2013,0.2013,0.007,clear,all three agree; median,
f3-sun-93-model-065,3,sunflower,93,normalized_solvent_loading,faner_model_line,65.001,0.542441,0.542441,0.5425,0.5422,0.542441,0.007,clear,all three agree; median,
f3-sun-101-model-065,3,sunflower,101,normalized_solvent_loading,faner_model_line,65.001,0.448666,0.448666,0.4477,0.4475,0.4477,0.007,clear,all three agree; median,
f3-sun-110-model-065,3,sunflower,110,normalized_solvent_loading,faner_model_line,65.001,0.332255,0.332255,0.3324,0.3322,0.332255,0.007,clear,all three agree; median,
f3-sun-121-model-065,3,sunflower,121,normalized_solvent_loading,faner_model_line,65.001,0.257882,0.257882,0.2577,0.2577,0.2577,0.007,clear,all three agree; median,
f3-sun-125-model-065,3,sunflower,125,normalized_solvent_loading,faner_model_line,65.001,0.232013,0.232013,0.2307,0.2306,0.2307,0.007,clear,all three agree; median,
f3-sun-136-model-065,3,sunflower,136,normalized_solvent_loading,faner_model_line,65.001,0.151172,0.151172,0.1521,0.1521,0.1521,0.007,clear,all three agree; median,
f3-sun-93-model-075,3,sunflower,93,normalized_solvent_loading,faner_model_line,75,0.476152,0.476152,0.4763,0.4761,0.476152,0.007,clear,all three agree; median,
f3-sun-101-model-075,3,sunflower,101,normalized_solvent_loading,faner_model_line,75,0.367825,0.367825,0.3674,0.3672,0.3674,0.007,clear,all three agree; median,
f3-sun-110-model-075,3,sunflower,110,normalized_solvent_loading,faner_model_line,75,0.27405,0.27405,0.2749,0.2748,0.2748,0.007,clear,all three agree; median,
f3-sun-121-model-075,3,sunflower,121,normalized_solvent_loading,faner_model_line,75,0.212611,0.212611,0.2121,0.212,0.2121,0.007,clear,all three agree; median,
f3-sun-125-model-075,3,sunflower,125,normalized_solvent_loading,faner_model_line,75,0.186742,0.186742,0.1877,0.1877,0.1877,0.007,clear,all three agree; median,
f3-sun-136-model-075,3,sunflower,136,normalized_solvent_loading,faner_model_line,75,0.115602,0.115602,0.1147,0.1147,0.1147,0.007,clear,all three agree; median,
f3-sun-93-model-085,3,sunflower,93,normalized_solvent_loading,faner_model_line,84.999,0.411479,0.411479,0.4114,0.4108,0.4114,0.007,clear,all three agree; median,
f3-sun-101-model-085,3,sunflower,101,normalized_solvent_loading,faner_model_line,84.999,0.303153,0.303153,0.3018,0.3017,0.3018,0.007,clear,all three agree; median,
f3-sun-110-model-085,3,sunflower,110,normalized_solvent_loading,faner_model_line,84.999,0.230396,0.230396,0.2311,0.231,0.231,0.007,clear,all three agree; median,
f3-sun-121-model-085,3,sunflower,121,normalized_solvent_loading,faner_model_line,84.999,0.175424,0.175424,0.1755,0.1755,0.1755,0.007,clear,all three agree; median,
f3-sun-125-model-085,3,sunflower,125,normalized_solvent_loading,faner_model_line,84.999,0.152789,0.152789,0.1529,0.1529,0.1529,0.007,clear,all three agree; median,
f3-sun-136-model-085,3,sunflower,136,normalized_solvent_loading,faner_model_line,84.999,0.084883,0.084883,0.0849,0.085,0.0849,0.007,clear,all three agree; median,
f3-sun-93-model-095,3,sunflower,93,normalized_solvent_loading,faner_model_line,95.001,0.351657,0.351657,0.3501,0.3499,0.3501,0.007,clear,all three agree; median,
f3-sun-101-model-095,3,sunflower,101,normalized_solvent_loading,faner_model_line,95.001,0.256265,0.256265,0.2569,0.2564,0.2564,0.007,clear,all three agree; median,
f3-sun-110-model-095,3,sunflower,110,normalized_solvent_loading,faner_model_line,95.001,0.196443,0.196443,0.1959,0.1958,0.1959,0.007,clear,all three agree; median,
f3-sun-121-model-095,3,sunflower,121,normalized_solvent_loading,faner_model_line,95.001,0.144705,0.144705,0.1455,0.1455,0.1455,0.007,clear,all three agree; median,
f3-sun-125-model-095,3,sunflower,125,normalized_solvent_loading,faner_model_line,95.001,0.125303,0.125303,0.1245,0.1246,0.1246,0.007,clear,all three agree; median,
f3-sun-136-model-095,3,sunflower,136,normalized_solvent_loading,faner_model_line,95.001,0.060631,0.060631,0.0616,0.0616,0.0616,0.007,clear,all three agree; median,
f3-sun-93-model-105,3,sunflower,93,normalized_solvent_loading,faner_model_line,105,0.298302,0.298302,0.2991,0.299,0.299,0.007,clear,all three agree; median,
f3-sun-101-model-105,3,sunflower,101,normalized_solvent_loading,faner_model_line,105,0.219078,0.219078,0.2199,0.2198,0.2198,0.007,clear,all three agree; median,
f3-sun-110-model-105,3,sunflower,110,normalized_solvent_loading,faner_model_line,105,0.16734,0.16734,0.1659,0.1659,0.1659,0.007,clear,all three agree; median,
f3-sun-121-model-105,3,sunflower,121,normalized_solvent_loading,faner_model_line,105,0.118836,0.118836,0.1196,0.1197,0.1196,0.007,clear,all three agree; median,
f3-sun-125-model-105,3,sunflower,125,normalized_solvent_loading,faner_model_line,105,0.099434,0.099434,0.0996,0.0997,0.0996,0.007,clear,all three agree; median,
f3-sun-136-model-105,3,sunflower,136,normalized_solvent_loading,faner_model_line,105,0.041229,0.041229,0.0422,0.0423,0.0422,0.007,clear,all three agree; median,
f3-sun-93-model-115,3,sunflower,93,normalized_solvent_loading,faner_model_line,114.999,0.261116,0.261116,0.2612,0.2611,0.261116,0.007,clear,all three agree; median,
f3-sun-101-model-115,3,sunflower,101,normalized_solvent_loading,faner_model_line,114.999,0.189976,0.189976,0.1894,0.1894,0.1894,0.007,clear,all three agree; median,
f3-sun-110-model-115,3,sunflower,110,normalized_solvent_loading,faner_model_line,114.999,0.141471,0.141471,0.1406,0.1407,0.1407,0.007,clear,all three agree; median,
f3-sun-121-model-115,3,sunflower,121,normalized_solvent_loading,faner_model_line,114.999,0.0962,0.0962,0.0972,0.0973,0.0972,0.007,clear,all three agree; median,
f3-sun-125-model-115,3,sunflower,125,normalized_solvent_loading,faner_model_line,114.999,0.078416,0.078416,0.0786,0.0787,0.0786,0.007,clear,all three agree; median,
f3-sun-136-model-115,3,sunflower,136,normalized_solvent_loading,faner_model_line,114.999,0.026677,0.026677,0.0268,0.0269,0.0268,0.007,clear,all three agree; median,
f3-sun-93-model-125,3,sunflower,93,normalized_solvent_loading,faner_model_line,125.001,0.228779,0.228779,0.2299,0.2298,0.2298,0.007,clear,all three agree; median,
f3-sun-101-model-125,3,sunflower,101,normalized_solvent_loading,faner_model_line,125.001,0.164107,0.164107,0.1641,0.1641,0.1641,0.007,clear,all three agree; median,
f3-sun-110-model-125,3,sunflower,110,normalized_solvent_loading,faner_model_line,125.001,0.118836,0.118836,0.1188,0.1188,0.1188,0.007,clear,all three agree; median,
f3-sun-121-model-125,3,sunflower,121,normalized_solvent_loading,faner_model_line,125.001,0.078416,0.078416,0.0784,0.0785,0.078416,0.007,clear,all three agree; median,
f3-sun-125-model-125,3,sunflower,125,normalized_solvent_loading,faner_model_line,125.001,0.060631,0.060631,0.0608,0.0609,0.0608,0.007,clear,all three agree; median,
f3-sun-136-model-125,3,sunflower,136,normalized_solvent_loading,faner_model_line,125.001,0.01536,0.01536,0.0154,0.0155,0.0154,0.007,clear,all three agree; median,
f3-sun-93-model-135,3,sunflower,93,normalized_solvent_loading,faner_model_line,135,0.20291,0.20291,,0.2039,0.203405,0.007,clear,"two readings (v1, adjudicator) agree; mean",
f3-sun-101-model-135,3,sunflower,101,normalized_solvent_loading,faner_model_line,135,0.141471,0.141471,,0.1416,0.141536,0.007,clear,"two readings (v1, adjudicator) agree; mean",
f3-sun-110-model-135,3,sunflower,110,normalized_solvent_loading,faner_model_line,135,0.099434,0.099434,,0.0996,0.099517,0.007,clear,"two readings (v1, adjudicator) agree; mean",
f3-sun-121-model-135,3,sunflower,121,normalized_solvent_loading,faner_model_line,135,0.060631,0.060631,,0.0616,0.061116,0.007,clear,"two readings (v1, adjudicator) agree; mean",
f3-sun-125-model-135,3,sunflower,125,normalized_solvent_loading,faner_model_line,135,0.046079,0.046079,,0.0462,0.046139,0.007,clear,"two readings (v1, adjudicator) agree; mean",
f3-sun-136-model-135,3,sunflower,136,normalized_solvent_loading,faner_model_line,135,0.004042,0.004042,,0.0073,0.005671,0.014,merged,"two readings (v1, adjudicator) agree; mean",line merges with the time axis
f3-sun-93-model-145,3,sunflower,93,normalized_solvent_loading,faner_model_line,144.999,0.181892,0.181892,,0.182,0.181946,0.007,clear,"two readings (v1, adjudicator) agree; mean",
f3-sun-101-model-145,3,sunflower,101,normalized_solvent_loading,faner_model_line,144.999,0.12207,0.12207,,0.1229,0.122485,0.007,clear,"two readings (v1, adjudicator) agree; mean",
f3-sun-110-model-145,3,sunflower,110,normalized_solvent_loading,faner_model_line,144.999,0.083266,0.083266,,0.0833,0.083283,0.007,clear,"two readings (v1, adjudicator) agree; mean",
f3-sun-121-model-145,3,sunflower,121,normalized_solvent_loading,faner_model_line,144.999,0.047696,0.047696,,0.0478,0.047748,0.007,clear,"two readings (v1, adjudicator) agree; mean",
f3-sun-125-model-145,3,sunflower,125,normalized_solvent_loading,faner_model_line,144.999,0.033145,0.033145,,0.0334,0.033272,0.007,clear,"two readings (v1, adjudicator) agree; mean",
f3-sun-136-model-145,3,sunflower,136,normalized_solvent_loading,faner_model_line,144.999,0.000808,0.000808,,,0.000808,0.021,inferred,single reading (v1); unreadable to the other two readers; v1 value kept as printed in v1,line merges with the time axis; not readable in the source by the auditor or the adjudicator; v1 value kept
f3-sun-93-model-155,3,sunflower,93,normalized_solvent_loading,faner_model_line,155.001,0.16249,0.16249,,0.1624,0.162445,0.007,clear,"two readings (v1, adjudicator) agree; mean",
f3-sun-101-model-155,3,sunflower,101,normalized_solvent_loading,faner_model_line,155.001,0.105901,0.105901,,0.106,0.105951,0.007,clear,"two readings (v1, adjudicator) agree; mean",
f3-sun-110-model-155,3,sunflower,110,normalized_solvent_loading,faner_model_line,155.001,0.068715,0.068715,,0.0688,0.068757,0.007,clear,"two readings (v1, adjudicator) agree; mean",
f3-sun-121-model-155,3,sunflower,121,normalized_solvent_loading,faner_model_line,155.001,0.034762,0.034762,,0.0357,0.035231,0.007,clear,"two readings (v1, adjudicator) agree; mean",
f3-sun-125-model-155,3,sunflower,125,normalized_solvent_loading,faner_model_line,155.001,0.023444,0.023444,,0.023,0.023222,0.007,clear,"two readings (v1, adjudicator) agree; mean",
f3-sun-93-model-165,3,sunflower,93,normalized_solvent_loading,faner_model_line,165,0.144705,0.144705,,0.1447,0.144703,0.007,clear,"two readings (v1, adjudicator) agree; mean",
f3-sun-101-model-165,3,sunflower,101,normalized_solvent_loading,faner_model_line,165,0.089733,0.089733,,0.0907,0.090217,0.007,clear,"two readings (v1, adjudicator) agree; mean",
f3-sun-110-model-165,3,sunflower,110,normalized_solvent_loading,faner_model_line,165,0.05578,0.05578,,0.0558,0.05579,0.007,clear,"two readings (v1, adjudicator) agree; mean",
f3-sun-121-model-165,3,sunflower,121,normalized_solvent_loading,faner_model_line,165,0.025061,0.025061,,0.0253,0.025181,0.007,clear,"two readings (v1, adjudicator) agree; mean",
f3-sun-125-model-165,3,sunflower,125,normalized_solvent_loading,faner_model_line,165,0.013743,0.013743,,0.0141,0.013921,0.007,clear,"two readings (v1, adjudicator) agree; mean",
f3-sun-93-model-175,3,sunflower,93,normalized_solvent_loading,faner_model_line,174.999,0.128537,0.128537,,0.1287,0.128619,0.007,clear,"two readings (v1, adjudicator) agree; mean",
f3-sun-101-model-175,3,sunflower,101,normalized_solvent_loading,faner_model_line,174.999,0.076799,0.076799,,0.077,0.0769,0.007,clear,"two readings (v1, adjudicator) agree; mean",
f3-sun-110-model-175,3,sunflower,110,normalized_solvent_loading,faner_model_line,174.999,0.044462,0.044462,,0.0445,0.044481,0.007,clear,"two readings (v1, adjudicator) agree; mean",
f3-sun-121-model-175,3,sunflower,121,normalized_solvent_loading,faner_model_line,174.999,0.016977,0.016977,,0.0171,0.017038,0.007,clear,"two readings (v1, adjudicator) agree; mean",
f3-sun-125-model-175,3,sunflower,125,normalized_solvent_loading,faner_model_line,174.999,0.007276,0.007276,,0.0075,0.007388,0.014,merged,"two readings (v1, adjudicator) agree; mean",line merges with the time axis
f3-sun-93-model-185,3,sunflower,93,normalized_solvent_loading,faner_model_line,185.001,0.113985,0.113985,,0.1141,0.114042,0.007,clear,"two readings (v1, adjudicator) agree; mean",
f3-sun-101-model-185,3,sunflower,101,normalized_solvent_loading,faner_model_line,185.001,0.065481,0.065481,,0.0655,0.065491,0.007,clear,"two readings (v1, adjudicator) agree; mean",
f3-sun-110-model-185,3,sunflower,110,normalized_solvent_loading,faner_model_line,185.001,0.034762,0.034762,,0.0343,0.034531,0.007,clear,"two readings (v1, adjudicator) agree; mean",
f3-sun-121-model-185,3,sunflower,121,normalized_solvent_loading,faner_model_line,185.001,0.010509,0.010509,,0.0101,0.010304,0.007,clear,"two readings (v1, adjudicator) agree; mean",
f3-sun-125-model-185,3,sunflower,125,normalized_solvent_loading,faner_model_line,185.001,0.002425,0.002425,,0.0101,0.006262,0.014,merged,"two readings (v1, adjudicator) agree; mean",line merges with the time axis
f3-sun-93-model-195,3,sunflower,93,normalized_solvent_loading,faner_model_line,195,0.101051,0.101051,,0.1012,0.101126,0.007,clear,"two readings (v1, adjudicator) agree; mean",
f3-sun-101-model-195,3,sunflower,101,normalized_solvent_loading,faner_model_line,195,0.054163,0.054163,,0.0544,0.054281,0.007,clear,"two readings (v1, adjudicator) agree; mean",
f3-sun-110-model-195,3,sunflower,110,normalized_solvent_loading,faner_model_line,195,0.025061,0.025061,,0.0259,0.02548,0.007,clear,"two readings (v1, adjudicator) agree; mean",
f3-sun-121-model-195,3,sunflower,121,normalized_solvent_loading,faner_model_line,195,0.002425,0.002425,,,0.002425,0.021,inferred,single reading (v1); unreadable to the other two readers; v1 value kept as printed in v1,line merges with the time axis; not readable in the source by the auditor or the adjudicator; v1 value kept
f3-sun-93-model-205,3,sunflower,93,normalized_solvent_loading,faner_model_line,204.999,0.089733,0.089733,,0.0899,0.089816,0.007,clear,"two readings (v1, adjudicator) agree; mean",
f3-sun-101-model-205,3,sunflower,101,normalized_solvent_loading,faner_model_line,204.999,0.044462,0.044462,,0.0448,0.044631,0.007,clear,"two readings (v1, adjudicator) agree; mean",
f3-sun-110-model-205,3,sunflower,110,normalized_solvent_loading,faner_model_line,204.999,0.018593,0.018593,,0.0188,0.018696,0.007,clear,"two readings (v1, adjudicator) agree; mean",
f3-sun-121-model-205,3,sunflower,121,normalized_solvent_loading,faner_model_line,204.999,0.000808,0.000808,,,0.000808,0.021,inferred,single reading (v1); unreadable to the other two readers; v1 value kept as printed in v1,line merges with the time axis; not readable in the source by the auditor or the adjudicator; v1 value kept
f3-sun-93-model-215,3,sunflower,93,normalized_solvent_loading,faner_model_line,215.001,0.080032,0.080032,,0.0792,0.079616,0.007,clear,"two readings (v1, adjudicator) agree; mean",
f3-sun-101-model-215,3,sunflower,101,normalized_solvent_loading,faner_model_line,215.001,0.036378,0.036378,,0.0366,0.036489,0.007,clear,"two readings (v1, adjudicator) agree; mean",
f3-sun-110-model-215,3,sunflower,110,normalized_solvent_loading,faner_model_line,215.001,0.012126,0.012126,,0.0124,0.012263,0.007,clear,"two readings (v1, adjudicator) agree; mean",
f3-sun-93-model-225,3,sunflower,93,normalized_solvent_loading,faner_model_line,225,0.068715,0.068715,,0.0683,0.068507,0.007,clear,"two readings (v1, adjudicator) agree; mean",
f3-sun-101-model-225,3,sunflower,101,normalized_solvent_loading,faner_model_line,225,0.028294,0.028294,,0.0293,0.028797,0.007,clear,"two readings (v1, adjudicator) agree; mean",
f3-sun-110-model-225,3,sunflower,110,normalized_solvent_loading,faner_model_line,225,0.007276,0.007276,,0.0075,0.007388,0.014,merged,"two readings (v1, adjudicator) agree; mean",line merges with the time axis
f3-sun-93-model-235,3,sunflower,93,normalized_solvent_loading,faner_model_line,234.999,0.063864,0.063864,,0.064,0.063932,0.007,clear,"two readings (v1, adjudicator) agree; mean",
f3-sun-101-model-235,3,sunflower,101,normalized_solvent_loading,faner_model_line,234.999,0.021827,0.021827,,0.0222,0.022013,0.007,clear,"two readings (v1, adjudicator) agree; mean",
f3-sun-110-model-235,3,sunflower,110,normalized_solvent_loading,faner_model_line,234.999,0.002425,0.002425,,,0.002425,0.021,inferred,single reading (v1); unreadable to the other two readers; v1 value kept as printed in v1,line merges with the time axis; not readable in the source by the auditor or the adjudicator; v1 value kept
f4-soy-92-exp-000,4,soybean,92,normalized_solvent_loading,experimental,0,0.999182,0.999182,,,1.0,0.0,clear,defined: (X-Xe)/(Xo-Xe) = 1 at t = 0 (all markers coincide on the axis),
f4-soy-92-exp-001,4,soybean,92,normalized_solvent_loading,experimental,9.894,0.910802,0.910802,0.912,0.9109,0.9109,0.01,near-overlap,all three agree; median,
f4-soy-92-exp-002,4,soybean,92,normalized_solvent_loading,experimental,20.071,0.843699,0.843699,0.8439,0.843687,0.843699,0.005,clear,all three agree; median,
f4-soy-92-exp-003,4,soybean,92,normalized_solvent_loading,experimental,29.965,0.753682,0.753682,0.7535,0.753285,0.7535,0.005,clear,all three agree; median,
f4-soy-92-exp-004,4,soybean,92,normalized_solvent_loading,experimental,39.859,0.686579,0.686579,0.6872,0.687009,0.687009,0.005,clear,all three agree; median,
f4-soy-92-exp-005,4,soybean,92,normalized_solvent_loading,experimental,50.035,0.604746,0.604746,0.6042,0.604072,0.6042,0.005,clear,all three agree; median,
f4-soy-92-exp-006,4,soybean,92,normalized_solvent_loading,experimental,59.929,0.54419,0.54419,0.5452,0.545014,0.545014,0.005,clear,all three agree; median,
f4-soy-92-exp-007,4,soybean,92,normalized_solvent_loading,experimental,69.823,0.483633,0.483633,0.4723,0.472159,0.472229,0.005,clear,"two agree (auditor, adjudicator), v1 outvoted; mean of the pair",
f4-soy-92-exp-008,4,soybean,92,normalized_solvent_loading,experimental,80,0.413257,0.413257,0.4137,0.413546,0.413546,0.005,clear,all three agree; median,
f4-soy-92-exp-009,4,soybean,92,normalized_solvent_loading,experimental,89.894,0.351064,0.351064,0.3437,0.34353,0.343615,0.005,clear,"two agree (auditor, adjudicator), v1 outvoted; mean of the pair",
f4-soy-92-exp-010,4,soybean,92,normalized_solvent_loading,experimental,100.071,0.297054,0.297054,0.2978,0.297721,0.297721,0.005,clear,all three agree; median,
f4-soy-92-exp-011,4,soybean,92,normalized_solvent_loading,experimental,109.965,0.254501,0.254501,0.2544,0.254331,0.2544,0.005,clear,all three agree; median,
f4-soy-92-exp-012,4,soybean,92,normalized_solvent_loading,experimental,119.859,0.220131,0.220131,0.2199,0.219756,0.2199,0.005,clear,all three agree; median,
f4-soy-92-exp-013,4,soybean,92,normalized_solvent_loading,experimental,130.035,0.185761,0.185761,0.1861,0.185998,0.185998,0.005,clear,all three agree; median,
f4-soy-92-exp-014,4,soybean,92,normalized_solvent_loading,experimental,139.929,0.162848,0.162848,0.1575,0.157437,0.157469,0.005,clear,"two agree (auditor, adjudicator), v1 outvoted; mean of the pair",
f4-soy-92-exp-015,4,soybean,92,normalized_solvent_loading,experimental,149.823,0.141571,0.141571,0.1299,0.129836,0.129868,0.005,clear,"two agree (auditor, adjudicator), v1 outvoted; mean of the pair",
f4-soy-92-exp-016,4,soybean,92,normalized_solvent_loading,experimental,160,0.123568,0.123568,0.1081,0.108033,0.108066,0.005,clear,"two agree (auditor, adjudicator), v1 outvoted; mean of the pair",
f4-soy-92-exp-017,4,soybean,92,normalized_solvent_loading,experimental,169.894,0.107201,0.107201,0.0943,0.094229,0.094265,0.005,clear,"two agree (auditor, adjudicator), v1 outvoted; mean of the pair",
f4-soy-92-exp-018,4,soybean,92,normalized_solvent_loading,experimental,180.071,0.090835,0.090835,0.0725,0.072457,0.072479,0.005,clear,"two agree (auditor, adjudicator), v1 outvoted; mean of the pair",
f4-soy-92-exp-019,4,soybean,92,normalized_solvent_loading,experimental,189.965,0.079378,0.079378,0.0645,0.064396,0.064448,0.005,clear,"two agree (auditor, adjudicator), v1 outvoted; mean of the pair",
f4-soy-92-exp-020,4,soybean,92,normalized_solvent_loading,experimental,200.141,0.064648,0.064648,0.0453,0.045207,0.045253,0.01,near-overlap,"two agree (auditor, adjudicator), v1 outvoted; mean of the pair",
f4-soy-92-exp-021,4,soybean,92,normalized_solvent_loading,experimental,210.035,0.058101,0.058101,,0.040122,0.040122,0.01,near-overlap,two readings disagree; adjudicator direct marker reading,
f4-soy-92-exp-022,4,soybean,92,normalized_solvent_loading,experimental,219.929,0.045008,0.045008,,0.025,0.035004,0.015,merged,"two readings disagree; mean, widened",
f4-soy-92-exp-023,4,soybean,92,normalized_solvent_loading,experimental,230.106,0.020458,0.020458,,0.02,0.020229,0.01,merged,"two readings (v1, adjudicator) agree; mean",
f4-soy-92-exp-024,4,soybean,92,normalized_solvent_loading,experimental,240,0.017185,0.017185,,0.015,0.016092,0.01,merged,"two readings (v1, adjudicator) agree; mean",
f4-soy-101-exp-000,4,soybean,101,normalized_solvent_loading,experimental,0,0.999182,0.999182,,,1.0,0.0,clear,defined: (X-Xe)/(Xo-Xe) = 1 at t = 0 (all markers coincide on the axis),
f4-soy-101-exp-001,4,soybean,101,normalized_solvent_loading,experimental,9.894,0.897709,0.897709,0.885,0.8847,0.88485,0.01,near-overlap,"two agree (auditor, adjudicator), v1 outvoted; mean of the pair",
f4-soy-101-exp-002,4,soybean,101,normalized_solvent_loading,experimental,20.071,0.781506,0.781506,0.78,0.779,0.78,0.01,near-overlap,all three agree; median,
f4-soy-101-exp-003,4,soybean,101,normalized_solvent_loading,experimental,29.965,0.688216,0.688216,0.6886,0.688411,0.688411,0.005,clear,all three agree; median,
f4-soy-101-exp-004,4,soybean,101,normalized_solvent_loading,experimental,39.859,0.581833,0.581833,0.5822,0.581983,0.581983,0.005,clear,all three agree; median,
f4-soy-101-exp-005,4,soybean,101,normalized_solvent_loading,experimental,50.035,0.5,0.5,0.4999,0.49979,0.4999,0.005,clear,all three agree; median,
f4-soy-101-exp-006,4,soybean,101,normalized_solvent_loading,experimental,59.929,0.408347,0.408347,0.4085,0.408331,0.408347,0.005,clear,all three agree; median,
f4-soy-101-exp-007,4,soybean,101,normalized_solvent_loading,experimental,69.823,0.347791,0.347791,0.3471,0.34699,0.3471,0.005,clear,all three agree; median,
f4-soy-101-exp-008,4,soybean,101,normalized_solvent_loading,experimental,80,0.280687,0.280687,0.2796,0.279524,0.2796,0.005,clear,all three agree; median,
f4-soy-101-exp-009,4,soybean,101,normalized_solvent_loading,experimental,89.894,0.234861,0.234861,0.2336,0.233483,0.2336,0.005,clear,all three agree; median,
f4-soy-101-exp-010,4,soybean,101,normalized_solvent_loading,experimental,100.071,0.190671,0.190671,0.196,0.19589,0.195945,0.005,clear,"two agree (auditor, adjudicator), v1 outvoted; mean of the pair",
f4-soy-101-exp-011,4,soybean,101,normalized_solvent_loading,experimental,109.965,0.161211,0.161211,0.16,0.159901,0.16,0.005,clear,all three agree; median,
f4-soy-101-exp-012,4,soybean,101,normalized_solvent_loading,experimental,119.859,0.133388,0.133388,0.1335,0.133423,0.133423,0.005,clear,all three agree; median,
f4-soy-101-exp-013,4,soybean,101,normalized_solvent_loading,experimental,130.035,0.103928,0.103928,0.1035,0.103404,0.1035,0.01,near-overlap,all three agree; median,
f4-soy-101-exp-014,4,soybean,101,normalized_solvent_loading,experimental,139.929,0.082651,0.082651,0.0806,0.076,0.0806,0.01,near-overlap,all three agree; median,
f4-soy-101-exp-015,4,soybean,101,normalized_solvent_loading,experimental,149.823,0.069558,0.069558,,0.0647,0.067129,0.01,near-overlap,"two readings (v1, adjudicator) agree; mean",
f4-soy-101-exp-016,4,soybean,101,normalized_solvent_loading,experimental,160,0.061375,0.061375,0.0603,0.060204,0.0603,0.01,near-overlap,all three agree; median,
f4-soy-101-exp-017,4,soybean,101,normalized_solvent_loading,experimental,169.894,0.054828,0.054828,0.058,0.0524,0.054828,0.01,near-overlap,all three agree; median,
f4-soy-101-exp-018,4,soybean,101,normalized_solvent_loading,experimental,180.071,0.045008,0.045008,0.0464,0.0466,0.0464,0.01,near-overlap,all three agree; median,
f4-soy-101-exp-019,4,soybean,101,normalized_solvent_loading,experimental,189.965,0.036825,0.036825,,0.0319,0.034362,0.01,near-overlap,"two readings (v1, adjudicator) agree; mean",
f4-soy-101-exp-020,4,soybean,101,normalized_solvent_loading,experimental,200.141,0.030278,0.030278,,0.032392,0.031335,0.01,near-overlap,"two readings (v1, adjudicator) agree; mean",
f4-soy-101-exp-021,4,soybean,101,normalized_solvent_loading,experimental,210.035,0.022095,0.022095,,0.0319,0.026997,0.01,near-overlap,"two readings (v1, adjudicator) agree; mean",
f4-soy-101-exp-022,4,soybean,101,normalized_solvent_loading,experimental,219.929,0.017185,0.017185,,0.0254,0.021292,0.01,near-overlap,"two readings (v1, adjudicator) agree; mean",
f4-soy-101-exp-023,4,soybean,101,normalized_solvent_loading,experimental,230.106,0.012275,0.012275,,0.0196,0.015938,0.01,near-overlap,"two readings (v1, adjudicator) agree; mean",
f4-soy-101-exp-024,4,soybean,101,normalized_solvent_loading,experimental,240,0.007365,0.007365,,0.0147,0.011032,0.01,near-overlap,"two readings (v1, adjudicator) agree; mean",
f4-soy-109-exp-000,4,soybean,109,normalized_solvent_loading,experimental,0,0.999182,0.999182,,,1.0,0.0,clear,defined: (X-Xe)/(Xo-Xe) = 1 at t = 0 (all markers coincide on the axis),
f4-soy-109-exp-001,4,soybean,109,normalized_solvent_loading,experimental,9.894,0.879705,0.875374,,0.880669,0.878021,0.015,inferred,"two readings (v1, adjudicator) agree; mean",
f4-soy-109-exp-002,4,soybean,109,normalized_solvent_loading,experimental,20.071,0.755319,0.750988,0.77,0.769069,0.769534,0.01,near-overlap,"two agree (auditor, adjudicator), v1 outvoted; mean of the pair",
f4-soy-109-exp-003,4,soybean,109,normalized_solvent_loading,experimental,29.965,0.657119,0.652788,0.6552,0.654003,0.654003,0.01,near-overlap,all three agree; median,
f4-soy-109-exp-004,4,soybean,109,normalized_solvent_loading,experimental,39.859,0.52946,0.525129,0.5415,0.540234,0.540867,0.01,near-overlap,"two agree (auditor, adjudicator), v1 outvoted; mean of the pair",
f4-soy-109-exp-005,4,soybean,109,normalized_solvent_loading,experimental,50.035,0.444354,0.440023,0.4419,0.440671,0.440671,0.005,clear,all three agree; median,
f4-soy-109-exp-006,4,soybean,109,normalized_solvent_loading,experimental,59.929,0.334697,0.330366,0.3324,0.325669,0.330366,0.01,near-overlap,all three agree; median,
f4-soy-109-exp-007,4,soybean,109,normalized_solvent_loading,experimental,69.823,0.251227,0.246896,,0.251069,0.248982,0.01,merged,"two readings (v1, adjudicator) agree; mean",
f4-soy-109-exp-008,4,soybean,109,normalized_solvent_loading,experimental,80,0.200491,0.19616,0.185,0.180669,0.182834,0.01,near-overlap,"two agree (auditor, adjudicator), v1 outvoted; mean of the pair",
f4-soy-109-exp-009,4,soybean,109,normalized_solvent_loading,experimental,89.894,0.164484,0.160153,0.16,0.160669,0.160153,0.01,near-overlap,all three agree; median,
f4-soy-109-exp-010,4,soybean,109,normalized_solvent_loading,experimental,100.071,0.135025,0.130694,0.127,0.125669,0.127,0.01,near-overlap,all three agree; median,
f4-soy-109-exp-011,4,soybean,109,normalized_solvent_loading,experimental,109.965,0.107201,0.10287,0.108,0.096269,0.105435,0.01,near-overlap,"two agree (v1, auditor), adjudicator outvoted; mean of the pair",
f4-soy-109-exp-012,4,soybean,109,normalized_solvent_loading,experimental,119.859,0.090835,0.086504,,0.091369,0.088936,0.01,merged,"two readings (v1, adjudicator) agree; mean",
f4-soy-109-exp-013,4,soybean,109,normalized_solvent_loading,experimental,130.035,0.067921,0.06359,,,0.067921,0.015,inferred,single reading (v1); unreadable to the other two readers; v1 value kept as printed in v1,not readable in the source by the auditor or the adjudicator; v1 value kept; v1 minus the model line at this time = -0.0081
f4-soy-109-exp-014,4,soybean,109,normalized_solvent_loading,experimental,139.929,0.054828,0.050497,,,0.054828,0.015,inferred,single reading (v1); unreadable to the other two readers; v1 value kept as printed in v1,not readable in the source by the auditor or the adjudicator; v1 value kept; v1 minus the model line at this time = -0.0050
f4-soy-109-exp-015,4,soybean,109,normalized_solvent_loading,experimental,149.823,0.045008,0.040677,,,0.045008,0.015,inferred,single reading (v1); unreadable to the other two readers; v1 value kept as printed in v1,not readable in the source by the auditor or the adjudicator; v1 value kept; v1 minus the model line at this time = -0.0010
f4-soy-109-exp-016,4,soybean,109,normalized_solvent_loading,experimental,160,0.035188,0.030857,,,0.035188,0.015,inferred,single reading (v1); unreadable to the other two readers; v1 value kept as printed in v1,not readable in the source by the auditor or the adjudicator; v1 value kept; v1 minus the model line at this time = +0.0008
f4-soy-109-exp-017,4,soybean,109,normalized_solvent_loading,experimental,169.894,0.028642,0.024311,,,0.028642,0.015,inferred,single reading (v1); unreadable to the other two readers; v1 value kept as printed in v1,not readable in the source by the auditor or the adjudicator; v1 value kept; v1 minus the model line at this time = +0.0040
f4-soy-109-exp-018,4,soybean,109,normalized_solvent_loading,experimental,180.071,0.022095,0.017764,,,0.022095,0.015,inferred,single reading (v1); unreadable to the other two readers; v1 value kept as printed in v1,not readable in the source by the auditor or the adjudicator; v1 value kept; v1 minus the model line at this time = +0.0083
f4-soy-109-exp-019,4,soybean,109,normalized_solvent_loading,experimental,189.965,0.018822,0.014491,,,0.018822,0.015,inferred,single reading (v1); unreadable to the other two readers; v1 value kept as printed in v1,not readable in the source by the auditor or the adjudicator; v1 value kept; v1 minus the model line at this time = +0.0123
f4-soy-109-exp-020,4,soybean,109,normalized_solvent_loading,experimental,200.141,0.015548,0.011217,,,0.015548,0.015,inferred,single reading (v1); unreadable to the other two readers; v1 value kept as printed in v1,not readable in the source by the auditor or the adjudicator; v1 value kept; v1 minus the model line at this time = +0.0115
f4-soy-109-exp-021,4,soybean,109,normalized_solvent_loading,experimental,210.035,0.012275,0.007944,,,0.012275,0.015,inferred,single reading (v1); unreadable to the other two readers; v1 value kept as printed in v1,not readable in the source by the auditor or the adjudicator; v1 value kept; v1 minus the model line at this time = +0.0098
f4-soy-109-exp-022,4,soybean,109,normalized_solvent_loading,experimental,219.929,0.009002,0.004671,,,0.009002,0.015,inferred,single reading (v1); unreadable to the other two readers; v1 value kept as printed in v1,not readable in the source by the auditor or the adjudicator; v1 value kept; v1 minus the model line at this time = +0.0065
f4-soy-109-exp-023,4,soybean,109,normalized_solvent_loading,experimental,230.106,0.005728,0.001397,,,0.005728,0.015,inferred,single reading (v1); unreadable to the other two readers; v1 value kept as printed in v1,not readable in the source by the auditor or the adjudicator; v1 value kept; v1 minus the model line at this time = +0.0033
f4-soy-109-exp-024,4,soybean,109,normalized_solvent_loading,experimental,240,0.004092,-0.000239,,,0.004092,0.015,inferred,single reading (v1); unreadable to the other two readers; v1 value kept as printed in v1,not readable in the source by the auditor or the adjudicator; v1 value kept; v1 minus the model line at this time = +0.0016
f4-soy-120-exp-000,4,soybean,120,normalized_solvent_loading,experimental,0,0.999182,0.999182,,,1.0,0.0,clear,defined: (X-Xe)/(Xo-Xe) = 1 at t = 0 (all markers coincide on the axis),
f4-soy-120-exp-001,4,soybean,120,normalized_solvent_loading,experimental,9.894,0.856792,0.852701,,0.881409,0.867055,0.0194,merged,"two readings disagree; mean, widened",
f4-soy-120-exp-002,4,soybean,120,normalized_solvent_loading,experimental,20.071,0.789689,0.785598,0.76,0.755409,0.757705,0.01,near-overlap,"two agree (auditor, adjudicator), v1 outvoted; mean of the pair",
f4-soy-120-exp-003,4,soybean,120,normalized_solvent_loading,experimental,29.965,0.640753,0.636662,0.6381,0.637113,0.637113,0.01,near-overlap,all three agree; median,
f4-soy-120-exp-004,4,soybean,120,normalized_solvent_loading,experimental,39.859,0.54419,0.540099,0.5301,0.52908,0.52959,0.01,near-overlap,"two agree (auditor, adjudicator), v1 outvoted; mean of the pair",
f4-soy-120-exp-005,4,soybean,120,normalized_solvent_loading,experimental,50.035,0.444354,0.440263,0.4159,0.414969,0.415435,0.005,clear,"two agree (auditor, adjudicator), v1 outvoted; mean of the pair",
f4-soy-120-exp-006,4,soybean,120,normalized_solvent_loading,experimental,59.929,0.336334,0.332243,0.3223,0.315909,0.319105,0.01,near-overlap,"two agree (auditor, adjudicator), v1 outvoted; mean of the pair",
f4-soy-120-exp-007,4,soybean,120,normalized_solvent_loading,experimental,69.823,0.259411,0.25532,0.2558,0.254875,0.25532,0.01,near-overlap,all three agree; median,
f4-soy-120-exp-008,4,soybean,120,normalized_solvent_loading,experimental,80,0.211948,0.207857,0.2093,0.202909,0.207857,0.01,near-overlap,all three agree; median,
f4-soy-120-exp-009,4,soybean,120,normalized_solvent_loading,experimental,89.894,0.177578,0.173487,0.1748,0.173962,0.173962,0.01,near-overlap,all three agree; median,
f4-soy-120-exp-010,4,soybean,120,normalized_solvent_loading,experimental,100.071,0.153028,0.148937,0.1504,0.149521,0.149521,0.005,clear,all three agree; median,
f4-soy-120-exp-011,4,soybean,120,normalized_solvent_loading,experimental,109.965,0.123568,0.119477,0.1206,0.119672,0.119672,0.01,near-overlap,all three agree; median,
f4-soy-120-exp-012,4,soybean,120,normalized_solvent_loading,experimental,119.859,0.097381,0.09329,0.0974,0.096455,0.096455,0.01,near-overlap,all three agree; median,
f4-soy-120-exp-013,4,soybean,120,normalized_solvent_loading,experimental,130.035,0.067921,0.06383,0.0852,0.084366,0.084783,0.01,near-overlap,"two agree (auditor, adjudicator), v1 outvoted; mean of the pair",
f4-soy-120-exp-014,4,soybean,120,normalized_solvent_loading,experimental,139.929,0.056465,0.052374,0.0697,0.065609,0.067655,0.01,near-overlap,"two agree (auditor, adjudicator), v1 outvoted; mean of the pair",
f4-soy-120-exp-015,4,soybean,120,normalized_solvent_loading,experimental,149.823,0.045008,0.040917,0.0649,0.063995,0.064448,0.01,near-overlap,"two agree (auditor, adjudicator), v1 outvoted; mean of the pair",
f4-soy-120-exp-016,4,soybean,120,normalized_solvent_loading,experimental,160,0.036825,0.032734,,0.043409,0.038072,0.0103,merged,"two readings disagree; mean, widened",
f4-soy-120-exp-017,4,soybean,120,normalized_solvent_loading,experimental,169.894,0.030278,0.026187,,0.045009,0.035598,0.0144,merged,"two readings disagree; mean, widened",
f4-soy-120-exp-018,4,soybean,120,normalized_solvent_loading,experimental,180.071,0.022095,0.018004,,0.042509,0.030257,0.0173,merged,"two readings disagree; mean, widened",
f4-soy-120-exp-019,4,soybean,120,normalized_solvent_loading,experimental,189.965,0.017185,0.013094,,0.034309,0.023702,0.0156,merged,"two readings disagree; mean, widened",
f4-soy-120-exp-020,4,soybean,120,normalized_solvent_loading,experimental,200.141,0.013912,0.009821,,0.019209,0.014515,0.01,merged,"two readings (v1, adjudicator) agree; mean",
f4-soy-120-exp-021,4,soybean,120,normalized_solvent_loading,experimental,210.035,0.010638,0.006547,,0.019209,0.012878,0.0113,merged,"two readings disagree; mean, widened",
f4-soy-120-exp-022,4,soybean,120,normalized_solvent_loading,experimental,219.929,0.007365,0.003274,,0.011909,0.007592,0.01,merged,"two readings (v1, adjudicator) agree; mean",
f4-soy-120-exp-023,4,soybean,120,normalized_solvent_loading,experimental,230.106,0.004092,1e-06,,0.011909,0.005955,0.011,merged,"two readings disagree; mean, widened",
f4-soy-120-exp-024,4,soybean,120,normalized_solvent_loading,experimental,240,0.002455,-0.001636,,0.005309,0.001837,0.01,merged,"two readings (v1, adjudicator) agree; mean",
f4-soy-125-exp-000,4,soybean,125,normalized_solvent_loading,experimental,0,0.999182,0.999182,,,1.0,0.0,clear,defined: (X-Xe)/(Xo-Xe) = 1 at t = 0 (all markers coincide on the axis),
f4-soy-125-exp-001,4,soybean,125,normalized_solvent_loading,experimental,9.894,0.825696,0.825696,0.8282,0.829,0.8282,0.005,clear,all three agree; median,
f4-soy-125-exp-002,4,soybean,125,normalized_solvent_loading,experimental,20.071,0.675123,0.675123,0.6737,0.674356,0.674356,0.005,clear,all three agree; median,
f4-soy-125-exp-003,4,soybean,125,normalized_solvent_loading,experimental,29.965,0.555646,0.555646,0.5535,0.554188,0.554188,0.005,clear,all three agree; median,
f4-soy-125-exp-004,4,soybean,125,normalized_solvent_loading,experimental,39.859,0.449264,0.449264,0.4475,0.448225,0.448225,0.005,clear,all three agree; median,
f4-soy-125-exp-005,4,soybean,125,normalized_solvent_loading,experimental,50.035,0.35761,0.35761,0.356,0.357,0.357,0.005,clear,all three agree; median,
f4-soy-125-exp-006,4,soybean,125,normalized_solvent_loading,experimental,59.929,0.264321,0.264321,0.2625,0.263,0.263,0.005,clear,all three agree; median,
f4-soy-125-exp-007,4,soybean,125,normalized_solvent_loading,experimental,69.823,0.197218,0.197218,0.1947,0.195697,0.195697,0.005,clear,all three agree; median,
f4-soy-125-exp-008,4,soybean,125,normalized_solvent_loading,experimental,80,0.148118,0.148118,0.1462,0.146877,0.146877,0.005,clear,all three agree; median,
f4-soy-125-exp-009,4,soybean,125,normalized_solvent_loading,experimental,89.894,0.115385,0.115385,0.1136,0.114253,0.114253,0.005,clear,all three agree; median,
f4-soy-125-exp-010,4,soybean,125,normalized_solvent_loading,experimental,100.071,0.097381,0.097381,0.0955,0.096231,0.096231,0.005,clear,all three agree; median,
f4-soy-125-exp-011,4,soybean,125,normalized_solvent_loading,experimental,109.965,0.071195,0.071195,0.0857,0.087,0.08635,0.01,near-overlap,"two agree (auditor, adjudicator), v1 outvoted; mean of the pair",
f4-soy-125-exp-012,4,soybean,125,normalized_solvent_loading,experimental,119.859,0.053191,0.053191,0.065,0.065,0.065,0.01,near-overlap,"two agree (auditor, adjudicator), v1 outvoted; mean of the pair",
f4-soy-125-exp-013,4,soybean,125,normalized_solvent_loading,experimental,130.035,0.048282,0.048282,,0.06,0.054141,0.0109,merged,"two readings disagree; mean, widened",
f4-soy-125-exp-014,4,soybean,125,normalized_solvent_loading,experimental,139.929,0.040098,0.040098,,0.04,0.040049,0.01,merged,"two readings (v1, adjudicator) agree; mean",
f4-soy-125-exp-015,4,soybean,125,normalized_solvent_loading,experimental,149.823,0.033552,0.033552,,,0.033552,0.015,inferred,single reading (v1); unreadable to the other two readers; v1 value kept as printed in v1,not readable in the source by the auditor or the adjudicator; v1 value kept; v1 minus the model line at this time = +0.0072
f4-soy-125-exp-016,4,soybean,125,normalized_solvent_loading,experimental,160,0.027005,0.027005,,0.0205,0.023752,0.01,merged,"two readings (v1, adjudicator) agree; mean",
f4-soy-125-exp-017,4,soybean,125,normalized_solvent_loading,experimental,169.894,0.022095,0.022095,,,0.022095,0.015,inferred,single reading (v1); unreadable to the other two readers; v1 value kept as printed in v1,not readable in the source by the auditor or the adjudicator; v1 value kept; v1 minus the model line at this time = +0.0098
f4-soy-125-exp-018,4,soybean,125,normalized_solvent_loading,experimental,180.071,0.018822,0.018822,,,0.018822,0.015,inferred,single reading (v1); unreadable to the other two readers; v1 value kept as printed in v1,not readable in the source by the auditor or the adjudicator; v1 value kept; v1 minus the model line at this time = +0.0065
f4-soy-125-exp-019,4,soybean,125,normalized_solvent_loading,experimental,189.965,0.015548,0.015548,,0.009,0.012274,0.01,merged,"two readings (v1, adjudicator) agree; mean",
f4-soy-125-exp-020,4,soybean,125,normalized_solvent_loading,experimental,200.141,0.012275,0.012275,,0.007,0.009637,0.01,merged,"two readings (v1, adjudicator) agree; mean",
f4-soy-125-exp-021,4,soybean,125,normalized_solvent_loading,experimental,210.035,0.009002,0.009002,,0.004,0.006501,0.01,merged,"two readings (v1, adjudicator) agree; mean",
f4-soy-125-exp-022,4,soybean,125,normalized_solvent_loading,experimental,219.929,0.007365,0.007365,,0.009,0.008182,0.01,merged,"two readings (v1, adjudicator) agree; mean",
f4-soy-125-exp-023,4,soybean,125,normalized_solvent_loading,experimental,230.106,0.004092,0.004092,,0.0057,0.004896,0.01,merged,"two readings (v1, adjudicator) agree; mean",
f4-soy-125-exp-024,4,soybean,125,normalized_solvent_loading,experimental,240,0.002455,0.002455,,0.0033,0.002878,0.01,merged,"two readings (v1, adjudicator) agree; mean",
f4-soy-136-exp-000,4,soybean,136,normalized_solvent_loading,experimental,0,0.999182,0.999182,,,1.0,0.0,clear,defined: (X-Xe)/(Xo-Xe) = 1 at t = 0 (all markers coincide on the axis),
f4-soy-136-exp-001,4,soybean,136,normalized_solvent_loading,experimental,9.894,0.740589,0.740589,0.7401,0.739939,0.7401,0.005,clear,all three agree; median,
f4-soy-136-exp-002,4,soybean,136,normalized_solvent_loading,experimental,20.071,0.52946,0.52946,0.5296,0.529405,0.52946,0.005,clear,all three agree; median,
f4-soy-136-exp-003,4,soybean,136,normalized_solvent_loading,experimental,29.965,0.38216,0.38216,0.3807,0.380561,0.3807,0.005,clear,all three agree; median,
f4-soy-136-exp-004,4,soybean,136,normalized_solvent_loading,experimental,39.859,0.259411,0.259411,0.2591,0.258968,0.2591,0.005,clear,all three agree; median,
f4-soy-136-exp-005,4,soybean,136,normalized_solvent_loading,experimental,50.035,0.195581,0.195581,0.1957,0.195641,0.195641,0.005,clear,all three agree; median,
f4-soy-136-exp-006,4,soybean,136,normalized_solvent_loading,experimental,59.929,0.128478,0.128478,0.1283,0.128253,0.1283,0.005,clear,all three agree; median,
f4-soy-136-exp-007,4,soybean,136,normalized_solvent_loading,experimental,69.823,0.125205,0.125205,0.1259,0.125859,0.125859,0.005,clear,all three agree; median,
f4-soy-136-exp-008,4,soybean,136,normalized_solvent_loading,experimental,80,0.094108,0.094108,0.0944,0.094301,0.094301,0.005,clear,all three agree; median,
f4-soy-136-exp-009,4,soybean,136,normalized_solvent_loading,experimental,89.894,0.067921,0.067921,0.0686,0.068473,0.068473,0.005,clear,all three agree; median,
f4-soy-136-exp-010,4,soybean,136,normalized_solvent_loading,experimental,100.071,0.054828,0.054828,0.055,0.054901,0.054901,0.005,clear,all three agree; median,
f4-soy-136-exp-011,4,soybean,136,normalized_solvent_loading,experimental,109.965,0.053191,0.053191,0.0564,0.056368,0.056368,0.005,clear,all three agree; median,
f4-soy-136-exp-012,4,soybean,136,normalized_solvent_loading,experimental,119.859,0.049918,0.049918,0.0532,0.053159,0.053159,0.005,clear,all three agree; median,
f4-soy-136-exp-013,4,soybean,136,normalized_solvent_loading,experimental,130.035,0.045008,0.045008,0.0484,0.04833,0.04833,0.01,near-overlap,all three agree; median,
f4-soy-136-exp-014,4,soybean,136,normalized_solvent_loading,experimental,139.929,0.041735,0.041735,,0.0401,0.040918,0.01,near-overlap,"two readings (v1, adjudicator) agree; mean",
f4-soy-136-exp-015,4,soybean,136,normalized_solvent_loading,experimental,149.823,0.038462,0.038462,,0.035506,0.036984,0.01,near-overlap,"two readings (v1, adjudicator) agree; mean",
f4-soy-136-exp-016,4,soybean,136,normalized_solvent_loading,experimental,160,0.033552,0.033552,,0.0295,0.031526,0.01,near-overlap,"two readings (v1, adjudicator) agree; mean",
f4-soy-136-exp-017,4,soybean,136,normalized_solvent_loading,experimental,169.894,0.030278,0.030278,,0.03,0.030139,0.01,near-overlap,"two readings (v1, adjudicator) agree; mean",
f4-soy-136-exp-018,4,soybean,136,normalized_solvent_loading,experimental,180.071,0.027005,0.027005,0.025,0.024,0.025,0.01,near-overlap,all three agree; median,
f4-soy-136-exp-019,4,soybean,136,normalized_solvent_loading,experimental,189.965,0.023732,0.023732,0.02,0.0204,0.0204,0.01,near-overlap,all three agree; median,
f4-soy-136-exp-020,4,soybean,136,normalized_solvent_loading,experimental,200.141,0.020458,0.020458,,0.012,0.016229,0.01,near-overlap,"two readings (v1, adjudicator) agree; mean",
f4-soy-136-exp-021,4,soybean,136,normalized_solvent_loading,experimental,210.035,0.018822,0.018822,,0.0106,0.014711,0.01,near-overlap,"two readings (v1, adjudicator) agree; mean",
f4-soy-136-exp-022,4,soybean,136,normalized_solvent_loading,experimental,219.929,0.017185,0.017185,,0.0057,0.0057,0.01,near-overlap,two readings disagree; adjudicator direct marker reading,
f4-soy-136-exp-023,4,soybean,136,normalized_solvent_loading,experimental,230.106,0.015548,0.015548,,0.0131,0.014324,0.01,near-overlap,"two readings (v1, adjudicator) agree; mean",
f4-soy-136-exp-024,4,soybean,136,normalized_solvent_loading,experimental,240,0.013912,0.013912,0.0095,0.009401,0.0095,0.01,near-overlap,all three agree; median,
f4-soy-92-model-000,4,soybean,92,normalized_solvent_loading,faner_model_line,0,0.999182,0.999182,,,0.999182,0.007,merged,"all model lines start at (0, 1); v1 kept",
f4-soy-101-model-000,4,soybean,101,normalized_solvent_loading,faner_model_line,0,0.999182,0.999182,,,0.999182,0.007,merged,"all model lines start at (0, 1); v1 kept",
f4-soy-109-model-000,4,soybean,109,normalized_solvent_loading,faner_model_line,0,0.999182,0.999182,,,0.999182,0.007,merged,"all model lines start at (0, 1); v1 kept",
f4-soy-120-model-000,4,soybean,120,normalized_solvent_loading,faner_model_line,0,0.999182,0.999182,,,0.999182,0.007,merged,"all model lines start at (0, 1); v1 kept",
f4-soy-125-model-000,4,soybean,125,normalized_solvent_loading,faner_model_line,0,0.999182,0.999182,,,0.999182,0.007,merged,"all model lines start at (0, 1); v1 kept",
f4-soy-136-model-000,4,soybean,136,normalized_solvent_loading,faner_model_line,0,0.999182,0.999182,,,0.999182,0.007,merged,"all model lines start at (0, 1); v1 kept",
f4-soy-92-model-015,4,soybean,92,normalized_solvent_loading,faner_model_line,14.999,0.882979,0.882979,,0.8838,0.88339,0.007,clear,"two readings (v1, adjudicator) agree; mean",
f4-soy-101-model-015,4,soybean,101,normalized_solvent_loading,faner_model_line,14.999,0.846972,0.846972,,0.8457,0.846336,0.007,clear,"two readings (v1, adjudicator) agree; mean",
f4-soy-109-model-015,4,soybean,109,normalized_solvent_loading,faner_model_line,14.999,0.810966,0.810966,,0.8109,0.810933,0.007,clear,"two readings (v1, adjudicator) agree; mean",
f4-soy-120-model-015,4,soybean,120,normalized_solvent_loading,faner_model_line,14.999,0.791326,0.791326,,0.7911,0.791213,0.014,near-overlap,"two readings (v1, adjudicator) agree; mean",
f4-soy-125-model-015,4,soybean,125,normalized_solvent_loading,faner_model_line,14.999,0.765139,0.765139,,0.7704,0.767769,0.014,near-overlap,"two readings (v1, adjudicator) agree; mean",
f4-soy-136-model-015,4,soybean,136,normalized_solvent_loading,faner_model_line,14.999,0.686579,0.686579,,0.6912,0.68889,0.014,near-overlap,"two readings (v1, adjudicator) agree; mean",
f4-soy-92-model-025,4,soybean,92,normalized_solvent_loading,faner_model_line,25.001,0.807692,0.807692,0.8089,0.8087,0.8087,0.007,clear,all three agree; median,
f4-soy-101-model-025,4,soybean,101,normalized_solvent_loading,faner_model_line,25.001,0.747136,0.747136,0.7482,0.7475,0.7475,0.007,clear,all three agree; median,
f4-soy-109-model-025,4,soybean,109,normalized_solvent_loading,faner_model_line,25.001,0.689853,0.689853,0.6909,0.6907,0.6907,0.007,clear,all three agree; median,
f4-soy-120-model-025,4,soybean,120,normalized_solvent_loading,faner_model_line,25.001,0.657119,0.657119,0.6568,0.6571,0.6571,0.007,clear,all three agree; median,
f4-soy-125-model-025,4,soybean,125,normalized_solvent_loading,faner_model_line,25.001,0.630933,0.630933,0.632,0.6269,0.630933,0.014,near-overlap,all three agree; median,
f4-soy-136-model-025,4,soybean,136,normalized_solvent_loading,faner_model_line,25.001,0.486907,0.486907,0.488,0.482,0.486907,0.014,near-overlap,all three agree; median,
f4-soy-92-model-035,4,soybean,92,normalized_solvent_loading,faner_model_line,34.999,0.732406,0.732406,0.7335,0.7333,0.7333,0.007,clear,all three agree; median,
f4-soy-101-model-035,4,soybean,101,normalized_solvent_loading,faner_model_line,34.999,0.648936,0.648936,0.6493,0.6491,0.6491,0.007,clear,all three agree; median,
f4-soy-109-model-035,4,soybean,109,normalized_solvent_loading,faner_model_line,34.999,0.572013,0.572013,0.5713,0.5712,0.5713,0.007,clear,all three agree; median,
f4-soy-120-model-035,4,soybean,120,normalized_solvent_loading,faner_model_line,34.999,0.522913,0.522913,0.524,0.5238,0.5238,0.007,clear,all three agree; median,
f4-soy-125-model-035,4,soybean,125,normalized_solvent_loading,faner_model_line,34.999,0.486907,0.486907,0.4879,0.4872,0.4872,0.007,clear,all three agree; median,
f4-soy-136-model-035,4,soybean,136,normalized_solvent_loading,faner_model_line,34.999,0.319967,0.319967,0.3209,0.3208,0.3208,0.007,clear,all three agree; median,
f4-soy-92-model-045,4,soybean,92,normalized_solvent_loading,faner_model_line,45.001,0.660393,0.660393,0.6614,0.6612,0.6612,0.007,clear,all three agree; median,
f4-soy-101-model-045,4,soybean,101,normalized_solvent_loading,faner_model_line,45.001,0.555646,0.555646,0.5559,0.5558,0.5558,0.007,clear,all three agree; median,
f4-soy-109-model-045,4,soybean,109,normalized_solvent_loading,faner_model_line,45.001,0.457447,0.457447,0.4575,0.4569,0.457447,0.007,clear,all three agree; median,
f4-soy-120-model-045,4,soybean,120,normalized_solvent_loading,faner_model_line,45.001,0.405074,0.405074,0.4052,0.4051,0.4051,0.007,clear,all three agree; median,
f4-soy-125-model-045,4,soybean,125,normalized_solvent_loading,faner_model_line,45.001,0.369067,0.369067,0.3695,0.3693,0.3693,0.007,clear,all three agree; median,
f4-soy-136-model-045,4,soybean,136,normalized_solvent_loading,faner_model_line,45.001,0.225041,0.225041,0.2245,0.2244,0.2245,0.007,clear,all three agree; median,
f4-soy-92-model-055,4,soybean,92,normalized_solvent_loading,faner_model_line,54.999,0.58838,0.58838,0.5908,0.5907,0.5907,0.007,clear,all three agree; median,
f4-soy-101-model-055,4,soybean,101,normalized_solvent_loading,faner_model_line,54.999,0.463993,0.463993,0.4652,0.4655,0.4652,0.007,clear,all three agree; median,
f4-soy-109-model-055,4,soybean,109,normalized_solvent_loading,faner_model_line,54.999,0.3527,0.3527,0.3552,0.3551,0.3551,0.007,clear,all three agree; median,
f4-soy-120-model-055,4,soybean,120,normalized_solvent_loading,faner_model_line,54.999,0.316694,0.316694,0.3178,0.3176,0.3176,0.007,clear,all three agree; median,
f4-soy-125-model-055,4,soybean,125,normalized_solvent_loading,faner_model_line,54.999,0.288871,0.288871,0.2908,0.2907,0.2907,0.007,clear,all three agree; median,
f4-soy-136-model-055,4,soybean,136,normalized_solvent_loading,faner_model_line,54.999,0.162848,0.162848,0.1647,0.1646,0.1646,0.007,clear,all three agree; median,
f4-soy-92-model-065,4,soybean,92,normalized_solvent_loading,faner_model_line,65.001,0.51964,0.51964,0.5197,0.5191,0.51964,0.007,clear,all three agree; median,
f4-soy-101-model-065,4,soybean,101,normalized_solvent_loading,faner_model_line,65.001,0.37234,0.37234,0.3732,0.3731,0.3731,0.007,clear,all three agree; median,
f4-soy-109-model-065,4,soybean,109,normalized_solvent_loading,faner_model_line,65.001,0.280687,0.280687,0.2795,0.2793,0.2795,0.007,clear,all three agree; median,
f4-soy-120-model-065,4,soybean,120,normalized_solvent_loading,faner_model_line,65.001,0.257774,0.257774,0.2578,0.2577,0.257774,0.007,clear,all three agree; median,
f4-soy-125-model-065,4,soybean,125,normalized_solvent_loading,faner_model_line,65.001,0.234861,0.234861,0.2341,0.234,0.2341,0.007,clear,all three agree; median,
f4-soy-136-model-065,4,soybean,136,normalized_solvent_loading,faner_model_line,65.001,0.118658,0.118658,0.1182,0.1181,0.1182,0.007,clear,all three agree; median,
f4-soy-92-model-075,4,soybean,92,normalized_solvent_loading,faner_model_line,74.999,0.4509,0.4509,0.4518,0.4517,0.4517,0.007,clear,all three agree; median,
f4-soy-101-model-075,4,soybean,101,normalized_solvent_loading,faner_model_line,74.999,0.297054,0.297054,0.2963,0.2962,0.2963,0.007,clear,all three agree; median,
f4-soy-109-model-075,4,soybean,109,normalized_solvent_loading,faner_model_line,74.999,0.229951,0.229951,0.2293,0.2292,0.2293,0.007,clear,all three agree; median,
f4-soy-120-model-075,4,soybean,120,normalized_solvent_loading,faner_model_line,74.999,0.211948,0.211948,0.2113,0.2112,0.2113,0.007,clear,all three agree; median,
f4-soy-125-model-075,4,soybean,125,normalized_solvent_loading,faner_model_line,74.999,0.190671,0.190671,0.19,0.1899,0.19,0.007,clear,all three agree; median,
f4-soy-136-model-075,4,soybean,136,normalized_solvent_loading,faner_model_line,74.999,0.084288,0.084288,0.0839,0.0838,0.0839,0.007,clear,all three agree; median,
f4-soy-92-model-085,4,soybean,92,normalized_solvent_loading,faner_model_line,85.001,0.38216,0.38216,0.3849,0.383,0.383,0.007,clear,all three agree; median,
f4-soy-101-model-085,4,soybean,101,normalized_solvent_loading,faner_model_line,85.001,0.241408,0.241408,0.243,0.2414,0.241408,0.007,clear,all three agree; median,
f4-soy-109-model-085,4,soybean,109,normalized_solvent_loading,faner_model_line,85.001,0.189034,0.189034,0.1892,0.1882,0.189034,0.007,clear,all three agree; median,
f4-soy-120-model-085,4,soybean,120,normalized_solvent_loading,faner_model_line,85.001,0.172668,0.172668,0.1738,0.1732,0.1732,0.007,clear,all three agree; median,
f4-soy-125-model-085,4,soybean,125,normalized_solvent_loading,faner_model_line,85.001,0.153028,0.153028,0.1543,0.1537,0.1537,0.007,clear,all three agree; median,
f4-soy-136-model-085,4,soybean,136,normalized_solvent_loading,faner_model_line,85.001,0.058101,0.058101,0.0575,0.0565,0.0575,0.007,clear,all three agree; median,
f4-soy-92-model-095,4,soybean,92,normalized_solvent_loading,faner_model_line,94.999,0.319967,0.319967,0.3208,0.3207,0.3207,0.007,clear,all three agree; median,
f4-soy-101-model-095,4,soybean,101,normalized_solvent_loading,faner_model_line,94.999,0.202128,0.202128,0.2016,0.2015,0.2016,0.007,clear,all three agree; median,
f4-soy-109-model-095,4,soybean,109,normalized_solvent_loading,faner_model_line,94.999,0.156301,0.156301,0.1556,0.1555,0.1556,0.007,clear,all three agree; median,
f4-soy-120-model-095,4,soybean,120,normalized_solvent_loading,faner_model_line,94.999,0.143208,0.143208,0.1417,0.1416,0.1417,0.007,clear,all three agree; median,
f4-soy-125-model-095,4,soybean,125,normalized_solvent_loading,faner_model_line,94.999,0.123568,0.123568,0.1242,0.1241,0.1241,0.007,clear,all three agree; median,
f4-soy-136-model-095,4,soybean,136,normalized_solvent_loading,faner_model_line,94.999,0.036825,0.036825,0.0367,0.0367,0.0367,0.007,clear,all three agree; median,
f4-soy-92-model-105,4,soybean,92,normalized_solvent_loading,faner_model_line,105.001,0.272504,0.272504,0.2719,0.2718,0.2719,0.007,clear,all three agree; median,
f4-soy-101-model-105,4,soybean,101,normalized_solvent_loading,faner_model_line,105.001,0.169394,0.169394,0.1696,0.1699,0.1696,0.007,clear,all three agree; median,
f4-soy-109-model-105,4,soybean,109,normalized_solvent_loading,faner_model_line,105.001,0.126841,0.126841,0.1285,0.1284,0.1284,0.007,clear,all three agree; median,
f4-soy-120-model-105,4,soybean,120,normalized_solvent_loading,faner_model_line,105.001,0.115385,0.115385,0.1155,0.1154,0.1154,0.007,clear,all three agree; median,
f4-soy-125-model-105,4,soybean,125,normalized_solvent_loading,faner_model_line,105.001,0.099018,0.099018,0.0992,0.0991,0.0991,0.007,clear,all three agree; median,
f4-soy-136-model-105,4,soybean,136,normalized_solvent_loading,faner_model_line,105.001,0.020458,0.020458,0.0206,0.0206,0.0206,0.007,clear,all three agree; median,
f4-soy-92-model-115,4,soybean,92,normalized_solvent_loading,faner_model_line,114.999,0.234861,0.234861,0.235,0.2349,0.2349,0.007,clear,all three agree; median,
f4-soy-101-model-115,4,soybean,101,normalized_solvent_loading,faner_model_line,114.999,0.143208,0.143208,0.1425,0.1424,0.1425,0.007,clear,all three agree; median,
f4-soy-109-model-115,4,soybean,109,normalized_solvent_loading,faner_model_line,114.999,0.103928,0.103928,0.1041,0.104,0.104,0.007,clear,all three agree; median,
f4-soy-120-model-115,4,soybean,120,normalized_solvent_loading,faner_model_line,114.999,0.092471,0.092471,0.0925,0.0924,0.092471,0.007,clear,all three agree; median,
f4-soy-125-model-115,4,soybean,125,normalized_solvent_loading,faner_model_line,114.999,0.077741,0.077741,0.0777,0.0777,0.0777,0.007,clear,all three agree; median,
f4-soy-136-model-115,4,soybean,136,normalized_solvent_loading,faner_model_line,114.999,0.009002,0.009002,0.0091,0.009,0.009002,0.007,clear,all three agree; median,
f4-soy-92-model-125,4,soybean,92,normalized_solvent_loading,faner_model_line,125.001,0.205401,0.205401,,0.2053,0.20535,0.007,clear,"two readings (v1, adjudicator) agree; mean",
f4-soy-101-model-125,4,soybean,101,normalized_solvent_loading,faner_model_line,125.001,0.120295,0.120295,,0.1201,0.120197,0.007,clear,"two readings (v1, adjudicator) agree; mean",
f4-soy-109-model-125,4,soybean,109,normalized_solvent_loading,faner_model_line,125.001,0.084288,0.084288,,0.0844,0.084344,0.007,clear,"two readings (v1, adjudicator) agree; mean",
f4-soy-120-model-125,4,soybean,120,normalized_solvent_loading,faner_model_line,125.001,0.072831,0.072831,,0.0729,0.072865,0.007,clear,"two readings (v1, adjudicator) agree; mean",
f4-soy-125-model-125,4,soybean,125,normalized_solvent_loading,faner_model_line,125.001,0.059738,0.059738,,0.0597,0.059719,0.007,clear,"two readings (v1, adjudicator) agree; mean",
f4-soy-136-model-125,4,soybean,136,normalized_solvent_loading,faner_model_line,125.001,0.002455,0.002455,,,0.002455,0.021,inferred,single reading (v1); unreadable to the other two readers; v1 value kept as printed in v1,line merges with the time axis; not readable in the source by the auditor or the adjudicator; v1 value kept
f4-soy-92-model-135,4,soybean,92,normalized_solvent_loading,faner_model_line,134.999,0.179214,0.179214,,0.1792,0.179207,0.007,clear,"two readings (v1, adjudicator) agree; mean",
f4-soy-101-model-135,4,soybean,101,normalized_solvent_loading,faner_model_line,134.999,0.100655,0.100655,,0.0998,0.100227,0.007,clear,"two readings (v1, adjudicator) agree; mean",
f4-soy-109-model-135,4,soybean,109,normalized_solvent_loading,faner_model_line,134.999,0.067921,0.067921,,0.0671,0.067511,0.007,clear,"two readings (v1, adjudicator) agree; mean",
f4-soy-120-model-135,4,soybean,120,normalized_solvent_loading,faner_model_line,134.999,0.056465,0.056465,,0.0564,0.056432,0.007,clear,"two readings (v1, adjudicator) agree; mean",
f4-soy-125-model-135,4,soybean,125,normalized_solvent_loading,faner_model_line,134.999,0.045008,0.045008,,0.0442,0.044604,0.007,clear,"two readings (v1, adjudicator) agree; mean",
f4-soy-92-model-145,4,soybean,92,normalized_solvent_loading,faner_model_line,145.001,0.157938,0.157938,,0.1579,0.157919,0.007,clear,"two readings (v1, adjudicator) agree; mean",
f4-soy-101-model-145,4,soybean,101,normalized_solvent_loading,faner_model_line,145.001,0.082651,0.082651,,0.0828,0.082726,0.007,clear,"two readings (v1, adjudicator) agree; mean",
f4-soy-109-model-145,4,soybean,109,normalized_solvent_loading,faner_model_line,145.001,0.051555,0.051555,,0.0525,0.052027,0.007,clear,"two readings (v1, adjudicator) agree; mean",
f4-soy-120-model-145,4,soybean,120,normalized_solvent_loading,faner_model_line,145.001,0.041735,0.041735,,0.0424,0.042068,0.007,clear,"two readings (v1, adjudicator) agree; mean",
f4-soy-125-model-145,4,soybean,125,normalized_solvent_loading,faner_model_line,145.001,0.031915,0.031915,,0.0318,0.031857,0.007,clear,"two readings (v1, adjudicator) agree; mean",
f4-soy-92-model-155,4,soybean,92,normalized_solvent_loading,faner_model_line,154.999,0.138298,0.138298,,0.1384,0.138349,0.007,clear,"two readings (v1, adjudicator) agree; mean",
f4-soy-101-model-155,4,soybean,101,normalized_solvent_loading,faner_model_line,154.999,0.067921,0.067921,,0.068,0.067961,0.007,clear,"two readings (v1, adjudicator) agree; mean",
f4-soy-109-model-155,4,soybean,109,normalized_solvent_loading,faner_model_line,154.999,0.040098,0.040098,,0.0401,0.040099,0.007,clear,"two readings (v1, adjudicator) agree; mean",
f4-soy-120-model-155,4,soybean,120,normalized_solvent_loading,faner_model_line,154.999,0.030278,0.030278,,0.0304,0.030339,0.007,clear,"two readings (v1, adjudicator) agree; mean",
f4-soy-125-model-155,4,soybean,125,normalized_solvent_loading,faner_model_line,154.999,0.020458,0.020458,,0.0212,0.020829,0.007,clear,"two readings (v1, adjudicator) agree; mean",
f4-soy-92-model-165,4,soybean,92,normalized_solvent_loading,faner_model_line,165.001,0.120295,0.120295,,0.1213,0.120798,0.007,clear,"two readings (v1, adjudicator) agree; mean",
f4-soy-101-model-165,4,soybean,101,normalized_solvent_loading,faner_model_line,165.001,0.054828,0.054828,,0.0549,0.054864,0.007,clear,"two readings (v1, adjudicator) agree; mean",
f4-soy-109-model-165,4,soybean,109,normalized_solvent_loading,faner_model_line,165.001,0.028642,0.028642,,0.0288,0.028721,0.007,clear,"two readings (v1, adjudicator) agree; mean",
f4-soy-120-model-165,4,soybean,120,normalized_solvent_loading,faner_model_line,165.001,0.020458,0.020458,,0.0205,0.020479,0.007,clear,"two readings (v1, adjudicator) agree; mean",
f4-soy-125-model-165,4,soybean,125,normalized_solvent_loading,faner_model_line,165.001,0.012275,0.012275,,0.0124,0.012337,0.007,clear,"two readings (v1, adjudicator) agree; mean",
f4-soy-92-model-175,4,soybean,92,normalized_solvent_loading,faner_model_line,174.999,0.107201,0.107201,,0.1063,0.10675,0.007,clear,"two readings (v1, adjudicator) agree; mean",
f4-soy-101-model-175,4,soybean,101,normalized_solvent_loading,faner_model_line,174.999,0.043372,0.043372,,0.044,0.043686,0.007,clear,"two readings (v1, adjudicator) agree; mean",
f4-soy-109-model-175,4,soybean,109,normalized_solvent_loading,faner_model_line,174.999,0.020458,0.020458,,0.0204,0.020429,0.007,clear,"two readings (v1, adjudicator) agree; mean",
f4-soy-120-model-175,4,soybean,120,normalized_solvent_loading,faner_model_line,174.999,0.007365,0.007365,,0.0124,0.009882,0.014,merged,"two readings (v1, adjudicator) agree; mean",line merges with the time axis
f4-soy-92-model-185,4,soybean,92,normalized_solvent_loading,faner_model_line,185.001,0.092471,0.092471,,0.0926,0.092535,0.007,clear,"two readings (v1, adjudicator) agree; mean",
f4-soy-101-model-185,4,soybean,101,normalized_solvent_loading,faner_model_line,185.001,0.035188,0.035188,,0.0344,0.034794,0.007,clear,"two readings (v1, adjudicator) agree; mean",
f4-soy-109-model-185,4,soybean,109,normalized_solvent_loading,faner_model_line,185.001,0.007365,0.007365,,0.0108,0.009083,0.014,merged,"two readings (v1, adjudicator) agree; mean",line merges with the time axis
f4-soy-92-model-195,4,soybean,92,normalized_solvent_loading,faner_model_line,194.999,0.081015,0.081015,,0.0804,0.080708,0.007,clear,"two readings (v1, adjudicator) agree; mean",
f4-soy-101-model-195,4,soybean,101,normalized_solvent_loading,faner_model_line,194.999,0.025368,0.025368,,0.0255,0.025434,0.007,clear,"two readings (v1, adjudicator) agree; mean",
f4-soy-109-model-195,4,soybean,109,normalized_solvent_loading,faner_model_line,194.999,0.005728,0.005728,,,0.005728,0.021,inferred,single reading (v1); unreadable to the other two readers; v1 value kept as printed in v1,line merges with the time axis; not readable in the source by the auditor or the adjudicator; v1 value kept
f4-soy-92-model-205,4,soybean,92,normalized_solvent_loading,faner_model_line,205.001,0.069558,0.069558,,0.0696,0.069579,0.007,clear,"two readings (v1, adjudicator) agree; mean",
f4-soy-101-model-205,4,soybean,101,normalized_solvent_loading,faner_model_line,205.001,0.018822,0.018822,,0.0187,0.018761,0.007,clear,"two readings (v1, adjudicator) agree; mean",
f4-soy-109-model-205,4,soybean,109,normalized_solvent_loading,faner_model_line,205.001,0.002455,0.002455,,,0.002455,0.021,inferred,single reading (v1); unreadable to the other two readers; v1 value kept as printed in v1,line merges with the time axis; not readable in the source by the auditor or the adjudicator; v1 value kept
f4-soy-92-model-215,4,soybean,92,normalized_solvent_loading,faner_model_line,214.999,0.059738,0.059738,,0.0597,0.059719,0.007,clear,"two readings (v1, adjudicator) agree; mean",
f4-soy-101-model-215,4,soybean,101,normalized_solvent_loading,faner_model_line,214.999,0.012275,0.012275,,0.0123,0.012287,0.007,clear,"two readings (v1, adjudicator) agree; mean",
f4-soy-109-model-215,4,soybean,109,normalized_solvent_loading,faner_model_line,214.999,0.002455,0.002455,,0.0123,0.007378,0.014,merged,"two readings (v1, adjudicator) agree; mean",line merges with the time axis
f4-soy-92-model-225,4,soybean,92,normalized_solvent_loading,faner_model_line,225.001,0.049918,0.049918,,0.0499,0.049909,0.007,clear,"two readings (v1, adjudicator) agree; mean",
f4-soy-101-model-225,4,soybean,101,normalized_solvent_loading,faner_model_line,225.001,0.009002,0.009002,,0.0087,0.008851,0.007,clear,"two readings (v1, adjudicator) agree; mean",
f4-soy-92-model-235,4,soybean,92,normalized_solvent_loading,faner_model_line,234.999,0.045008,0.045008,,0.0449,0.044954,0.007,clear,"two readings (v1, adjudicator) agree; mean",
f4-soy-101-model-235,4,soybean,101,normalized_solvent_loading,faner_model_line,234.999,0.002455,0.002455,,,0.002455,0.021,inferred,single reading (v1); unreadable to the other two readers; v1 value kept as printed in v1,line merges with the time axis; not readable in the source by the auditor or the adjudicator; v1 value kept
