time_s,temperature_k,hexane_kg_kg_dry,particle_water_kg_kg_dry,external_water_kg_kg_dry,wet_volume_fraction,stage,source
0.0,322.15,0.38778625954198465,0.12366412213740458,0.0,1.0,high loading,paper\analysis\results_2026-10-06\shared_model\dt_feed_massfilm_gated_R1p5.json
1.0,322.17872874048555,0.38777766873718944,0.12366412213740458,1.0189099338484162e-05,1.0,high loading,paper\analysis\results_2026-10-06\shared_model\dt_feed_massfilm_gated_R1p5.json
2.0,322.20744459113087,0.38776896587410514,0.12366412213740458,2.036932244934683e-05,1.0,high loading,paper\analysis\results_2026-10-06\shared_model\dt_feed_massfilm_gated_R1p5.json
3.0,322.23614753525544,0.3877601509703218,0.12366412213740458,3.054067123823296e-05,1.0,high loading,paper\analysis\results_2026-10-06\shared_model\dt_feed_massfilm_gated_R1p5.json
4.0,322.2648375563807,0.3877512240435206,0.12366412213740458,4.0703147617765606e-05,1.0,high loading,paper\analysis\results_2026-10-06\shared_model\dt_feed_massfilm_gated_R1p5.json
5.0,322.29351463823025,0.3877421851114736,0.12366412213740458,5.085675350748875e-05,1.0,high loading,paper\analysis\results_2026-10-06\shared_model\dt_feed_massfilm_gated_R1p5.json
6.0,322.32217876472725,0.3877330341920425,0.12366412213740458,6.1001490833810934e-05,1.0,high loading,paper\analysis\results_2026-10-06\shared_model\dt_feed_massfilm_gated_R1p5.json
7.0,322.35082991999184,0.387723771303178,0.12366412213740458,7.113736152994967e-05,1.0,high loading,paper\analysis\results_2026-10-06\shared_model\dt_feed_massfilm_gated_R1p5.json
8.0,322.3794680883411,0.38771439646291955,0.12366412213740458,8.126436753587572e-05,1.0,high loading,paper\analysis\results_2026-10-06\shared_model\dt_feed_massfilm_gated_R1p5.json
9.0,322.40809325428575,0.3877049096893943,0.12366412213740458,9.138251079825825e-05,1.0,high loading,paper\analysis\results_2026-10-06\shared_model\dt_feed_massfilm_gated_R1p5.json
10.0,322.43670540252975,0.3876953110008165,0.12366412213740458,0.00010149179327041025,1.0,high loading,paper\analysis\results_2026-10-06\shared_model\dt_feed_massfilm_gated_R1p5.json
11.0,322.465304517968,0.3876856004154868,0.12366412213740458,0.0001115922169122344,1.0,high loading,paper\analysis\results_2026-10-06\shared_model\dt_feed_massfilm_gated_R1p5.json
12.0,322.4938905856834,0.38767577795179176,0.12366412213740458,0.00012168378369016985,1.0,high loading,paper\analysis\results_2026-10-06\shared_model\dt_feed_massfilm_gated_R1p5.json
13.0,322.5224635909465,0.3876658436282033,0.12366412213740458,0.00013176649557713913,1.0,high loading,paper\analysis\results_2026-10-06\shared_model\dt_feed_massfilm_gated_R1p5.json
14.0,322.55102351921505,0.38765579746327755,0.12366412213740458,0.00014184035455249485,1.0,high loading,paper\analysis\results_2026-10-06\shared_model\dt_feed_massfilm_gated_R1p5.json
15.0,322.5795703561297,0.38764563947565467,0.12366412213740458,0.00015190536260196807,1.0,high loading,paper\analysis\results_2026-10-06\shared_model\dt_feed_massfilm_gated_R1p5.json
16.0,322.60810408751405,0.3876353696840579,0.12366412213740458,0.00016196152171761617,1.0,high loading,paper\analysis\results_2026-10-06\shared_model\dt_feed_massfilm_gated_R1p5.json
17.0,322.6366246993732,0.38762498810729307,0.12366412213740458,0.00017200883389777152,1.0,high loading,paper\analysis\results_2026-10-06\shared_model\dt_feed_massfilm_gated_R1p5.json
18.0,322.66513217789014,0.3876144947642483,0.12366412213740458,0.0001820473011469908,1.0,high loading,paper\analysis\results_2026-10-06\shared_model\dt_feed_massfilm_gated_R1p5.json
19.0,322.6936265094264,0.38760388967389303,0.12366412213740458,0.00019207692547600433,1.0,high loading,paper\analysis\results_2026-10-06\shared_model\dt_feed_massfilm_gated_R1p5.json
20.0,322.72210768051997,0.38759317285527733,0.12366412213740458,0.00020209770890166584,1.0,high loading,paper\analysis\results_2026-10-06\shared_model\dt_feed_massfilm_gated_R1p5.json
21.0,322.7505756778827,0.3875823443275313,0.12366412213740458,0.0002121096534469031,1.0,high loading,paper\analysis\results_2026-10-06\shared_model\dt_feed_massfilm_gated_R1p5.json
22.0,322.77903048840034,0.3875714041098647,0.12366412213740458,0.00022211276114066835,1.0,high loading,paper\analysis\results_2026-10-06\shared_model\dt_feed_massfilm_gated_R1p5.json
23.0,322.80747209912954,0.38756035222156604,0.12366412213740458,0.00023210703401788967,1.0,high loading,paper\analysis\results_2026-10-06\shared_model\dt_feed_massfilm_gated_R1p5.json
24.0,322.8359004972977,0.38754918868200267,0.12366412213740458,0.0002420924741194223,1.0,high loading,paper\analysis\results_2026-10-06\shared_model\dt_feed_massfilm_gated_R1p5.json
25.0,322.86431567030024,0.38753791351061917,0.12366412213740458,0.00025206908349200086,1.0,high loading,paper\analysis\results_2026-10-06\shared_model\dt_feed_massfilm_gated_R1p5.json
26.0,322.89271760569835,0.3875265267269375,0.12366412213740458,0.000262036864188192,1.0,high loading,paper\analysis\results_2026-10-06\shared_model\dt_feed_massfilm_gated_R1p5.json
27.0,322.92110629122163,0.3875150283505564,0.12366412213740458,0.00027199581826634615,1.0,high loading,paper\analysis\results_2026-10-06\shared_model\dt_feed_massfilm_gated_R1p5.json
28.0,322.94948171476176,0.3875034184011502,0.12366412213740458,0.00028194594779055174,1.0,high loading,paper\analysis\results_2026-10-06\shared_model\dt_feed_massfilm_gated_R1p5.json
29.0,322.97784386437337,0.387491696898469,0.12366412213740458,0.00029188725483058817,1.0,high loading,paper\analysis\results_2026-10-06\shared_model\dt_feed_massfilm_gated_R1p5.json
30.0,323.0061927282731,0.3874798638623376,0.12366412213740458,0.00030181974146187984,1.0,high loading,paper\analysis\results_2026-10-06\shared_model\dt_feed_massfilm_gated_R1p5.json
31.0,323.03452829483655,0.38746791931265534,0.12366412213740458,0.00031174340976545053,1.0,high loading,paper\analysis\results_2026-10-06\shared_model\dt_feed_massfilm_gated_R1p5.json
32.0,323.06285055259855,0.38745586326939513,0.12366412213740458,0.0003216582618278779,1.0,high loading,paper\analysis\results_2026-10-06\shared_model\dt_feed_massfilm_gated_R1p5.json
33.0,323.09115949025045,0.3874436957526033,0.12366412213740458,0.0003315642997412487,1.0,high loading,paper\analysis\results_2026-10-06\shared_model\dt_feed_massfilm_gated_R1p5.json
34.0,323.1194550966394,0.38743141678239834,0.12366412213740458,0.00034146152560311424,1.0,high loading,paper\analysis\results_2026-10-06\shared_model\dt_feed_massfilm_gated_R1p5.json
35.0,323.1477373607668,0.3874190263789715,0.12366412213740458,0.000351349941516446,1.0,high loading,paper\analysis\results_2026-10-06\shared_model\dt_feed_massfilm_gated_R1p5.json
36.0,323.1760062717879,0.3874065245625852,0.12366412213740458,0.00036122954958959174,1.0,high loading,paper\analysis\results_2026-10-06\shared_model\dt_feed_massfilm_gated_R1p5.json
37.0,323.20426181900854,0.38739391135357293,0.12366412213740458,0.0003711003519362322,1.0,high loading,paper\analysis\results_2026-10-06\shared_model\dt_feed_massfilm_gated_R1p5.json
38.0,323.2325039918852,0.38738118677233896,0.12366412213740458,0.0003809623506753378,1.0,high loading,paper\analysis\results_2026-10-06\shared_model\dt_feed_massfilm_gated_R1p5.json
39.0,323.2607327800232,0.3873683508393573,0.12366412213740458,0.00039081554793112623,1.0,high loading,paper\analysis\results_2026-10-06\shared_model\dt_feed_massfilm_gated_R1p5.json
40.0,323.28894817317655,0.38735540357517134,0.12366412213740458,0.00040065994583301926,1.0,high loading,paper\analysis\results_2026-10-06\shared_model\dt_feed_massfilm_gated_R1p5.json
41.0,323.31715016124434,0.387342345000394,0.12366412213740458,0.00041049554651560147,1.0,high loading,paper\analysis\results_2026-10-06\shared_model\dt_feed_massfilm_gated_R1p5.json
42.0,323.34533873427205,0.387329175135706,0.12366412213740458,0.0004203223521185779,1.0,high loading,paper\analysis\results_2026-10-06\shared_model\dt_feed_massfilm_gated_R1p5.json
43.0,323.3735138824483,0.3873158940018561,0.12366412213740458,0.00043014036478673286,1.0,high loading,paper\analysis\results_2026-10-06\shared_model\dt_feed_massfilm_gated_R1p5.json
44.0,323.4016755961044,0.3873025016196607,0.12366412213740458,0.0004399495866698891,1.0,high loading,paper\analysis\results_2026-10-06\shared_model\dt_feed_massfilm_gated_R1p5.json
45.0,323.42982386571333,0.38728899801000305,0.12366412213740458,0.00044975001992286675,1.0,high loading,paper\analysis\results_2026-10-06\shared_model\dt_feed_massfilm_gated_R1p5.json
46.0,323.4579586818891,0.3872753831938328,0.12366412213740458,0.0004595416667054427,1.0,high loading,paper\analysis\results_2026-10-06\shared_model\dt_feed_massfilm_gated_R1p5.json
47.0,323.4860800353832,0.38726165719216554,0.12366412213740458,0.00046932452918231106,1.0,high loading,paper\analysis\results_2026-10-06\shared_model\dt_feed_massfilm_gated_R1p5.json
48.0,323.5141879170858,0.3872478200260824,0.12366412213740458,0.000479098609523043,1.0,high loading,paper\analysis\results_2026-10-06\shared_model\dt_feed_massfilm_gated_R1p5.json
49.0,323.54228231802284,0.3872338717167294,0.12366412213740458,0.0004888639099020479,1.0,high loading,paper\analysis\results_2026-10-06\shared_model\dt_feed_massfilm_gated_R1p5.json
50.0,323.5703632293567,0.38721981228531704,0.12366412213740458,0.0004986204324985334,1.0,high loading,paper\analysis\results_2026-10-06\shared_model\dt_feed_massfilm_gated_R1p5.json
51.0,323.5984306423834,0.3872056417531197,0.12366412213740458,0.0005083681794964671,1.0,high loading,paper\analysis\results_2026-10-06\shared_model\dt_feed_massfilm_gated_R1p5.json
52.0,323.62648454853286,0.3871913601414755,0.12366412213740458,0.000518107153084538,1.0,high loading,paper\analysis\results_2026-10-06\shared_model\dt_feed_massfilm_gated_R1p5.json
53.0,323.6545249393653,0.38717696747178554,0.12366412213740458,0.0005278373554561184,1.0,high loading,paper\analysis\results_2026-10-06\shared_model\dt_feed_massfilm_gated_R1p5.json
54.0,323.68255180657326,0.38716246376551366,0.12366412213740458,0.0005375587888092258,1.0,high loading,paper\analysis\results_2026-10-06\shared_model\dt_feed_massfilm_gated_R1p5.json
55.0,323.71056514197835,0.38714784904418564,0.12366412213740458,0.0005472714553464855,1.0,high loading,paper\analysis\results_2026-10-06\shared_model\dt_feed_massfilm_gated_R1p5.json
56.0,323.73856493753027,0.3871331233293889,0.12366412213740458,0.0005569753572750934,1.0,high loading,paper\analysis\results_2026-10-06\shared_model\dt_feed_massfilm_gated_R1p5.json
57.0,323.76655118530726,0.38711828664277204,0.12366412213740458,0.000566670496806779,1.0,high loading,paper\analysis\results_2026-10-06\shared_model\dt_feed_massfilm_gated_R1p5.json
58.0,323.794523877514,0.38710333900604477,0.12366412213740458,0.0005763568761577681,1.0,high loading,paper\analysis\results_2026-10-06\shared_model\dt_feed_massfilm_gated_R1p5.json
59.0,323.8224830064787,0.38708828044097693,0.12366412213740458,0.0005860344975487475,1.0,high loading,paper\analysis\results_2026-10-06\shared_model\dt_feed_massfilm_gated_R1p5.json
60.0,323.8504285646555,0.3870731109693982,0.12366412213740458,0.0005957033632048282,1.0,high loading,paper\analysis\results_2026-10-06\shared_model\dt_feed_massfilm_gated_R1p5.json
61.0,323.87836054462014,0.38705783061319776,0.12366412213740458,0.0006053634753555102,1.0,high loading,paper\analysis\results_2026-10-06\shared_model\dt_feed_massfilm_gated_R1p5.json
62.0,323.90627893907254,0.3870424393943237,0.12366412213740458,0.0006150148362346458,1.0,high loading,paper\analysis\results_2026-10-06\shared_model\dt_feed_massfilm_gated_R1p5.json
63.0,323.9341837408325,0.3870269373347829,0.12366412213740458,0.0006246574480804054,1.0,high loading,paper\analysis\results_2026-10-06\shared_model\dt_feed_massfilm_gated_R1p5.json
64.0,323.96207494283925,0.38701132445664016,0.12366412213740458,0.0006342913131352424,1.0,high loading,paper\analysis\results_2026-10-06\shared_model\dt_feed_massfilm_gated_R1p5.json
65.0,323.98995253815207,0.3869956007820181,0.12366412213740458,0.0006439164336458582,1.0,high loading,paper\analysis\results_2026-10-06\shared_model\dt_feed_massfilm_gated_R1p5.json
66.0,324.01781651994696,0.3869797663330967,0.12366412213740458,0.0006535328118631682,1.0,high loading,paper\analysis\results_2026-10-06\shared_model\dt_feed_massfilm_gated_R1p5.json
67.0,324.0456668815175,0.3869638211321125,0.12366412213740458,0.0006631404500422677,1.0,high loading,paper\analysis\results_2026-10-06\shared_model\dt_feed_massfilm_gated_R1p5.json
68.0,324.0735036162742,0.38694776520135876,0.12366412213740458,0.000672739350442397,1.0,high loading,paper\analysis\results_2026-10-06\shared_model\dt_feed_massfilm_gated_R1p5.json
69.0,324.1013267177408,0.38693159856318476,0.12366412213740458,0.0006823295153269094,1.0,high loading,paper\analysis\results_2026-10-06\shared_model\dt_feed_massfilm_gated_R1p5.json
70.0,324.1291361795558,0.38691532123999556,0.12366412213740458,0.0006919109469632367,1.0,high loading,paper\analysis\results_2026-10-06\shared_model\dt_feed_massfilm_gated_R1p5.json
71.0,324.15693199547155,0.3868989332542511,0.12366412213740458,0.0007014836476228564,1.0,high loading,paper\analysis\results_2026-10-06\shared_model\dt_feed_massfilm_gated_R1p5.json
72.0,324.18471415935085,0.3868824346284663,0.12366412213740458,0.0007110476195812594,1.0,high loading,paper\analysis\results_2026-10-06\shared_model\dt_feed_massfilm_gated_R1p5.json
73.0,324.2124826651687,0.3868658253852105,0.12366412213740458,0.0007206028651179166,1.0,high loading,paper\analysis\results_2026-10-06\shared_model\dt_feed_massfilm_gated_R1p5.json
74.0,324.2402375070099,0.3868491055471071,0.12366412213740458,0.0007301493865162474,1.0,high loading,paper\analysis\results_2026-10-06\shared_model\dt_feed_massfilm_gated_R1p5.json
75.0,324.26797867906777,0.38683227513683316,0.12366412213740458,0.0007396871860635874,1.0,high loading,paper\analysis\results_2026-10-06\shared_model\dt_feed_massfilm_gated_R1p5.json
76.0,324.2957061756457,0.3868153341771189,0.12366412213740458,0.0007492162660511563,1.0,high loading,paper\analysis\results_2026-10-06\shared_model\dt_feed_massfilm_gated_R1p5.json
77.0,324.32341999115266,0.38679828269074723,0.12366412213740458,0.0007587366287740266,1.0,high loading,paper\analysis\results_2026-10-06\shared_model\dt_feed_massfilm_gated_R1p5.json
78.0,324.35112012010495,0.386781120700554,0.12366412213740458,0.0007682482765310925,1.0,high loading,paper\analysis\results_2026-10-06\shared_model\dt_feed_massfilm_gated_R1p5.json
79.0,324.37880655712445,0.38676384822942655,0.12366412213740458,0.0007777512116250386,1.0,high loading,paper\analysis\results_2026-10-06\shared_model\dt_feed_massfilm_gated_R1p5.json
80.0,324.4064792969369,0.38674646530030427,0.12366412213740458,0.000787245436362309,1.0,high loading,paper\analysis\results_2026-10-06\shared_model\dt_feed_massfilm_gated_R1p5.json
81.0,324.43413833437313,0.386728971936178,0.12366412213740458,0.0007967309530530772,1.0,high loading,paper\analysis\results_2026-10-06\shared_model\dt_feed_massfilm_gated_R1p5.json
82.0,324.4617836643655,0.3867113681600891,0.12366412213740458,0.000806207764011215,1.0,high loading,paper\analysis\results_2026-10-06\shared_model\dt_feed_massfilm_gated_R1p5.json
83.0,324.489415281949,0.38669365399513,0.12366412213740458,0.0008156758715542636,1.0,high loading,paper\analysis\results_2026-10-06\shared_model\dt_feed_massfilm_gated_R1p5.json
84.0,324.51703318226004,0.386675829464443,0.12366412213740458,0.0008251352780034025,1.0,high loading,paper\analysis\results_2026-10-06\shared_model\dt_feed_massfilm_gated_R1p5.json
85.0,324.5446373605346,0.38665789459122035,0.12366412213740458,0.0008345859856834205,1.0,high loading,paper\analysis\results_2026-10-06\shared_model\dt_feed_massfilm_gated_R1p5.json
86.0,324.57222781210874,0.38663984939870377,0.12366412213740458,0.0008440279969226863,1.0,high loading,paper\analysis\results_2026-10-06\shared_model\dt_feed_massfilm_gated_R1p5.json
87.0,324.5998045324174,0.38662169391018414,0.12366412213740458,0.0008534613140531191,1.0,high loading,paper\analysis\results_2026-10-06\shared_model\dt_feed_massfilm_gated_R1p5.json
88.0,324.62736751699185,0.38660342814900106,0.12366412213740458,0.0008628859394101601,1.0,high loading,paper\analysis\results_2026-10-06\shared_model\dt_feed_massfilm_gated_R1p5.json
89.0,324.65491676146235,0.38658505213854266,0.12366412213740458,0.000872301875332743,1.0,high loading,paper\analysis\results_2026-10-06\shared_model\dt_feed_massfilm_gated_R1p5.json
90.0,324.6824522615536,0.38656656590224503,0.12366412213740458,0.0008817091241632665,1.0,high loading,paper\analysis\results_2026-10-06\shared_model\dt_feed_massfilm_gated_R1p5.json
91.0,324.709974013086,0.38654796946359193,0.12366412213740458,0.0008911076882475652,1.0,high loading,paper\analysis\results_2026-10-06\shared_model\dt_feed_massfilm_gated_R1p5.json
92.0,324.73748201197543,0.38652926284611466,0.12366412213740458,0.0009004975699348819,1.0,high loading,paper\analysis\results_2026-10-06\shared_model\dt_feed_massfilm_gated_R1p5.json
93.0,324.76497625423036,0.38651044607339136,0.12366412213740458,0.0009098787715778398,1.0,high loading,paper\analysis\results_2026-10-06\shared_model\dt_feed_massfilm_gated_R1p5.json
94.0,324.7924567359529,0.3864915191690471,0.12366412213740458,0.0009192512955324147,1.0,high loading,paper\analysis\results_2026-10-06\shared_model\dt_feed_massfilm_gated_R1p5.json
95.0,324.8199234533364,0.38647248215675295,0.12366412213740458,0.0009286151441579078,1.0,high loading,paper\analysis\results_2026-10-06\shared_model\dt_feed_massfilm_gated_R1p5.json
96.0,324.8473764026672,0.3864533350602263,0.12366412213740458,0.000937970319816918,1.0,high loading,paper\analysis\results_2026-10-06\shared_model\dt_feed_massfilm_gated_R1p5.json
97.0,324.8748155803202,0.38643407790323014,0.12366412213740458,0.0009473168248753158,1.0,high loading,paper\analysis\results_2026-10-06\shared_model\dt_feed_massfilm_gated_R1p5.json
98.0,324.90224098276167,0.3864147107095727,0.12366412213740458,0.0009566546617022155,1.0,high loading,paper\analysis\results_2026-10-06\shared_model\dt_feed_massfilm_gated_R1p5.json
99.0,324.92965260654694,0.38639523350310734,0.12366412213740458,0.0009659838326699494,1.0,high loading,paper\analysis\results_2026-10-06\shared_model\dt_feed_massfilm_gated_R1p5.json
100.0,324.95705044831885,0.3863756463077322,0.12366412213740458,0.000975304340154041,1.0,high loading,paper\analysis\results_2026-10-06\shared_model\dt_feed_massfilm_gated_R1p5.json
101.0,324.98443450480835,0.3863559491473896,0.12366412213740458,0.0009846161865331787,1.0,high loading,paper\analysis\results_2026-10-06\shared_model\dt_feed_massfilm_gated_R1p5.json
102.0,325.0118047728333,0.3863361420460659,0.12366412213740458,0.0009939193741891903,1.0,high loading,paper\analysis\results_2026-10-06\shared_model\dt_feed_massfilm_gated_R1p5.json
103.0,325.03916124929714,0.38631622502779145,0.12366412213740458,0.0010032139055070168,1.0,high loading,paper\analysis\results_2026-10-06\shared_model\dt_feed_massfilm_gated_R1p5.json
104.0,325.0665039311901,0.3862961981166398,0.12366412213740458,0.001012499782874687,1.0,high loading,paper\analysis\results_2026-10-06\shared_model\dt_feed_massfilm_gated_R1p5.json
105.0,325.0938328155856,0.38627606133672754,0.12366412213740458,0.0010217770086832921,1.0,high loading,paper\analysis\results_2026-10-06\shared_model\dt_feed_massfilm_gated_R1p5.json
106.0,325.12114789964187,0.3862558147122145,0.12366412213740458,0.0010310455853269605,1.0,high loading,paper\analysis\results_2026-10-06\shared_model\dt_feed_massfilm_gated_R1p5.json
107.0,325.14844918060004,0.3862354582673024,0.12366412213740458,0.0010403055152028327,1.0,high loading,paper\analysis\results_2026-10-06\shared_model\dt_feed_massfilm_gated_R1p5.json
108.0,325.17573665578465,0.3862149920262356,0.12366412213740458,0.0010495568007110362,1.0,high loading,paper\analysis\results_2026-10-06\shared_model\dt_feed_massfilm_gated_R1p5.json
109.0,325.20301032260124,0.38619441601329996,0.12366412213740458,0.0010587994442546617,1.0,high loading,paper\analysis\results_2026-10-06\shared_model\dt_feed_massfilm_gated_R1p5.json
110.0,325.230270178537,0.38617373025282326,0.12366412213740458,0.0010680334482397378,1.0,high loading,paper\analysis\results_2026-10-06\shared_model\dt_feed_massfilm_gated_R1p5.json
111.0,325.25751622115916,0.3861529347691743,0.12366412213740458,0.0010772588150752072,1.0,high loading,paper\analysis\results_2026-10-06\shared_model\dt_feed_massfilm_gated_R1p5.json
112.0,325.2847484481155,0.3861320295867633,0.12366412213740458,0.0010864755471729024,1.0,high loading,paper\analysis\results_2026-10-06\shared_model\dt_feed_massfilm_gated_R1p5.json
113.0,325.3119668571322,0.3861110147300405,0.12366412213740458,0.0010956836469475223,1.0,high loading,paper\analysis\results_2026-10-06\shared_model\dt_feed_massfilm_gated_R1p5.json
114.0,325.3391714460155,0.38608989022349693,0.12366412213740458,0.0011048831168166075,1.0,high loading,paper\analysis\results_2026-10-06\shared_model\dt_feed_massfilm_gated_R1p5.json
115.0,325.36636221264786,0.3860686560916637,0.12366412213740458,0.0011140739592005178,1.0,high loading,paper\analysis\results_2026-10-06\shared_model\dt_feed_massfilm_gated_R1p5.json
116.0,325.39353915499015,0.38604731235911155,0.12366412213740458,0.001123256176522408,1.0,high loading,paper\analysis\results_2026-10-06\shared_model\dt_feed_massfilm_gated_R1p5.json
117.0,325.4207022710791,0.386025859050451,0.12366412213740458,0.0011324297712082053,1.0,high loading,paper\analysis\results_2026-10-06\shared_model\dt_feed_massfilm_gated_R1p5.json
118.0,325.44785155902787,0.3860042961903317,0.12366412213740458,0.001141594745686586,1.0,high loading,paper\analysis\results_2026-10-06\shared_model\dt_feed_massfilm_gated_R1p5.json
119.0,325.4749870170251,0.3859826238034422,0.12366412213740458,0.0011507511023889526,1.0,high loading,paper\analysis\results_2026-10-06\shared_model\dt_feed_massfilm_gated_R1p5.json
120.0,325.5021086433327,0.38596084191450986,0.12366412213740458,0.0011598988437494116,1.0,high loading,paper\analysis\results_2026-10-06\shared_model\dt_feed_massfilm_gated_R1p5.json
121.0,325.5292164362892,0.3859389505483002,0.12366412213740458,0.0011690379722047502,1.0,high loading,paper\analysis\results_2026-10-06\shared_model\dt_feed_massfilm_gated_R1p5.json
122.0,325.55631039430426,0.385916949729617,0.12366412213740458,0.0011781684901944148,1.0,high loading,paper\analysis\results_2026-10-06\shared_model\dt_feed_massfilm_gated_R1p5.json
123.0,325.5833905158619,0.3858948394833019,0.12366412213740458,0.0011872904001604882,1.0,high loading,paper\analysis\results_2026-10-06\shared_model\dt_feed_massfilm_gated_R1p5.json
124.0,325.6104567995178,0.38587261983423427,0.12366412213740458,0.0011964037045476678,1.0,high loading,paper\analysis\results_2026-10-06\shared_model\dt_feed_massfilm_gated_R1p5.json
125.0,325.63750924389893,0.3858502908073306,0.12366412213740458,0.0012055084058032438,1.0,high loading,paper\analysis\results_2026-10-06\shared_model\dt_feed_massfilm_gated_R1p5.json
126.0,325.6645478477041,0.3858278524275443,0.12366412213740458,0.0012146045063770774,1.0,high loading,paper\analysis\results_2026-10-06\shared_model\dt_feed_massfilm_gated_R1p5.json
127.0,325.69157260970206,0.38580530471986585,0.12366412213740458,0.0012236920087215796,1.0,high loading,paper\analysis\results_2026-10-06\shared_model\dt_feed_massfilm_gated_R1p5.json
128.0,325.71858352873176,0.385782647709322,0.12366412213740458,0.0012327709152916897,1.0,high loading,paper\analysis\results_2026-10-06\shared_model\dt_feed_massfilm_gated_R1p5.json
129.0,325.74558060370117,0.38575988142097606,0.12366412213740458,0.0012418412285448537,1.0,high loading,paper\analysis\results_2026-10-06\shared_model\dt_feed_massfilm_gated_R1p5.json
130.0,325.77256383358707,0.3857370058799268,0.12366412213740458,0.0012509029509410038,1.0,high loading,paper\analysis\results_2026-10-06\shared_model\dt_feed_massfilm_gated_R1p5.json
131.0,325.79953321743506,0.38571402111130926,0.12366412213740458,0.0012599560849425372,1.0,high loading,paper\analysis\results_2026-10-06\shared_model\dt_feed_massfilm_gated_R1p5.json
132.0,325.8264887543569,0.3856909271402936,0.12366412213740458,0.0012690006330142952,1.0,high loading,paper\analysis\results_2026-10-06\shared_model\dt_feed_massfilm_gated_R1p5.json
133.0,325.8534304435322,0.3856677239920854,0.12366412213740458,0.0012780365976235437,1.0,high loading,paper\analysis\results_2026-10-06\shared_model\dt_feed_massfilm_gated_R1p5.json
134.0,325.88035828420755,0.3856444116919251,0.12366412213740458,0.0012870639812399512,1.0,high loading,paper\analysis\results_2026-10-06\shared_model\dt_feed_massfilm_gated_R1p5.json
135.0,325.9072722756953,0.3856209902650877,0.12366412213740458,0.0012960827863355694,1.0,high loading,paper\analysis\results_2026-10-06\shared_model\dt_feed_massfilm_gated_R1p5.json
136.0,325.9341724173724,0.3855974597368832,0.12366412213740458,0.001305093015384813,1.0,high loading,paper\analysis\results_2026-10-06\shared_model\dt_feed_massfilm_gated_R1p5.json
137.0,325.9610587086812,0.3855738201326552,0.12366412213740458,0.0013140946708644398,1.0,high loading,paper\analysis\results_2026-10-06\shared_model\dt_feed_massfilm_gated_R1p5.json
138.0,325.98793114912877,0.3855500714777816,0.12366412213740458,0.0013230877552535302,1.0,high loading,paper\analysis\results_2026-10-06\shared_model\dt_feed_massfilm_gated_R1p5.json
139.0,326.01478973828455,0.38552621379767393,0.12366412213740458,0.0013320722710334688,1.0,high loading,paper\analysis\results_2026-10-06\shared_model\dt_feed_massfilm_gated_R1p5.json
140.0,326.0416344757827,0.3855022471177773,0.12366412213740458,0.0013410482206879235,1.0,high loading,paper\analysis\results_2026-10-06\shared_model\dt_feed_massfilm_gated_R1p5.json
141.0,326.06846536131957,0.38547817146357005,0.12366412213740458,0.0013500156067028268,1.0,high loading,paper\analysis\results_2026-10-06\shared_model\dt_feed_massfilm_gated_R1p5.json
142.0,326.09528239465413,0.3854539868605633,0.12366412213740458,0.0013589744315663564,1.0,high loading,paper\analysis\results_2026-10-06\shared_model\dt_feed_massfilm_gated_R1p5.json
143.0,326.12208557560615,0.3854296933343014,0.12366412213740458,0.0013679246977689162,1.0,high loading,paper\analysis\results_2026-10-06\shared_model\dt_feed_massfilm_gated_R1p5.json
144.0,326.1488749040574,0.3854052909103607,0.12366412213740458,0.0013768664078031168,1.0,high loading,paper\analysis\results_2026-10-06\shared_model\dt_feed_massfilm_gated_R1p5.json
145.0,326.17565037994973,0.38538077961435024,0.12366412213740458,0.0013857995641637579,1.0,high loading,paper\analysis\results_2026-10-06\shared_model\dt_feed_massfilm_gated_R1p5.json
146.0,326.202412003286,0.385356159471911,0.12366412213740458,0.0013947241693478077,1.0,high loading,paper\analysis\results_2026-10-06\shared_model\dt_feed_massfilm_gated_R1p5.json
147.0,326.2291597741274,0.38533143050871577,0.12366412213740458,0.001403640225854386,1.0,high loading,paper\analysis\results_2026-10-06\shared_model\dt_feed_massfilm_gated_R1p5.json
148.0,326.25589369259586,0.38530659275046897,0.12366412213740458,0.0014125477361847452,1.0,high loading,paper\analysis\results_2026-10-06\shared_model\dt_feed_massfilm_gated_R1p5.json
149.0,326.2826137588716,0.3852816462229065,0.12366412213740458,0.0014214467028422512,1.0,high loading,paper\analysis\results_2026-10-06\shared_model\dt_feed_massfilm_gated_R1p5.json
150.0,326.3093199731921,0.38525659095179526,0.12366412213740458,0.001430337128332367,1.0,high loading,paper\analysis\results_2026-10-06\shared_model\dt_feed_massfilm_gated_R1p5.json
151.0,326.33601233585284,0.3852314269629331,0.12366412213740458,0.001439219015162633,1.0,high loading,paper\analysis\results_2026-10-06\shared_model\dt_feed_massfilm_gated_R1p5.json
152.0,326.3626908472082,0.3852061542821489,0.12366412213740458,0.0014480923658426496,1.0,high loading,paper\analysis\results_2026-10-06\shared_model\dt_feed_massfilm_gated_R1p5.json
153.0,326.38935550766735,0.38518077293530156,0.12366412213740458,0.00145695718288406,1.0,high loading,paper\analysis\results_2026-10-06\shared_model\dt_feed_massfilm_gated_R1p5.json
154.0,326.41600631769677,0.3851552829482805,0.12366412213740458,0.0014658134688005317,1.0,high loading,paper\analysis\results_2026-10-06\shared_model\dt_feed_massfilm_gated_R1p5.json
155.0,326.4426432778181,0.3851296843470052,0.12366412213740458,0.0014746612261077397,1.0,high loading,paper\analysis\results_2026-10-06\shared_model\dt_feed_massfilm_gated_R1p5.json
156.0,326.4692663886091,0.38510397715742506,0.12366412213740458,0.0014835004573233487,1.0,high loading,paper\analysis\results_2026-10-06\shared_model\dt_feed_massfilm_gated_R1p5.json
157.0,326.49587565070277,0.3850781614055189,0.12366412213740458,0.0014923311649669955,1.0,high loading,paper\analysis\results_2026-10-06\shared_model\dt_feed_massfilm_gated_R1p5.json
158.0,326.5224710647855,0.3850522371172952,0.12366412213740458,0.0015011533515602727,1.0,high loading,paper\analysis\results_2026-10-06\shared_model\dt_feed_massfilm_gated_R1p5.json
159.0,326.549052631599,0.38502620431879137,0.12366412213740458,0.001509967019626711,1.0,high loading,paper\analysis\results_2026-10-06\shared_model\dt_feed_massfilm_gated_R1p5.json
160.0,326.5756203519373,0.38500006303607404,0.12366412213740458,0.0015187721716917622,1.0,high loading,paper\analysis\results_2026-10-06\shared_model\dt_feed_massfilm_gated_R1p5.json
161.0,326.6021742266483,0.3849738132952385,0.12366412213740458,0.0015275688102827833,1.0,high loading,paper\analysis\results_2026-10-06\shared_model\dt_feed_massfilm_gated_R1p5.json
162.0,326.6287142566325,0.38494745512240874,0.12366412213740458,0.001536356937929019,1.0,high loading,paper\analysis\results_2026-10-06\shared_model\dt_feed_massfilm_gated_R1p5.json
163.0,326.655240442843,0.3849209885437372,0.12366412213740458,0.0015451365571615852,1.0,high loading,paper\analysis\results_2026-10-06\shared_model\dt_feed_massfilm_gated_R1p5.json
164.0,326.6817527862836,0.3848944135854039,0.12366412213740458,0.0015539076705134536,1.0,high loading,paper\analysis\results_2026-10-06\shared_model\dt_feed_massfilm_gated_R1p5.json
165.0,326.7082512880112,0.3848677302736176,0.12366412213740458,0.0015626702805194336,1.0,high loading,paper\analysis\results_2026-10-06\shared_model\dt_feed_massfilm_gated_R1p5.json
166.0,326.73473594913276,0.38484093863461444,0.12366412213740458,0.0015714243897161574,1.0,high loading,paper\analysis\results_2026-10-06\shared_model\dt_feed_massfilm_gated_R1p5.json
167.0,326.7612067708057,0.384814038694658,0.12366412213740458,0.0015801700006420642,1.0,high loading,paper\analysis\results_2026-10-06\shared_model\dt_feed_massfilm_gated_R1p5.json
168.0,326.7876637542386,0.38478703048003976,0.12366412213740458,0.0015889071158373825,1.0,high loading,paper\analysis\results_2026-10-06\shared_model\dt_feed_massfilm_gated_R1p5.json
169.0,326.8141069006878,0.3847599140170778,0.12366412213740458,0.0015976357378441166,1.0,high loading,paper\analysis\results_2026-10-06\shared_model\dt_feed_massfilm_gated_R1p5.json
170.0,326.84053621146086,0.3847326893321175,0.12366412213740458,0.0016063558692060293,1.0,high loading,paper\analysis\results_2026-10-06\shared_model\dt_feed_massfilm_gated_R1p5.json
171.0,326.86695168791374,0.3847053564515309,0.12366412213740458,0.0016150675124686263,1.0,high loading,paper\analysis\results_2026-10-06\shared_model\dt_feed_massfilm_gated_R1p5.json
172.0,326.8933533314506,0.3846779154017166,0.12366412213740458,0.0016237706701791414,1.0,high loading,paper\analysis\results_2026-10-06\shared_model\dt_feed_massfilm_gated_R1p5.json
173.0,326.9197411435247,0.38465036620909976,0.12366412213740458,0.0016324653448865204,1.0,high loading,paper\analysis\results_2026-10-06\shared_model\dt_feed_massfilm_gated_R1p5.json
174.0,326.94611512563563,0.3846227089001316,0.12366412213740458,0.0016411515391414066,1.0,high loading,paper\analysis\results_2026-10-06\shared_model\dt_feed_massfilm_gated_R1p5.json
175.0,326.97247527933126,0.3845949435012893,0.12366412213740458,0.0016498292554961247,1.0,high loading,paper\analysis\results_2026-10-06\shared_model\dt_feed_massfilm_gated_R1p5.json
176.0,326.99882160620683,0.3845670700390762,0.12366412213740458,0.0016584984965046664,1.0,high loading,paper\analysis\results_2026-10-06\shared_model\dt_feed_massfilm_gated_R1p5.json
177.0,327.02515410790284,0.38453908854002095,0.12366412213740458,0.001667159264722675,1.0,high loading,paper\analysis\results_2026-10-06\shared_model\dt_feed_massfilm_gated_R1p5.json
178.0,327.0514727861073,0.3845109990306778,0.12366412213740458,0.0016758115627074311,1.0,high loading,paper\analysis\results_2026-10-06\shared_model\dt_feed_massfilm_gated_R1p5.json
179.0,327.07777764255235,0.38448280153762626,0.12366412213740458,0.0016844553930178373,1.0,high loading,paper\analysis\results_2026-10-06\shared_model\dt_feed_massfilm_gated_R1p5.json
180.0,327.10406867901764,0.384454496087471,0.12366412213740458,0.0016930907582144035,1.0,high loading,paper\analysis\results_2026-10-06\shared_model\dt_feed_massfilm_gated_R1p5.json
181.0,327.13034589732644,0.38442608270684153,0.12366412213740458,0.001701717660859233,1.0,high loading,paper\analysis\results_2026-10-06\shared_model\dt_feed_massfilm_gated_R1p5.json
182.0,327.15660929934756,0.3843975614223921,0.12366412213740458,0.001710336103516007,1.0,high loading,paper\analysis\results_2026-10-06\shared_model\dt_feed_massfilm_gated_R1p5.json
183.0,327.18285888699336,0.3843689322608015,0.12366412213740458,0.0017189460887499714,1.0,high loading,paper\analysis\results_2026-10-06\shared_model\dt_feed_massfilm_gated_R1p5.json
184.0,327.20909466222054,0.38434019524877294,0.12366412213740458,0.0017275476191279217,1.0,high loading,paper\analysis\results_2026-10-06\shared_model\dt_feed_massfilm_gated_R1p5.json
185.0,327.2353166270297,0.3843113504130337,0.12366412213740458,0.0017361406972181894,1.0,high loading,paper\analysis\results_2026-10-06\shared_model\dt_feed_massfilm_gated_R1p5.json
186.0,327.26152478346415,0.3842823977803354,0.12366412213740458,0.0017447253255906273,1.0,high loading,paper\analysis\results_2026-10-06\shared_model\dt_feed_massfilm_gated_R1p5.json
187.0,327.2877191336107,0.3842533373774533,0.12366412213740458,0.0017533015068165961,1.0,high loading,paper\analysis\results_2026-10-06\shared_model\dt_feed_massfilm_gated_R1p5.json
188.0,327.31389967959825,0.38422416923118635,0.12366412213740458,0.0017618692434689506,1.0,high loading,paper\analysis\results_2026-10-06\shared_model\dt_feed_massfilm_gated_R1p5.json
189.0,327.34006642359816,0.38419489336835705,0.12366412213740458,0.0017704285381220251,1.0,high loading,paper\analysis\results_2026-10-06\shared_model\dt_feed_massfilm_gated_R1p5.json
190.0,327.36621936782274,0.3841655098158112,0.12366412213740458,0.001778979393351621,1.0,high loading,paper\analysis\results_2026-10-06\shared_model\dt_feed_massfilm_gated_R1p5.json
191.0,327.3923585145263,0.38413601860041785,0.12366412213740458,0.0017875218117349926,1.0,high loading,paper\analysis\results_2026-10-06\shared_model\dt_feed_massfilm_gated_R1p5.json
192.0,327.41848386600526,0.384106419749069,0.12366412213740458,0.0017960557958508331,1.0,high loading,paper\analysis\results_2026-10-06\shared_model\dt_feed_massfilm_gated_R1p5.json
193.0,327.4445954245961,0.3840767132886794,0.12366412213740458,0.0018045813482792622,1.0,high loading,paper\analysis\results_2026-10-06\shared_model\dt_feed_massfilm_gated_R1p5.json
194.0,327.4706931926757,0.38404689924618657,0.12366412213740458,0.0018130984716018116,1.0,high loading,paper\analysis\results_2026-10-06\shared_model\dt_feed_massfilm_gated_R1p5.json
195.0,327.49677717266064,0.3840169776485506,0.12366412213740458,0.0018216071684014133,1.0,high loading,paper\analysis\results_2026-10-06\shared_model\dt_feed_massfilm_gated_R1p5.json
196.0,327.5228473670079,0.3839869485227539,0.12366412213740458,0.0018301074412623854,1.0,high loading,paper\analysis\results_2026-10-06\shared_model\dt_feed_massfilm_gated_R1p5.json
197.0,327.5489037782142,0.38395681189580083,0.12366412213740458,0.0018385992927704201,1.0,high loading,paper\analysis\results_2026-10-06\shared_model\dt_feed_massfilm_gated_R1p5.json
198.0,327.574946408815,0.38392656779471823,0.12366412213740458,0.0018470827255125687,1.0,high loading,paper\analysis\results_2026-10-06\shared_model\dt_feed_massfilm_gated_R1p5.json
199.0,327.60097526138475,0.3838962162465543,0.12366412213740458,0.0018555577420772316,1.0,high loading,paper\analysis\results_2026-10-06\shared_model\dt_feed_massfilm_gated_R1p5.json
200.0,327.6269903385364,0.38386575727837924,0.12366412213740458,0.0018640243450541425,1.0,high loading,paper\analysis\results_2026-10-06\shared_model\dt_feed_massfilm_gated_R1p5.json
201.0,327.6529916429206,0.3838351909172848,0.12366412213740458,0.0018724825370343588,1.0,high loading,paper\analysis\results_2026-10-06\shared_model\dt_feed_massfilm_gated_R1p5.json
202.0,327.6789791772263,0.383804517190384,0.12366412213740458,0.001880932320610247,1.0,high loading,paper\analysis\results_2026-10-06\shared_model\dt_feed_massfilm_gated_R1p5.json
203.0,327.704952944181,0.38377373612481125,0.12366412213740458,0.0018893736983754705,1.0,high loading,paper\analysis\results_2026-10-06\shared_model\dt_feed_massfilm_gated_R1p5.json
204.0,327.7309129465473,0.3837428477477218,0.12366412213740458,0.0018978066729249783,1.0,high loading,paper\analysis\results_2026-10-06\shared_model\dt_feed_massfilm_gated_R1p5.json
205.0,327.7568591871268,0.3837118520862921,0.12366412213740458,0.001906231246854991,1.0,high loading,paper\analysis\results_2026-10-06\shared_model\dt_feed_massfilm_gated_R1p5.json
206.0,327.78279166875666,0.38368074916771894,0.12366412213740458,0.00191464742276299,1.0,high loading,paper\analysis\results_2026-10-06\shared_model\dt_feed_massfilm_gated_R1p5.json
207.0,327.8087103943107,0.3836495390192203,0.12366412213740458,0.0019230552032477042,1.0,high loading,paper\analysis\results_2026-10-06\shared_model\dt_feed_massfilm_gated_R1p5.json
208.0,327.8346153666986,0.3836182216680342,0.12366412213740458,0.0019314545909090994,1.0,high loading,paper\analysis\results_2026-10-06\shared_model\dt_feed_massfilm_gated_R1p5.json
209.0,327.86050658886586,0.3835867971414193,0.12366412213740458,0.0019398455883483645,1.0,high loading,paper\analysis\results_2026-10-06\shared_model\dt_feed_massfilm_gated_R1p5.json
210.0,327.88638406379346,0.3835552654666541,0.12366412213740458,0.0019482281981679018,1.0,high loading,paper\analysis\results_2026-10-06\shared_model\dt_feed_massfilm_gated_R1p5.json
211.0,327.9122477944982,0.38352362667103723,0.12366412213740458,0.001956602422971313,1.0,high loading,paper\analysis\results_2026-10-06\shared_model\dt_feed_massfilm_gated_R1p5.json
212.0,327.9380977840304,0.38349188078188745,0.12366412213740458,0.001964968265363388,1.0,high loading,paper\analysis\results_2026-10-06\shared_model\dt_feed_massfilm_gated_R1p5.json
213.0,327.9639340354762,0.3834600278265428,0.12366412213740458,0.001973325727950095,1.0,high loading,paper\analysis\results_2026-10-06\shared_model\dt_feed_massfilm_gated_R1p5.json
214.0,327.98975655195574,0.3834280678323614,0.12366412213740458,0.001981674813338566,1.0,high loading,paper\analysis\results_2026-10-06\shared_model\dt_feed_massfilm_gated_R1p5.json
215.0,328.0155653366224,0.38339600082672026,0.12366412213740458,0.001990015524137088,1.0,high loading,paper\analysis\results_2026-10-06\shared_model\dt_feed_massfilm_gated_R1p5.json
216.0,328.04136039266393,0.38336382683701636,0.12366412213740458,0.00199834786295509,1.0,high loading,paper\analysis\results_2026-10-06\shared_model\dt_feed_massfilm_gated_R1p5.json
217.0,328.0671417233016,0.38333154589066537,0.12366412213740458,0.0020066718324031323,1.0,high loading,paper\analysis\results_2026-10-06\shared_model\dt_feed_massfilm_gated_R1p5.json
218.0,328.0929093317897,0.3832991580151021,0.12366412213740458,0.0020149874350928955,1.0,high loading,paper\analysis\results_2026-10-06\shared_model\dt_feed_massfilm_gated_R1p5.json
219.0,328.1186632214158,0.3832666632377802,0.12366412213740458,0.002023294673637168,1.0,high loading,paper\analysis\results_2026-10-06\shared_model\dt_feed_massfilm_gated_R1p5.json
220.0,328.14440339549964,0.38323406158617207,0.12366412213740458,0.0020315935506498356,1.0,high loading,paper\analysis\results_2026-10-06\shared_model\dt_feed_massfilm_gated_R1p5.json
221.0,328.17012985739314,0.3832013530877687,0.12366412213740458,0.0020398840687458715,1.0,high loading,paper\analysis\results_2026-10-06\shared_model\dt_feed_massfilm_gated_R1p5.json
222.0,328.1958426104807,0.3831685377700797,0.12366412213740458,0.0020481662305413236,1.0,high loading,paper\analysis\results_2026-10-06\shared_model\dt_feed_massfilm_gated_R1p5.json
223.0,328.2215416581786,0.3831356156606328,0.12366412213740458,0.002056440038653305,1.0,high loading,paper\analysis\results_2026-10-06\shared_model\dt_feed_massfilm_gated_R1p5.json
224.0,328.24722700393494,0.3831025867869738,0.12366412213740458,0.002064705495699983,1.0,high loading,paper\analysis\results_2026-10-06\shared_model\dt_feed_massfilm_gated_R1p5.json
225.0,328.272898651228,0.38306945117666713,0.12366412213740458,0.0020729626043005664,1.0,high loading,paper\analysis\results_2026-10-06\shared_model\dt_feed_massfilm_gated_R1p5.json
226.0,328.29855660356776,0.38303620885729456,0.12366412213740458,0.0020812113670752985,1.0,high loading,paper\analysis\results_2026-10-06\shared_model\dt_feed_massfilm_gated_R1p5.json
227.0,328.32420086449554,0.383002859856456,0.12366412213740458,0.0020894517866454428,1.0,high loading,paper\analysis\results_2026-10-06\shared_model\dt_feed_massfilm_gated_R1p5.json
228.0,328.34983143758285,0.3829694042017687,0.12366412213740458,0.0020976838656332746,1.0,high loading,paper\analysis\results_2026-10-06\shared_model\dt_feed_massfilm_gated_R1p5.json
229.0,328.3754483264309,0.3829358419208679,0.12366412213740458,0.0021059076066620706,1.0,high loading,paper\analysis\results_2026-10-06\shared_model\dt_feed_massfilm_gated_R1p5.json
230.0,328.4010515346716,0.3829021730414058,0.12366412213740458,0.0021141230123560974,1.0,high loading,paper\analysis\results_2026-10-06\shared_model\dt_feed_massfilm_gated_R1p5.json
231.0,328.4266410659661,0.38286839759105207,0.12366412213740458,0.0021223300853406013,1.0,high loading,paper\analysis\results_2026-10-06\shared_model\dt_feed_massfilm_gated_R1p5.json
232.0,328.4522169240055,0.3828345155974936,0.12366412213740458,0.0021305288282418,1.0,high loading,paper\analysis\results_2026-10-06\shared_model\dt_feed_massfilm_gated_R1p5.json
233.0,328.4777791125098,0.38280052708843415,0.12366412213740458,0.002138719243686869,1.0,high loading,paper\analysis\results_2026-10-06\shared_model\dt_feed_massfilm_gated_R1p5.json
234.0,328.5033276352288,0.3827664320915942,0.12366412213740458,0.002146901334303935,1.0,high loading,paper\analysis\results_2026-10-06\shared_model\dt_feed_massfilm_gated_R1p5.json
235.0,328.52886249593996,0.3827322306347114,0.12366412213740458,0.0021550751027220633,1.0,high loading,paper\analysis\results_2026-10-06\shared_model\dt_feed_massfilm_gated_R1p5.json
236.0,328.5543836984504,0.3826979227455397,0.12366412213740458,0.002163240551571249,1.0,high loading,paper\analysis\results_2026-10-06\shared_model\dt_feed_massfilm_gated_R1p5.json
237.0,328.57989124659514,0.3826635084518498,0.12366412213740458,0.0021713976834824068,1.0,high loading,paper\analysis\results_2026-10-06\shared_model\dt_feed_massfilm_gated_R1p5.json
238.0,328.60538514423666,0.38262898778142884,0.12366412213740458,0.002179546501087362,1.0,high loading,paper\analysis\results_2026-10-06\shared_model\dt_feed_massfilm_gated_R1p5.json
239.0,328.6308653952656,0.38259436076207987,0.12366412213740458,0.0021876870070188384,1.0,high loading,paper\analysis\results_2026-10-06\shared_model\dt_feed_massfilm_gated_R1p5.json
240.0,328.65633200360105,0.3825596274216223,0.12366412213740458,0.002195819203910452,1.0,high loading,paper\analysis\results_2026-10-06\shared_model\dt_feed_massfilm_gated_R1p5.json
241.0,328.6817849731884,0.3825247877878917,0.12366412213740458,0.002203943094396698,1.0,high loading,paper\analysis\results_2026-10-06\shared_model\dt_feed_massfilm_gated_R1p5.json
242.0,328.70722430800106,0.38248984188873925,0.12366412213740458,0.002212058681112943,1.0,high loading,paper\analysis\results_2026-10-06\shared_model\dt_feed_massfilm_gated_R1p5.json
243.0,328.7326500120386,0.3824547897520322,0.12366412213740458,0.002220165966695417,1.0,high loading,paper\analysis\results_2026-10-06\shared_model\dt_feed_massfilm_gated_R1p5.json
244.0,328.7580620893277,0.38241963140565316,0.12366412213740458,0.002228264953781199,1.0,high loading,paper\analysis\results_2026-10-06\shared_model\dt_feed_massfilm_gated_R1p5.json
245.0,328.7834605439212,0.38238436687750044,0.12366412213740458,0.0022363556450082137,1.0,high loading,paper\analysis\results_2026-10-06\shared_model\dt_feed_massfilm_gated_R1p5.json
246.0,328.80884537989857,0.3823489961954879,0.12366412213740458,0.002244438043015217,1.0,high loading,paper\analysis\results_2026-10-06\shared_model\dt_feed_massfilm_gated_R1p5.json
247.0,328.8342166013651,0.3823135193875447,0.12366412213740458,0.00225251215044179,1.0,high loading,paper\analysis\results_2026-10-06\shared_model\dt_feed_massfilm_gated_R1p5.json
248.0,328.8595742124522,0.3822779364816149,0.12366412213740458,0.0022605779699283292,1.0,high loading,paper\analysis\results_2026-10-06\shared_model\dt_feed_massfilm_gated_R1p5.json
249.0,328.88491821731657,0.38224224750565805,0.12366412213740458,0.0022686355041160356,1.0,high loading,paper\analysis\results_2026-10-06\shared_model\dt_feed_massfilm_gated_R1p5.json
250.0,328.91024862014007,0.3822064524876484,0.12366412213740458,0.002276684755646908,1.0,high loading,paper\analysis\results_2026-10-06\shared_model\dt_feed_massfilm_gated_R1p5.json
251.0,328.93556542512977,0.3821705514555751,0.12366412213740458,0.0022847257271637325,1.0,high loading,paper\analysis\results_2026-10-06\shared_model\dt_feed_massfilm_gated_R1p5.json
252.0,328.96086863651846,0.3821345444374422,0.12366412213740458,0.002292758421310074,1.0,high loading,paper\analysis\results_2026-10-06\shared_model\dt_feed_massfilm_gated_R1p5.json
253.0,328.986158258563,0.38209843146126815,0.12366412213740458,0.0023007828407302666,1.0,high loading,paper\analysis\results_2026-10-06\shared_model\dt_feed_massfilm_gated_R1p5.json
254.0,329.0114342955445,0.38206221255508604,0.12366412213740458,0.0023087989880694066,1.0,high loading,paper\analysis\results_2026-10-06\shared_model\dt_feed_massfilm_gated_R1p5.json
255.0,329.0366967517697,0.38202588774694335,0.12366412213740458,0.0023168068659733415,1.0,high loading,paper\analysis\results_2026-10-06\shared_model\dt_feed_massfilm_gated_R1p5.json
256.0,329.0619456315679,0.38198945706490184,0.12366412213740458,0.0023248064770886624,1.0,high loading,paper\analysis\results_2026-10-06\shared_model\dt_feed_massfilm_gated_R1p5.json
257.0,329.08718093929303,0.38195292053703755,0.12366412213740458,0.0023327978240626954,1.0,high loading,paper\analysis\results_2026-10-06\shared_model\dt_feed_massfilm_gated_R1p5.json
258.0,329.11240267932294,0.38191627819144053,0.12366412213740458,0.0023407809095434924,1.0,high loading,paper\analysis\results_2026-10-06\shared_model\dt_feed_massfilm_gated_R1p5.json
259.0,329.13761085605825,0.3818795300562148,0.12366412213740458,0.0023487557361798234,1.0,high loading,paper\analysis\results_2026-10-06\shared_model\dt_feed_massfilm_gated_R1p5.json
260.0,329.16280547392404,0.3818426761594782,0.12366412213740458,0.0023567223066211667,1.0,high loading,paper\analysis\results_2026-10-06\shared_model\dt_feed_massfilm_gated_R1p5.json
261.0,329.18798653736786,0.3818057165293624,0.12366412213740458,0.002364680623517702,1.0,high loading,paper\analysis\results_2026-10-06\shared_model\dt_feed_massfilm_gated_R1p5.json
262.0,329.2131540508592,0.3817686511940128,0.12366412213740458,0.0023726306895203012,1.0,high loading,paper\analysis\results_2026-10-06\shared_model\dt_feed_massfilm_gated_R1p5.json
263.0,329.23830801889227,0.38173148018158815,0.12366412213740458,0.0023805725072805197,1.0,high loading,paper\analysis\results_2026-10-06\shared_model\dt_feed_massfilm_gated_R1p5.json
264.0,329.2634484459827,0.38169420352026084,0.12366412213740458,0.0023885060794505883,1.0,high loading,paper\analysis\results_2026-10-06\shared_model\dt_feed_massfilm_gated_R1p5.json
265.0,329.2885753366679,0.38165682123821665,0.12366412213740458,0.0023964314086834058,1.0,high loading,paper\analysis\results_2026-10-06\shared_model\dt_feed_massfilm_gated_R1p5.json
266.0,329.3136886955087,0.3816193333636544,0.12366412213740458,0.0024043484976325295,1.0,high loading,paper\analysis\results_2026-10-06\shared_model\dt_feed_massfilm_gated_R1p5.json
267.0,329.3387885270874,0.38158173992478595,0.12366412213740458,0.002412257348952169,1.0,high loading,paper\analysis\results_2026-10-06\shared_model\dt_feed_massfilm_gated_R1p5.json
268.0,329.36387483600737,0.3815440409498365,0.12366412213740458,0.002420157965297175,1.0,high loading,paper\analysis\results_2026-10-06\shared_model\dt_feed_massfilm_gated_R1p5.json
269.0,329.3889476268945,0.3815062364670442,0.12366412213740458,0.0024280503493230355,1.0,high loading,paper\analysis\results_2026-10-06\shared_model\dt_feed_massfilm_gated_R1p5.json
270.0,329.4140069043958,0.38146832650465956,0.12366412213740458,0.0024359345036858633,1.0,high loading,paper\analysis\results_2026-10-06\shared_model\dt_feed_massfilm_gated_R1p5.json
271.0,329.43905267317973,0.3814303110909464,0.12366412213740458,0.0024438104310423917,1.0,high loading,paper\analysis\results_2026-10-06\shared_model\dt_feed_massfilm_gated_R1p5.json
272.0,329.46408493793496,0.3813921902541808,0.12366412213740458,0.002451678134049965,1.0,high loading,paper\analysis\results_2026-10-06\shared_model\dt_feed_massfilm_gated_R1p5.json
273.0,329.4891037033719,0.38135396402265154,0.12366412213740458,0.00245953761536653,1.0,high loading,paper\analysis\results_2026-10-06\shared_model\dt_feed_massfilm_gated_R1p5.json
274.0,329.51410897422124,0.3813156324246597,0.12366412213740458,0.00246738887765063,1.0,high loading,paper\analysis\results_2026-10-06\shared_model\dt_feed_massfilm_gated_R1p5.json
275.0,329.5391007552341,0.381277195488519,0.12366412213740458,0.002475231923561397,1.0,high loading,paper\analysis\results_2026-10-06\shared_model\dt_feed_massfilm_gated_R1p5.json
276.0,329.564079051182,0.38123865324255524,0.12366412213740458,0.0024830667557585425,1.0,high loading,paper\analysis\results_2026-10-06\shared_model\dt_feed_massfilm_gated_R1p5.json
277.0,329.58904386685697,0.3812000057151061,0.12366412213740458,0.00249089337690235,1.0,high loading,paper\analysis\results_2026-10-06\shared_model\dt_feed_massfilm_gated_R1p5.json
278.0,329.6139952070704,0.38116125293452163,0.12366412213740458,0.002498711789653669,1.0,high loading,paper\analysis\results_2026-10-06\shared_model\dt_feed_massfilm_gated_R1p5.json
279.0,329.63893307665404,0.3811223949291637,0.12366412213740458,0.0025065219966739064,1.0,high loading,paper\analysis\results_2026-10-06\shared_model\dt_feed_massfilm_gated_R1p5.json
280.0,329.66385748045917,0.3810834317274062,0.12366412213740458,0.002514324000625019,1.0,high loading,paper\analysis\results_2026-10-06\shared_model\dt_feed_massfilm_gated_R1p5.json
281.0,329.6887684233558,0.38104436335763475,0.12366412213740458,0.0025221178041695074,1.0,high loading,paper\analysis\results_2026-10-06\shared_model\dt_feed_massfilm_gated_R1p5.json
282.0,329.71366591023417,0.38100518984824633,0.12366412213740458,0.002529903409970406,1.0,high loading,paper\analysis\results_2026-10-06\shared_model\dt_feed_massfilm_gated_R1p5.json
283.0,329.73854994600373,0.3809659112276499,0.12366412213740458,0.0025376808206912784,1.0,high loading,paper\analysis\results_2026-10-06\shared_model\dt_feed_massfilm_gated_R1p5.json
284.0,329.763420535592,0.3809265275242657,0.12366412213740458,0.002545450038996208,1.0,high loading,paper\analysis\results_2026-10-06\shared_model\dt_feed_massfilm_gated_R1p5.json
285.0,329.78827768394575,0.38088703876652563,0.12366412213740458,0.0025532110675497927,1.0,high loading,paper\analysis\results_2026-10-06\shared_model\dt_feed_massfilm_gated_R1p5.json
286.0,329.81312139603074,0.3808474449828725,0.12366412213740458,0.002560963909017136,1.0,high loading,paper\analysis\results_2026-10-06\shared_model\dt_feed_massfilm_gated_R1p5.json
287.0,329.83795167683047,0.38080774620176056,0.12366412213740458,0.0025687085660638415,1.0,high loading,paper\analysis\results_2026-10-06\shared_model\dt_feed_massfilm_gated_R1p5.json
288.0,329.86276853134683,0.38076794245165524,0.12366412213740458,0.002576445041356004,1.0,high loading,paper\analysis\results_2026-10-06\shared_model\dt_feed_massfilm_gated_R1p5.json
289.0,329.8875719646013,0.38072803376103304,0.12366412213740458,0.0025841733375602033,1.0,high loading,paper\analysis\results_2026-10-06\shared_model\dt_feed_massfilm_gated_R1p5.json
290.0,329.9123619816314,0.38068802015838116,0.12366412213740458,0.002591893457343498,1.0,high loading,paper\analysis\results_2026-10-06\shared_model\dt_feed_massfilm_gated_R1p5.json
291.0,329.93713858749373,0.3806479016721978,0.12366412213740458,0.0025996054033734185,1.0,high loading,paper\analysis\results_2026-10-06\shared_model\dt_feed_massfilm_gated_R1p5.json
292.0,329.96190178726164,0.38060767833099207,0.12366412213740458,0.0026073091783179576,1.0,high loading,paper\analysis\results_2026-10-06\shared_model\dt_feed_massfilm_gated_R1p5.json
293.0,329.9866515860268,0.3805673501632836,0.12366412213740458,0.0026150047848455663,1.0,high loading,paper\analysis\results_2026-10-06\shared_model\dt_feed_massfilm_gated_R1p5.json
294.0,330.0113879888979,0.3805269171976027,0.12366412213740458,0.0026226922256251464,1.0,high loading,paper\analysis\results_2026-10-06\shared_model\dt_feed_massfilm_gated_R1p5.json
295.0,330.0361110010015,0.3804863794624901,0.12366412213740458,0.0026303715033260434,1.0,high loading,paper\analysis\results_2026-10-06\shared_model\dt_feed_massfilm_gated_R1p5.json
296.0,330.06082062747987,0.38044573698649714,0.12366412213740458,0.0026380426206180393,1.0,high loading,paper\analysis\results_2026-10-06\shared_model\dt_feed_massfilm_gated_R1p5.json
297.0,330.0855168734928,0.38040498979818527,0.12366412213740458,0.0026457055801713475,1.0,high loading,paper\analysis\results_2026-10-06\shared_model\dt_feed_massfilm_gated_R1p5.json
298.0,330.110199744218,0.38036413792612633,0.12366412213740458,0.002653360384656604,1.0,high loading,paper\analysis\results_2026-10-06\shared_model\dt_feed_massfilm_gated_R1p5.json
299.0,330.1348692448478,0.3803231813989025,0.12366412213740458,0.002661007036744862,1.0,high loading,paper\analysis\results_2026-10-06\shared_model\dt_feed_massfilm_gated_R1p5.json
300.0,330.15952538059224,0.3802821202451059,0.12366412213740458,0.002668645539107586,1.0,high loading,paper\analysis\results_2026-10-06\shared_model\dt_feed_massfilm_gated_R1p5.json
301.0,330.18416815667786,0.3802409544933385,0.12366412213740458,0.002676275894416644,1.0,high loading,paper\analysis\results_2026-10-06\shared_model\dt_feed_massfilm_gated_R1p5.json
302.0,330.2087975783468,0.38019968417221245,0.12366412213740458,0.0026838981053443015,1.0,high loading,paper\analysis\results_2026-10-06\shared_model\dt_feed_massfilm_gated_R1p5.json
303.0,330.2334136508569,0.3801583093103496,0.12366412213740458,0.002691512174563215,1.0,high loading,paper\analysis\results_2026-10-06\shared_model\dt_feed_massfilm_gated_R1p5.json
304.0,330.258016379483,0.38011682993638174,0.12366412213740458,0.002699118104746426,1.0,high loading,paper\analysis\results_2026-10-06\shared_model\dt_feed_massfilm_gated_R1p5.json
305.0,330.2826057695151,0.38007524607895016,0.12366412213740458,0.0027067158985673535,1.0,high loading,paper\analysis\results_2026-10-06\shared_model\dt_feed_massfilm_gated_R1p5.json
306.0,330.30718182625816,0.38003355776670583,0.12366412213740458,0.0027143055586997897,1.0,high loading,paper\analysis\results_2026-10-06\shared_model\dt_feed_massfilm_gated_R1p5.json
307.0,330.3317445550337,0.3799917650283092,0.12366412213740458,0.0027218870878178915,1.0,high loading,paper\analysis\results_2026-10-06\shared_model\dt_feed_massfilm_gated_R1p5.json
308.0,330.3562939611777,0.3799498678924302,0.12366412213740458,0.002729460488596176,1.0,high loading,paper\analysis\results_2026-10-06\shared_model\dt_feed_massfilm_gated_R1p5.json
309.0,330.38083005004256,0.3799078663877482,0.12366412213740458,0.0027370257637095133,1.0,high loading,paper\analysis\results_2026-10-06\shared_model\dt_feed_massfilm_gated_R1p5.json
310.0,330.4053528269942,0.37986576054295174,0.12366412213740458,0.002744582915833121,1.0,high loading,paper\analysis\results_2026-10-06\shared_model\dt_feed_massfilm_gated_R1p5.json
311.0,330.42986229741433,0.37982355038673876,0.12366412213740458,0.0027521319476425565,1.0,high loading,paper\analysis\results_2026-10-06\shared_model\dt_feed_massfilm_gated_R1p5.json
312.0,330.4543584666991,0.379781235947816,0.12366412213740458,0.0027596728618137136,1.0,high loading,paper\analysis\results_2026-10-06\shared_model\dt_feed_massfilm_gated_R1p5.json
313.0,330.47884134025963,0.37973881725489966,0.12366412213740458,0.002767205661022814,1.0,high loading,paper\analysis\results_2026-10-06\shared_model\dt_feed_massfilm_gated_R1p5.json
314.0,330.5033109235218,0.37969629433671453,0.12366412213740458,0.002774730347946403,1.0,high loading,paper\analysis\results_2026-10-06\shared_model\dt_feed_massfilm_gated_R1p5.json
315.0,330.52776722192505,0.37965366722199456,0.12366412213740458,0.0027822469252613423,1.0,high loading,paper\analysis\results_2026-10-06\shared_model\dt_feed_massfilm_gated_R1p5.json
316.0,330.5522102409237,0.3796109359394825,0.12366412213740458,0.0027897553956448048,1.0,high loading,paper\analysis\results_2026-10-06\shared_model\dt_feed_massfilm_gated_R1p5.json
317.0,330.5766399859861,0.37956810051792983,0.12366412213740458,0.002797255761774268,1.0,high loading,paper\analysis\results_2026-10-06\shared_model\dt_feed_massfilm_gated_R1p5.json
318.0,330.60105646259416,0.3795251609860968,0.12366412213740458,0.0028047480263275098,1.0,high loading,paper\analysis\results_2026-10-06\shared_model\dt_feed_massfilm_gated_R1p5.json
319.0,330.6254596762442,0.37948211737275195,0.12366412213740458,0.0028122321919826,1.0,high loading,paper\analysis\results_2026-10-06\shared_model\dt_feed_massfilm_gated_R1p5.json
320.0,330.6498496324465,0.3794389697066726,0.12366412213740458,0.002819708261417897,1.0,high loading,paper\analysis\results_2026-10-06\shared_model\dt_feed_massfilm_gated_R1p5.json
321.0,330.6742263367244,0.3793957180166446,0.12366412213740458,0.0028271762373120414,1.0,high loading,paper\analysis\results_2026-10-06\shared_model\dt_feed_massfilm_gated_R1p5.json
322.0,330.6985897946148,0.3793523623314622,0.12366412213740458,0.002834636122343949,1.0,high loading,paper\analysis\results_2026-10-06\shared_model\dt_feed_massfilm_gated_R1p5.json
323.0,330.72294001166836,0.37930890267992756,0.12366412213740458,0.002842087919192806,1.0,high loading,paper\analysis\results_2026-10-06\shared_model\dt_feed_massfilm_gated_R1p5.json
324.0,330.7472769934482,0.37926533909085147,0.12366412213740458,0.002849531630538065,1.0,high loading,paper\analysis\results_2026-10-06\shared_model\dt_feed_massfilm_gated_R1p5.json
325.0,330.7716007455314,0.37922167159305276,0.12366412213740458,0.0028569672590594364,1.0,high loading,paper\analysis\results_2026-10-06\shared_model\dt_feed_massfilm_gated_R1p5.json
326.0,330.79591127350795,0.37917790021535847,0.12366412213740458,0.0028643948074368844,1.0,high loading,paper\analysis\results_2026-10-06\shared_model\dt_feed_massfilm_gated_R1p5.json
327.0,330.82020858298023,0.37913402498660354,0.12366412213740458,0.0028718142783506224,1.0,high loading,paper\analysis\results_2026-10-06\shared_model\dt_feed_massfilm_gated_R1p5.json
328.0,330.84449267956364,0.3790900459356309,0.12366412213740458,0.002879225674481105,1.0,high loading,paper\analysis\results_2026-10-06\shared_model\dt_feed_massfilm_gated_R1p5.json
329.0,330.8687635688859,0.37904596309129135,0.12366412213740458,0.0028866289985090255,1.0,high loading,paper\analysis\results_2026-10-06\shared_model\dt_feed_massfilm_gated_R1p5.json
330.0,330.89302125658776,0.3790017764824436,0.12366412213740458,0.002894024253115308,1.0,high loading,paper\analysis\results_2026-10-06\shared_model\dt_feed_massfilm_gated_R1p5.json
331.0,330.91726574832245,0.37895748613795405,0.12366412213740458,0.002901411440981103,1.0,high loading,paper\analysis\results_2026-10-06\shared_model\dt_feed_massfilm_gated_R1p5.json
332.0,330.9414970497553,0.37891309208669677,0.12366412213740458,0.0029087905647877826,1.0,high loading,paper\analysis\results_2026-10-06\shared_model\dt_feed_massfilm_gated_R1p5.json
333.0,330.96571516656326,0.3788685943575534,0.12366412213740458,0.002916161627216934,1.0,high loading,paper\analysis\results_2026-10-06\shared_model\dt_feed_massfilm_gated_R1p5.json
334.0,330.9899201044358,0.37882399297941316,0.12366412213740458,0.002923524630950355,1.0,high loading,paper\analysis\results_2026-10-06\shared_model\dt_feed_massfilm_gated_R1p5.json
335.0,331.0141118690752,0.3787792879811727,0.12366412213740458,0.002930879578670049,1.0,high loading,paper\analysis\results_2026-10-06\shared_model\dt_feed_massfilm_gated_R1p5.json
336.0,331.03829046619416,0.3787344793917364,0.12366412213740458,0.002938226473058218,1.0,high loading,paper\analysis\results_2026-10-06\shared_model\dt_feed_massfilm_gated_R1p5.json
337.0,331.06245590151775,0.3786895672400154,0.12366412213740458,0.0029455653167972597,1.0,high loading,paper\analysis\results_2026-10-06\shared_model\dt_feed_massfilm_gated_R1p5.json
338.0,331.08660818078226,0.3786445515549287,0.12366412213740458,0.0029528961125697617,1.0,high loading,paper\analysis\results_2026-10-06\shared_model\dt_feed_massfilm_gated_R1p5.json
339.0,331.1107473097368,0.37859943236540217,0.12366412213740458,0.0029602188630584946,1.0,high loading,paper\analysis\results_2026-10-06\shared_model\dt_feed_massfilm_gated_R1p5.json
340.0,331.1348732941399,0.3785542097003689,0.12366412213740458,0.00296753357094641,1.0,high loading,paper\analysis\results_2026-10-06\shared_model\dt_feed_massfilm_gated_R1p5.json
341.0,331.15898613976253,0.3785088835887691,0.12366412213740458,0.0029748402389166324,1.0,high loading,paper\analysis\results_2026-10-06\shared_model\dt_feed_massfilm_gated_R1p5.json
342.0,331.1830858523868,0.3784634540595499,0.12366412213740458,0.002982138869652456,1.0,high loading,paper\analysis\results_2026-10-06\shared_model\dt_feed_massfilm_gated_R1p5.json
343.0,331.2071724378059,0.3784179211416655,0.12366412213740458,0.0029894294658373392,1.0,high loading,paper\analysis\results_2026-10-06\shared_model\dt_feed_massfilm_gated_R1p5.json
344.0,331.2312459018243,0.3783722848640769,0.12366412213740458,0.0029967120301548993,1.0,high loading,paper\analysis\results_2026-10-06\shared_model\dt_feed_massfilm_gated_R1p5.json
345.0,331.25530625025584,0.3783265452557521,0.12366412213740458,0.0030039865652889083,1.0,high loading,paper\analysis\results_2026-10-06\shared_model\dt_feed_massfilm_gated_R1p5.json
346.0,331.2793534889272,0.37828070234566563,0.12366412213740458,0.003011253073923287,1.0,high loading,paper\analysis\results_2026-10-06\shared_model\dt_feed_massfilm_gated_R1p5.json
347.0,331.30338762367353,0.3782347561627989,0.12366412213740458,0.0030185115587421014,1.0,high loading,paper\analysis\results_2026-10-06\shared_model\dt_feed_massfilm_gated_R1p5.json
348.0,331.3274086603425,0.37818870673613963,0.12366412213740458,0.0030257620224295565,1.0,high loading,paper\analysis\results_2026-10-06\shared_model\dt_feed_massfilm_gated_R1p5.json
349.0,331.35141660479155,0.37814255409468267,0.12366412213740458,0.0030330044676699923,1.0,high loading,paper\analysis\results_2026-10-06\shared_model\dt_feed_massfilm_gated_R1p5.json
350.0,331.3754114628876,0.3780962982674291,0.12366412213740458,0.003040238897147879,1.0,high loading,paper\analysis\results_2026-10-06\shared_model\dt_feed_massfilm_gated_R1p5.json
351.0,331.399393240509,0.37804993928338615,0.12366412213740458,0.003047465313547811,1.0,high loading,paper\analysis\results_2026-10-06\shared_model\dt_feed_massfilm_gated_R1p5.json
352.0,331.42336194354306,0.3780034771715679,0.12366412213740458,0.003054683719554505,1.0,high loading,paper\analysis\results_2026-10-06\shared_model\dt_feed_massfilm_gated_R1p5.json
353.0,331.44731757788804,0.37795691196099457,0.12366412213740458,0.0030618941178527917,1.0,high loading,paper\analysis\results_2026-10-06\shared_model\dt_feed_massfilm_gated_R1p5.json
354.0,331.47126014945246,0.3779102436806926,0.12366412213740458,0.003069096511127614,1.0,high loading,paper\analysis\results_2026-10-06\shared_model\dt_feed_massfilm_gated_R1p5.json
355.0,331.49518966415377,0.37786347235969486,0.12366412213740458,0.003076290902064021,1.0,high loading,paper\analysis\results_2026-10-06\shared_model\dt_feed_massfilm_gated_R1p5.json
356.0,331.5191061279194,0.3778165980270402,0.12366412213740458,0.0030834772933471632,1.0,high loading,paper\analysis\results_2026-10-06\shared_model\dt_feed_massfilm_gated_R1p5.json
357.0,331.54300954668656,0.37776962071177345,0.12366412213740458,0.003090655687662289,1.0,high loading,paper\analysis\results_2026-10-06\shared_model\dt_feed_massfilm_gated_R1p5.json
358.0,331.566899926402,0.3777225404429456,0.12366412213740458,0.0030978260876947388,1.0,high loading,paper\analysis\results_2026-10-06\shared_model\dt_feed_massfilm_gated_R1p5.json
359.0,331.59077727302173,0.3776753572496137,0.12366412213740458,0.003104988496129942,1.0,high loading,paper\analysis\results_2026-10-06\shared_model\dt_feed_massfilm_gated_R1p5.json
360.0,331.61464159251176,0.37762807116084063,0.12366412213740458,0.003112142915653411,1.0,high loading,paper\analysis\results_2026-10-06\shared_model\dt_feed_massfilm_gated_R1p5.json
361.0,331.63849289084675,0.377580682205695,0.12366412213740458,0.003119289348950738,1.0,high loading,paper\analysis\results_2026-10-06\shared_model\dt_feed_massfilm_gated_R1p5.json
362.0,331.662331174011,0.3775331904132517,0.12366412213740458,0.0031264277987075885,1.0,high loading,paper\analysis\results_2026-10-06\shared_model\dt_feed_massfilm_gated_R1p5.json
363.0,331.6861564479969,0.37748559581259056,0.12366412213740458,0.0031335582676097,1.0,high loading,paper\analysis\results_2026-10-06\shared_model\dt_feed_massfilm_gated_R1p5.json
364.0,331.7099687188071,0.3774378984327978,0.12366412213740458,0.0031406807583428745,1.0,high loading,paper\analysis\results_2026-10-06\shared_model\dt_feed_massfilm_gated_R1p5.json
365.0,331.7337679924521,0.37739009830296505,0.12366412213740458,0.0031477952735929765,1.0,high loading,paper\analysis\results_2026-10-06\shared_model\dt_feed_massfilm_gated_R1p5.json
366.0,331.75755427495204,0.37734219545218955,0.12366412213740458,0.0031549018160459273,1.0,high loading,paper\analysis\results_2026-10-06\shared_model\dt_feed_massfilm_gated_R1p5.json
367.0,331.78132757233516,0.37729418990957386,0.12366412213740458,0.003162000388387701,1.0,high loading,paper\analysis\results_2026-10-06\shared_model\dt_feed_massfilm_gated_R1p5.json
368.0,331.80508789063856,0.37724608170422624,0.12366412213740458,0.00316909099330432,1.0,high loading,paper\analysis\results_2026-10-06\shared_model\dt_feed_massfilm_gated_R1p5.json
369.0,331.82883523590834,0.37719787086526024,0.12366412213740458,0.003176173633481852,1.0,high loading,paper\analysis\results_2026-10-06\shared_model\dt_feed_massfilm_gated_R1p5.json
370.0,331.85256961419805,0.37714955742179473,0.12366412213740458,0.0031832483116064035,1.0,high loading,paper\analysis\results_2026-10-06\shared_model\dt_feed_massfilm_gated_R1p5.json
371.0,331.8762910315703,0.3771011414029541,0.12366412213740458,0.003190315030364118,1.0,high loading,paper\analysis\results_2026-10-06\shared_model\dt_feed_massfilm_gated_R1p5.json
372.0,331.89999949409565,0.37705262283786767,0.12366412213740458,0.0031973737924411694,1.0,high loading,paper\analysis\results_2026-10-06\shared_model\dt_feed_massfilm_gated_R1p5.json
373.0,331.92369500785344,0.3770040017556702,0.12366412213740458,0.0032044246005237605,1.0,high loading,paper\analysis\results_2026-10-06\shared_model\dt_feed_massfilm_gated_R1p5.json
374.0,331.9473775789305,0.37695527818550156,0.12366412213740458,0.0032114674572981164,1.0,high loading,paper\analysis\results_2026-10-06\shared_model\dt_feed_massfilm_gated_R1p5.json
375.0,331.9710472134224,0.37690645215650664,0.12366412213740458,0.0032185023654504818,1.0,high loading,paper\analysis\results_2026-10-06\shared_model\dt_feed_massfilm_gated_R1p5.json
376.0,331.994703917431,0.37685752369783526,0.12366412213740458,0.0032255293276671165,1.0,high loading,paper\analysis\results_2026-10-06\shared_model\dt_feed_massfilm_gated_R1p5.json
377.0,332.0183476970684,0.3768084928386424,0.12366412213740458,0.0032325483466342916,1.0,high loading,paper\analysis\results_2026-10-06\shared_model\dt_feed_massfilm_gated_R1p5.json
378.0,332.04197855845183,0.3767593596080878,0.12366412213740458,0.003239559425038285,1.0,high loading,paper\analysis\results_2026-10-06\shared_model\dt_feed_massfilm_gated_R1p5.json
379.0,332.06559650770834,0.3767101240353363,0.12366412213740458,0.0032465625655653777,1.0,high loading,paper\analysis\results_2026-10-06\shared_model\dt_feed_massfilm_gated_R1p5.json
380.0,332.08920155097167,0.3766607861495574,0.12366412213740458,0.0032535577709018504,1.0,high loading,paper\analysis\results_2026-10-06\shared_model\dt_feed_massfilm_gated_R1p5.json
381.0,332.11279369438336,0.3766113459799254,0.12366412213740458,0.0032605450437339784,1.0,high loading,paper\analysis\results_2026-10-06\shared_model\dt_feed_massfilm_gated_R1p5.json
382.0,332.1363729440921,0.3765618035556193,0.12366412213740458,0.0032675243867480276,1.0,high loading,paper\analysis\results_2026-10-06\shared_model\dt_feed_massfilm_gated_R1p5.json
383.0,332.15993930625444,0.3765121589058229,0.12366412213740458,0.003274495802630252,1.0,high loading,paper\analysis\results_2026-10-06\shared_model\dt_feed_massfilm_gated_R1p5.json
384.0,332.1834927870328,0.3764624120597244,0.12366412213740458,0.0032814592940668885,1.0,high loading,paper\analysis\results_2026-10-06\shared_model\dt_feed_massfilm_gated_R1p5.json
385.0,332.2070333925991,0.37641256304651666,0.12366412213740458,0.0032884148637441542,1.0,high loading,paper\analysis\results_2026-10-06\shared_model\dt_feed_massfilm_gated_R1p5.json
386.0,332.23056112913014,0.37636261189539727,0.12366412213740458,0.003295362514348241,1.0,high loading,paper\analysis\results_2026-10-06\shared_model\dt_feed_massfilm_gated_R1p5.json
387.0,332.2540760028114,0.3763125586355678,0.12366412213740458,0.0033023022485653133,1.0,high loading,paper\analysis\results_2026-10-06\shared_model\dt_feed_massfilm_gated_R1p5.json
388.0,332.2775780198346,0.3762624032962347,0.12366412213740458,0.0033092340690815025,1.0,high loading,paper\analysis\results_2026-10-06\shared_model\dt_feed_massfilm_gated_R1p5.json
389.0,332.3010671863983,0.3762121459066088,0.12366412213740458,0.0033161579785829054,1.0,high loading,paper\analysis\results_2026-10-06\shared_model\dt_feed_massfilm_gated_R1p5.json
390.0,332.3245435087077,0.37616178649590487,0.12366412213740458,0.003323073979755579,1.0,high loading,paper\analysis\results_2026-10-06\shared_model\dt_feed_massfilm_gated_R1p5.json
391.0,332.34800699297523,0.3761113250933423,0.12366412213740458,0.0033299820752855365,1.0,high loading,paper\analysis\results_2026-10-06\shared_model\dt_feed_massfilm_gated_R1p5.json
392.0,332.37145764542,0.3760607617281445,0.12366412213740458,0.003336882267858745,1.0,high loading,paper\analysis\results_2026-10-06\shared_model\dt_feed_massfilm_gated_R1p5.json
393.0,332.39489547226736,0.37601009642953914,0.12366412213740458,0.00334377456016112,1.0,high loading,paper\analysis\results_2026-10-06\shared_model\dt_feed_massfilm_gated_R1p5.json
394.0,332.41832047974947,0.375959329226758,0.12366412213740458,0.003350658954878524,1.0,high loading,paper\analysis\results_2026-10-06\shared_model\dt_feed_massfilm_gated_R1p5.json
395.0,332.4417326741041,0.37590846014903706,0.12366412213740458,0.0033575354546967607,1.0,high loading,paper\analysis\results_2026-10-06\shared_model\dt_feed_massfilm_gated_R1p5.json
396.0,332.4651320615769,0.3758574892256161,0.12366412213740458,0.0033644040623015724,1.0,high loading,paper\analysis\results_2026-10-06\shared_model\dt_feed_massfilm_gated_R1p5.json
397.0,332.4885186484188,0.3758064164857391,0.12366412213740458,0.003371264780378636,1.0,high loading,paper\analysis\results_2026-10-06\shared_model\dt_feed_massfilm_gated_R1p5.json
398.0,332.5118924408863,0.37575524195865384,0.12366412213740458,0.0033781176116135605,1.0,high loading,paper\analysis\results_2026-10-06\shared_model\dt_feed_massfilm_gated_R1p5.json
399.0,332.53525344524337,0.3757039656736122,0.12366412213740458,0.003384962558691882,1.0,high loading,paper\analysis\results_2026-10-06\shared_model\dt_feed_massfilm_gated_R1p5.json
400.0,332.5586016677596,0.37565258765986964,0.12366412213740458,0.003391799624299061,1.0,high loading,paper\analysis\results_2026-10-06\shared_model\dt_feed_massfilm_gated_R1p5.json
401.0,332.5819371147101,0.37560110794668555,0.12366412213740458,0.0033986288111204784,1.0,high loading,paper\analysis\results_2026-10-06\shared_model\dt_feed_massfilm_gated_R1p5.json
402.0,332.60525979237656,0.3755495265633231,0.12366412213740458,0.003405450121841433,1.0,high loading,paper\analysis\results_2026-10-06\shared_model\dt_feed_massfilm_gated_R1p5.json
403.0,332.62856970704667,0.37549784353904914,0.12366412213740458,0.003412263559147137,1.0,high loading,paper\analysis\results_2026-10-06\shared_model\dt_feed_massfilm_gated_R1p5.json
404.0,332.6518668650132,0.3754460589031342,0.12366412213740458,0.0034190691257227125,1.0,high loading,paper\analysis\results_2026-10-06\shared_model\dt_feed_massfilm_gated_R1p5.json
405.0,332.67515127257514,0.3753941726848523,0.12366412213740458,0.0034258668242531888,1.0,high loading,paper\analysis\results_2026-10-06\shared_model\dt_feed_massfilm_gated_R1p5.json
406.0,332.69842293603637,0.3753421849134812,0.12366412213740458,0.003432656657423499,1.0,high loading,paper\analysis\results_2026-10-06\shared_model\dt_feed_massfilm_gated_R1p5.json
407.0,332.72168186170745,0.37529009561830234,0.12366412213740458,0.003439438627918476,1.0,high loading,paper\analysis\results_2026-10-06\shared_model\dt_feed_massfilm_gated_R1p5.json
408.0,332.7449280559042,0.3752379048286004,0.12366412213740458,0.003446212738422849,1.0,high loading,paper\analysis\results_2026-10-06\shared_model\dt_feed_massfilm_gated_R1p5.json
409.0,332.7681615249473,0.37518561257366356,0.12366412213740458,0.0034529789916212415,1.0,high loading,paper\analysis\results_2026-10-06\shared_model\dt_feed_massfilm_gated_R1p5.json
410.0,332.7913822751635,0.3751332188827833,0.12366412213740458,0.003459737390198166,1.0,high loading,paper\analysis\results_2026-10-06\shared_model\dt_feed_massfilm_gated_R1p5.json
411.0,332.81459031288443,0.3750807237852546,0.12366412213740458,0.0034664879368380224,1.0,high loading,paper\analysis\results_2026-10-06\shared_model\dt_feed_massfilm_gated_R1p5.json
412.0,332.83778564444674,0.37502812731037594,0.12366412213740458,0.003473230634225094,1.0,high loading,paper\analysis\results_2026-10-06\shared_model\dt_feed_massfilm_gated_R1p5.json
413.0,332.8609682761933,0.3749754294874485,0.12366412213740458,0.0034799654850435446,1.0,high loading,paper\analysis\results_2026-10-06\shared_model\dt_feed_massfilm_gated_R1p5.json
414.0,332.8841382144712,0.3749226303457774,0.12366412213740458,0.0034866924919774137,1.0,high loading,paper\analysis\results_2026-10-06\shared_model\dt_feed_massfilm_gated_R1p5.json
415.0,332.90729546563324,0.3748697299146704,0.12366412213740458,0.0034934116577106157,1.0,high loading,paper\analysis\results_2026-10-06\shared_model\dt_feed_massfilm_gated_R1p5.json
416.0,332.93044003603626,0.3748167282234387,0.12366412213740458,0.003500122984926935,1.0,high loading,paper\analysis\results_2026-10-06\shared_model\dt_feed_massfilm_gated_R1p5.json
417.0,332.9535719320425,0.3747636253013964,0.12366412213740458,0.003506826476310024,1.0,high loading,paper\analysis\results_2026-10-06\shared_model\dt_feed_massfilm_gated_R1p5.json
418.0,332.9766911600201,0.37471042117786085,0.12366412213740458,0.003513522134543399,1.0,high loading,paper\analysis\results_2026-10-06\shared_model\dt_feed_massfilm_gated_R1p5.json
419.0,332.9997977263401,0.37465711588215217,0.12366412213740458,0.003520209962310436,1.0,high loading,paper\analysis\results_2026-10-06\shared_model\dt_feed_massfilm_gated_R1p5.json
420.0,333.0228916373797,0.3746037094435939,0.12366412213740458,0.0035268899622943706,1.0,high loading,paper\analysis\results_2026-10-06\shared_model\dt_feed_massfilm_gated_R1p5.json
421.0,333.0459728995207,0.374550201891512,0.12366412213740458,0.0035335621371782922,1.0,high loading,paper\analysis\results_2026-10-06\shared_model\dt_feed_massfilm_gated_R1p5.json
422.0,333.0690415191486,0.37449659325523565,0.12366412213740458,0.0035402264896451426,1.0,high loading,paper\analysis\results_2026-10-06\shared_model\dt_feed_massfilm_gated_R1p5.json
423.0,333.0920975026543,0.3744428835640969,0.12366412213740458,0.003546883022377712,1.0,high loading,paper\analysis\results_2026-10-06\shared_model\dt_feed_massfilm_gated_R1p5.json
424.0,333.11514085643324,0.3743890728474304,0.12366412213740458,0.0035535317380586354,1.0,high loading,paper\analysis\results_2026-10-06\shared_model\dt_feed_massfilm_gated_R1p5.json
425.0,333.13817158688477,0.3743351611345737,0.12366412213740458,0.003560172639370391,1.0,high loading,paper\analysis\results_2026-10-06\shared_model\dt_feed_massfilm_gated_R1p5.json
426.0,333.1611897004132,0.3742811484548671,0.12366412213740458,0.0035668057289952966,1.0,high loading,paper\analysis\results_2026-10-06\shared_model\dt_feed_massfilm_gated_R1p5.json
427.0,333.18419520342644,0.3742270348376536,0.12366412213740458,0.003573431009615506,1.0,high loading,paper\analysis\results_2026-10-06\shared_model\dt_feed_massfilm_gated_R1p5.json
428.0,333.2071881023377,0.37417282031227905,0.12366412213740458,0.0035800484839130066,1.0,high loading,paper\analysis\results_2026-10-06\shared_model\dt_feed_massfilm_gated_R1p5.json
429.0,333.23016840356325,0.3741185049080914,0.12366412213740458,0.003586658154569617,1.0,high loading,paper\analysis\results_2026-10-06\shared_model\dt_feed_massfilm_gated_R1p5.json
430.0,333.25313611352436,0.3740640886544415,0.12366412213740458,0.0035932600242669826,1.0,high loading,paper\analysis\results_2026-10-06\shared_model\dt_feed_massfilm_gated_R1p5.json
431.0,333.27609123864613,0.37400957158068276,0.12366412213740458,0.0035998540956865732,1.0,high loading,paper\analysis\results_2026-10-06\shared_model\dt_feed_massfilm_gated_R1p5.json
432.0,333.2990337853579,0.37395495371617127,0.12366412213740458,0.0036064403715096813,1.0,high loading,paper\analysis\results_2026-10-06\shared_model\dt_feed_massfilm_gated_R1p5.json
433.0,333.3219637600921,0.37390023509026526,0.12366412213740458,0.003613018854417418,1.0,high loading,paper\analysis\results_2026-10-06\shared_model\dt_feed_massfilm_gated_R1p5.json
434.0,333.3448811692864,0.37384541573232544,0.12366412213740458,0.0036195895470907094,1.0,high loading,paper\analysis\results_2026-10-06\shared_model\dt_feed_massfilm_gated_R1p5.json
435.0,333.36778601938164,0.37379049567171496,0.12366412213740458,0.0036261524522102962,1.0,high loading,paper\analysis\results_2026-10-06\shared_model\dt_feed_massfilm_gated_R1p5.json
436.0,333.3906783168224,0.37373547493779924,0.12366412213740458,0.0036327075724567285,1.0,high loading,paper\analysis\results_2026-10-06\shared_model\dt_feed_massfilm_gated_R1p5.json
437.0,333.41355806805666,0.3736803535599463,0.12366412213740458,0.003639254910510364,1.0,high loading,paper\analysis\results_2026-10-06\shared_model\dt_feed_massfilm_gated_R1p5.json
438.0,333.43642527953756,0.37362513156752614,0.12366412213740458,0.0036457944690513645,1.0,high loading,paper\analysis\results_2026-10-06\shared_model\dt_feed_massfilm_gated_R1p5.json
439.0,333.45927995772064,0.3735698089899111,0.12366412213740458,0.003652326250759695,1.0,high loading,paper\analysis\results_2026-10-06\shared_model\dt_feed_massfilm_gated_R1p5.json
440.0,333.4821221090655,0.3735143858564757,0.12366412213740458,0.0036588502583151184,1.0,high loading,paper\analysis\results_2026-10-06\shared_model\dt_feed_massfilm_gated_R1p5.json
441.0,333.50495174003424,0.37345886219659663,0.12366412213740458,0.0036653664943971935,1.0,high loading,paper\analysis\results_2026-10-06\shared_model\dt_feed_massfilm_gated_R1p5.json
442.0,333.5277688570941,0.3734032380396528,0.12366412213740458,0.0036718749616852743,1.0,high loading,paper\analysis\results_2026-10-06\shared_model\dt_feed_massfilm_gated_R1p5.json
443.0,333.550573466715,0.3733475134150251,0.12366412213740458,0.0036783756628585044,1.0,high loading,paper\analysis\results_2026-10-06\shared_model\dt_feed_massfilm_gated_R1p5.json
444.0,333.5733655753703,0.3732916883520964,0.12366412213740458,0.0036848686005958157,1.0,high loading,paper\analysis\results_2026-10-06\shared_model\dt_feed_massfilm_gated_R1p5.json
445.0,333.59614518953646,0.3732357628802518,0.12366412213740458,0.0036913537775759247,1.0,high loading,paper\analysis\results_2026-10-06\shared_model\dt_feed_massfilm_gated_R1p5.json
446.0,333.6189123156933,0.3731797370288782,0.12366412213740458,0.0036978311964773326,1.0,high loading,paper\analysis\results_2026-10-06\shared_model\dt_feed_massfilm_gated_R1p5.json
447.0,333.6416669603243,0.3731236108273646,0.12366412213740458,0.0037043008599783192,1.0,high loading,paper\analysis\results_2026-10-06\shared_model\dt_feed_massfilm_gated_R1p5.json
448.0,333.6644091299158,0.3730673843051018,0.12366412213740458,0.003710762770756942,1.0,high loading,paper\analysis\results_2026-10-06\shared_model\dt_feed_massfilm_gated_R1p5.json
449.0,333.68713883095717,0.37301105749148245,0.12366412213740458,0.0037172169314910334,1.0,high loading,paper\analysis\results_2026-10-06\shared_model\dt_feed_massfilm_gated_R1p5.json
450.0,333.709856069941,0.37295463041590127,0.12366412213740458,0.0037236633448581983,1.0,high loading,paper\analysis\results_2026-10-06\shared_model\dt_feed_massfilm_gated_R1p5.json
451.0,333.7325608533627,0.37289810310775445,0.12366412213740458,0.0037301020135358104,1.0,high loading,paper\analysis\results_2026-10-06\shared_model\dt_feed_massfilm_gated_R1p5.json
452.0,333.7552531877211,0.3728414755964404,0.12366412213740458,0.0037365329402010102,1.0,high loading,paper\analysis\results_2026-10-06\shared_model\dt_feed_massfilm_gated_R1p5.json
453.0,333.77793307951737,0.37278474791135885,0.12366412213740458,0.003742956127530705,1.0,high loading,paper\analysis\results_2026-10-06\shared_model\dt_feed_massfilm_gated_R1p5.json
454.0,333.8006005352565,0.3727279200819114,0.12366412213740458,0.003749371578201561,1.0,high loading,paper\analysis\results_2026-10-06\shared_model\dt_feed_massfilm_gated_R1p5.json
455.0,333.82325556144554,0.3726709921375013,0.12366412213740458,0.003755779294890005,1.0,high loading,paper\analysis\results_2026-10-06\shared_model\dt_feed_massfilm_gated_R1p5.json
456.0,333.8458981645946,0.3726139641075334,0.12366412213740458,0.003762179280272221,1.0,high loading,paper\analysis\results_2026-10-06\shared_model\dt_feed_massfilm_gated_R1p5.json
457.0,333.86852835121596,0.3725568360214142,0.12366412213740458,0.003768571537024146,1.0,high loading,paper\analysis\results_2026-10-06\shared_model\dt_feed_massfilm_gated_R1p5.json
458.0,333.8911461278251,0.37249960790855197,0.12366412213740458,0.0037749560678214705,1.0,high loading,paper\analysis\results_2026-10-06\shared_model\dt_feed_massfilm_gated_R1p5.json
459.0,333.9137515009402,0.3724422797983562,0.12366412213740458,0.0037813328753396325,1.0,high loading,paper\analysis\results_2026-10-06\shared_model\dt_feed_massfilm_gated_R1p5.json
460.0,333.9363444770827,0.372384851720238,0.12366412213740458,0.0037877019622538184,1.0,high loading,paper\analysis\results_2026-10-06\shared_model\dt_feed_massfilm_gated_R1p5.json
461.0,333.9589250627752,0.3723273237036099,0.12366412213740458,0.0037940633312389584,1.0,high loading,paper\analysis\results_2026-10-06\shared_model\dt_feed_massfilm_gated_R1p5.json
462.0,333.9814932645435,0.37226969577788593,0.12366412213740458,0.0038004169849697243,1.0,high loading,paper\analysis\results_2026-10-06\shared_model\dt_feed_massfilm_gated_R1p5.json
463.0,334.00404908891545,0.3722119679724816,0.12366412213740458,0.003806762926120527,1.0,high loading,paper\analysis\results_2026-10-06\shared_model\dt_feed_massfilm_gated_R1p5.json
464.0,334.026592542422,0.3721541403168138,0.12366412213740458,0.0038131011573655166,1.0,high loading,paper\analysis\results_2026-10-06\shared_model\dt_feed_massfilm_gated_R1p5.json
465.0,334.0491236315963,0.37209621284030053,0.12366412213740458,0.0038194316813785763,1.0,high loading,paper\analysis\results_2026-10-06\shared_model\dt_feed_massfilm_gated_R1p5.json
466.0,334.07164236297365,0.37203818557236135,0.12366412213740458,0.003825754500833322,1.0,high loading,paper\analysis\results_2026-10-06\shared_model\dt_feed_massfilm_gated_R1p5.json
467.0,334.09414874309175,0.37198005854241706,0.12366412213740458,0.0038320696184031,1.0,high loading,paper\analysis\results_2026-10-06\shared_model\dt_feed_massfilm_gated_R1p5.json
468.0,334.11664277849025,0.3719218317798895,0.12366412213740458,0.0038383770367609827,1.0,high loading,paper\analysis\results_2026-10-06\shared_model\dt_feed_massfilm_gated_R1p5.json
469.0,334.13912447571147,0.37186350531420215,0.12366412213740458,0.0038446767585797693,1.0,high loading,paper\analysis\results_2026-10-06\shared_model\dt_feed_massfilm_gated_R1p5.json
470.0,334.1615938412988,0.3718050791747791,0.12366412213740458,0.003850968786531982,1.0,high loading,paper\analysis\results_2026-10-06\shared_model\dt_feed_massfilm_gated_R1p5.json
471.0,334.18405088179924,0.37174655339104606,0.12366412213740458,0.0038572531232898633,1.0,high loading,paper\analysis\results_2026-10-06\shared_model\dt_feed_massfilm_gated_R1p5.json
472.0,334.20649560376063,0.3716879279924296,0.12366412213740458,0.003863529771525374,1.0,high loading,paper\analysis\results_2026-10-06\shared_model\dt_feed_massfilm_gated_R1p5.json
473.0,334.22892801373445,0.37162920300835756,0.12366412213740458,0.003869798733910191,1.0,high loading,paper\analysis\results_2026-10-06\shared_model\dt_feed_massfilm_gated_R1p5.json
474.0,334.2513481182717,0.3715703784682588,0.12366412213740458,0.0038760600131157053,1.0,high loading,paper\analysis\results_2026-10-06\shared_model\dt_feed_massfilm_gated_R1p5.json
475.0,334.2737559239269,0.3715114544015631,0.12366412213740458,0.0038823136118130183,1.0,high loading,paper\analysis\results_2026-10-06\shared_model\dt_feed_massfilm_gated_R1p5.json
476.0,334.29615143725704,0.3714524308377013,0.12366412213740458,0.003888559532672943,1.0,high loading,paper\analysis\results_2026-10-06\shared_model\dt_feed_massfilm_gated_R1p5.json
477.0,334.31853466481954,0.37139330780610524,0.12366412213740458,0.0038947977783659977,1.0,high loading,paper\analysis\results_2026-10-06\shared_model\dt_feed_massfilm_gated_R1p5.json
478.0,334.34090561317464,0.37133408533620765,0.12366412213740458,0.0039010283515624055,1.0,high loading,paper\analysis\results_2026-10-06\shared_model\dt_feed_massfilm_gated_R1p5.json
479.0,334.3632642888834,0.37127476345744226,0.12366412213740458,0.003907251254932093,1.0,high loading,paper\analysis\results_2026-10-06\shared_model\dt_feed_massfilm_gated_R1p5.json
480.0,334.385610698509,0.37121534219924357,0.12366412213740458,0.003913466491144688,1.0,high loading,paper\analysis\results_2026-10-06\shared_model\dt_feed_massfilm_gated_R1p5.json
481.0,334.4079448486171,0.3711558215910471,0.12366412213740458,0.003919674062869515,1.0,high loading,paper\analysis\results_2026-10-06\shared_model\dt_feed_massfilm_gated_R1p5.json
482.0,334.430266745774,0.37109620166228896,0.12366412213740458,0.003925873972775594,1.0,high loading,paper\analysis\results_2026-10-06\shared_model\dt_feed_massfilm_gated_R1p5.json
483.0,334.45257639654795,0.37103648244240617,0.12366412213740458,0.0039320662235316425,1.0,high loading,paper\analysis\results_2026-10-06\shared_model\dt_feed_massfilm_gated_R1p5.json
484.0,334.474873807509,0.3709766639608366,0.12366412213740458,0.003938250817806067,1.0,high loading,paper\analysis\results_2026-10-06\shared_model\dt_feed_massfilm_gated_R1p5.json
485.0,334.49715898522805,0.3709167462470187,0.12366412213740458,0.0039444277582669635,1.0,high loading,paper\analysis\results_2026-10-06\shared_model\dt_feed_massfilm_gated_R1p5.json
486.0,334.5194319362782,0.37085672933039165,0.12366412213740458,0.003950597047582117,1.0,high loading,paper\analysis\results_2026-10-06\shared_model\dt_feed_massfilm_gated_R1p5.json
487.0,334.5416926672338,0.37079661324039537,0.12366412213740458,0.003956758688418998,1.0,high loading,paper\analysis\results_2026-10-06\shared_model\dt_feed_massfilm_gated_R1p5.json
488.0,334.5639411846704,0.3707363980064705,0.12366412213740458,0.003962912683444761,1.0,high loading,paper\analysis\results_2026-10-06\shared_model\dt_feed_massfilm_gated_R1p5.json
489.0,334.5861774951652,0.37067608365805826,0.12366412213740458,0.003969059035326239,1.0,high loading,paper\analysis\results_2026-10-06\shared_model\dt_feed_massfilm_gated_R1p5.json
490.0,334.60840160529693,0.3706156702246002,0.12366412213740458,0.003975197746729947,1.0,high loading,paper\analysis\results_2026-10-06\shared_model\dt_feed_massfilm_gated_R1p5.json
490.20224190324825,334.61289588439513,0.37060344804379836,0.12366412213740458,0.0039764389388865186,1.0,high loading,paper\analysis\results_2026-10-06\shared_model\dt_feed_massfilm_gated_R1p5.json
490.21224190324824,334.61270431167145,0.37010522683065683,0.12366412213740458,0.004031216023809378,1.0,high loading,paper\analysis\results_2026-10-06\shared_model\dt_feed_massfilm_gated_R1p5.json
490.22224190324823,334.6125129670881,0.3696069597466563,0.12366412213740458,0.00408598908251569,1.0,high loading,paper\analysis\results_2026-10-06\shared_model\dt_feed_massfilm_gated_R1p5.json
490.2322419032482,334.6123218504244,0.36910864679367733,0.12366412213740458,0.004140758115243155,1.0,high loading,paper\analysis\results_2026-10-06\shared_model\dt_feed_massfilm_gated_R1p5.json
490.2422419032482,334.61213096146105,0.3686088913706669,0.12366412213740458,0.004195723690418416,1.0,high loading,paper\analysis\results_2026-10-06\shared_model\dt_feed_massfilm_gated_R1p5.json
490.2522419032482,334.6119402998517,0.3681067043749118,0.12366412213740458,0.004251027973922723,1.0,high loading,paper\analysis\results_2026-10-06\shared_model\dt_feed_massfilm_gated_R1p5.json
490.2622419032482,334.6117498651609,0.36760208024418584,0.12366412213740458,0.004306671915349069,1.0,high loading,paper\analysis\results_2026-10-06\shared_model\dt_feed_massfilm_gated_R1p5.json
490.2722419032482,334.61155965695474,0.3670950133727414,0.12366412213740458,0.004362656471020501,1.0,high loading,paper\analysis\results_2026-10-06\shared_model\dt_feed_massfilm_gated_R1p5.json
490.2822419032482,334.61136967479854,0.36658549811091123,0.12366412213740458,0.004418982604051587,1.0,high loading,paper\analysis\results_2026-10-06\shared_model\dt_feed_massfilm_gated_R1p5.json
490.29224190324817,334.61117991825864,0.3660735287647049,0.12366412213740458,0.004475651284410676,1.0,high loading,paper\analysis\results_2026-10-06\shared_model\dt_feed_massfilm_gated_R1p5.json
490.30224190324816,334.61099038690276,0.365559099595399,0.12366412213740458,0.00453266348898296,1.0,high loading,paper\analysis\results_2026-10-06\shared_model\dt_feed_massfilm_gated_R1p5.json
490.31224190324815,334.6108010802983,0.36504210126963826,0.12366412213740458,0.004590035119165981,1.0,high loading,paper\analysis\results_2026-10-06\shared_model\dt_feed_massfilm_gated_R1p5.json
490.32224190324814,334.6106119980048,0.364522508696633,0.12366412213740458,0.004647769953254329,1.0,high loading,paper\analysis\results_2026-10-06\shared_model\dt_feed_massfilm_gated_R1p5.json
490.33224190324813,334.6104231395796,0.36400031537586264,0.12366412213740458,0.004705869092988309,1.0,high loading,paper\analysis\results_2026-10-06\shared_model\dt_feed_massfilm_gated_R1p5.json
490.3422419032481,334.6102345045815,0.3634755147530002,0.12366412213740458,0.004764333648423654,1.0,high loading,paper\analysis\results_2026-10-06\shared_model\dt_feed_massfilm_gated_R1p5.json
490.3522419032481,334.6100460925697,0.36294810021937923,0.12366412213740458,0.004823164738013517,1.0,high loading,paper\analysis\results_2026-10-06\shared_model\dt_feed_massfilm_gated_R1p5.json
490.3622419032481,334.60985790310383,0.3624180651114534,0.12366412213740458,0.004882363488691587,1.0,high loading,paper\analysis\results_2026-10-06\shared_model\dt_feed_massfilm_gated_R1p5.json
490.3722419032481,334.6096699357439,0.36188536651502745,0.12366412213740458,0.004941936270249875,1.0,high loading,paper\analysis\results_2026-10-06\shared_model\dt_feed_massfilm_gated_R1p5.json
490.3822419032481,334.6094821900469,0.3613499038141956,0.12366412213740458,0.00500189780681506,1.0,high loading,paper\analysis\results_2026-10-06\shared_model\dt_feed_massfilm_gated_R1p5.json
490.3922419032481,334.60929466556365,0.360811669457461,0.12366412213740458,0.005062249370109058,1.0,high loading,paper\analysis\results_2026-10-06\shared_model\dt_feed_massfilm_gated_R1p5.json
490.40224190324807,334.609107361844,0.3602706558271908,0.12366412213740458,0.005122992242067593,1.0,high loading,paper\analysis\results_2026-10-06\shared_model\dt_feed_massfilm_gated_R1p5.json
490.41224190324806,334.6089202784384,0.3597268552389105,0.12366412213740458,0.005184127714948603,1.0,high loading,paper\analysis\results_2026-10-06\shared_model\dt_feed_massfilm_gated_R1p5.json
490.42224190324805,334.6087334148978,0.35918025994058733,0.12366412213740458,0.005245657091442255,1.0,high loading,paper\analysis\results_2026-10-06\shared_model\dt_feed_massfilm_gated_R1p5.json
490.43224190324804,334.6085467707748,0.35863086211190276,0.12366412213740458,0.005307581684782597,1.0,high loading,paper\analysis\results_2026-10-06\shared_model\dt_feed_massfilm_gated_R1p5.json
490.44224190324803,334.60836034562095,0.3580785330165537,0.12366412213740458,0.005369920367647729,1.0,high loading,paper\analysis\results_2026-10-06\shared_model\dt_feed_massfilm_gated_R1p5.json
490.452241903248,334.6081741389788,0.3575232468070119,0.12366412213740458,0.005432677087180058,1.0,high loading,paper\analysis\results_2026-10-06\shared_model\dt_feed_massfilm_gated_R1p5.json
490.462241903248,334.60798815038925,0.3569649946109938,0.12366412213740458,0.005495853327180414,1.0,high loading,paper\analysis\results_2026-10-06\shared_model\dt_feed_massfilm_gated_R1p5.json
490.472241903248,334.6078023793933,0.3564037674736798,0.12366412213740458,0.005559450584185186,1.0,high loading,paper\analysis\results_2026-10-06\shared_model\dt_feed_massfilm_gated_R1p5.json
490.482241903248,334.60761682553346,0.3558395563567599,0.12366412213740458,0.005623470367612634,1.0,high loading,paper\analysis\results_2026-10-06\shared_model\dt_feed_massfilm_gated_R1p5.json
490.492241903248,334.60743148835184,0.3552723521374638,0.12366412213740458,0.0056879141999115436,1.0,high loading,paper\analysis\results_2026-10-06\shared_model\dt_feed_massfilm_gated_R1p5.json
490.502241903248,334.6072463673912,0.35470205314283076,0.12366412213740458,0.005752797093845421,1.0,high loading,paper\analysis\results_2026-10-06\shared_model\dt_feed_massfilm_gated_R1p5.json
490.51224190324797,334.60706146218644,0.3541285950678087,0.12366412213740458,0.005818128630228213,1.0,high loading,paper\analysis\results_2026-10-06\shared_model\dt_feed_massfilm_gated_R1p5.json
490.52224190324796,334.6068767722685,0.3535519675531677,0.12366412213740458,0.005883910531017126,1.0,high loading,paper\analysis\results_2026-10-06\shared_model\dt_feed_massfilm_gated_R1p5.json
490.53224190324795,334.60669229716814,0.3529721601373177,0.12366412213740458,0.005950144533949572,1.0,high loading,paper\analysis\results_2026-10-06\shared_model\dt_feed_massfilm_gated_R1p5.json
490.54224190324794,334.6065080364169,0.3523891622550302,0.12366412213740458,0.006016832392738843,1.0,high loading,paper\analysis\results_2026-10-06\shared_model\dt_feed_massfilm_gated_R1p5.json
490.55224190324793,334.60632398954635,0.3518029632361369,0.12366412213740458,0.006083975877273143,1.0,high loading,paper\analysis\results_2026-10-06\shared_model\dt_feed_massfilm_gated_R1p5.json
490.5622419032479,334.60614015608905,0.351213468549644,0.12366412213740458,0.006151589026001369,1.0,high loading,paper\analysis\results_2026-10-06\shared_model\dt_feed_massfilm_gated_R1p5.json
490.5722419032479,334.6059565355703,0.35062059396617695,0.12366412213740458,0.006219684385243003,1.0,high loading,paper\analysis\results_2026-10-06\shared_model\dt_feed_massfilm_gated_R1p5.json
490.5822419032479,334.6057731275085,0.35002432735550437,0.12366412213740458,0.006288263959357043,1.0,high loading,paper\analysis\results_2026-10-06\shared_model\dt_feed_massfilm_gated_R1p5.json
490.5922419032479,334.6055899314234,0.34942465645981763,0.12366412213740458,0.006357329772350536,1.0,high loading,paper\analysis\results_2026-10-06\shared_model\dt_feed_massfilm_gated_R1p5.json
490.6022419032479,334.60540694683516,0.3488215688920061,0.12366412213740458,0.006426883868141923,1.0,high loading,paper\analysis\results_2026-10-06\shared_model\dt_feed_massfilm_gated_R1p5.json
490.6122419032479,334.60522417326297,0.348215052133901,0.12366412213740458,0.006496928310829264,1.0,high loading,paper\analysis\results_2026-10-06\shared_model\dt_feed_massfilm_gated_R1p5.json
490.62224190324787,334.60504161022726,0.34760499563482394,0.12366412213740458,0.006567479557783478,1.0,high loading,paper\analysis\results_2026-10-06\shared_model\dt_feed_massfilm_gated_R1p5.json
490.63224190324786,334.60485925723975,0.3469913167450883,0.12366412213740458,0.0066385499866866305,1.0,high loading,paper\analysis\results_2026-10-06\shared_model\dt_feed_massfilm_gated_R1p5.json
490.64224190324785,334.60467711380676,0.34637400121331074,0.12366412213740458,0.006710141938680845,1.0,high loading,paper\analysis\results_2026-10-06\shared_model\dt_feed_massfilm_gated_R1p5.json
490.65224190324784,334.6044951794349,0.3457530346281978,0.12366412213740458,0.00678225777950837,1.0,high loading,paper\analysis\results_2026-10-06\shared_model\dt_feed_massfilm_gated_R1p5.json
490.66224190324783,334.60431345362986,0.3451284024162041,0.12366412213740458,0.0068548998998686,1.0,high loading,paper\analysis\results_2026-10-06\shared_model\dt_feed_massfilm_gated_R1p5.json
490.6722419032478,334.60413193589847,0.34450008983914315,0.12366412213740458,0.006928070715782223,1.0,high loading,paper\analysis\results_2026-10-06\shared_model\dt_feed_massfilm_gated_R1p5.json
490.6822419032478,334.6039506257475,0.34386794326073555,0.12366412213740458,0.007001793107981828,1.0,high loading,paper\analysis\results_2026-10-06\shared_model\dt_feed_massfilm_gated_R1p5.json
490.6922419032478,334.6037695226714,0.3432319066780992,0.12366412213740458,0.007076075592773017,1.0,high loading,paper\analysis\results_2026-10-06\shared_model\dt_feed_massfilm_gated_R1p5.json
490.7022419032478,334.6035886261618,0.3425919632831885,0.12366412213740458,0.007150920915524964,1.0,high loading,paper\analysis\results_2026-10-06\shared_model\dt_feed_massfilm_gated_R1p5.json
490.7122419032478,334.60340793571,0.3419480960662223,0.12366412213740458,0.007226331852603199,1.0,high loading,paper\analysis\results_2026-10-06\shared_model\dt_feed_massfilm_gated_R1p5.json
490.7222419032478,334.6032274508073,0.34130028781247723,0.12366412213740458,0.0073023112118576665,1.0,high loading,paper\analysis\results_2026-10-06\shared_model\dt_feed_massfilm_gated_R1p5.json
490.73224190324777,334.6030471709454,0.34064850141096287,0.12366412213740458,0.007378864742561576,1.0,high loading,paper\analysis\results_2026-10-06\shared_model\dt_feed_massfilm_gated_R1p5.json
490.74224190324776,334.60286709561365,0.33999254769556264,0.12366412213740458,0.00745602067783594,1.0,high loading,paper\analysis\results_2026-10-06\shared_model\dt_feed_massfilm_gated_R1p5.json
490.75224190324775,334.60268722428697,0.33933240700648404,0.12366412213740458,0.007533782213084858,1.0,high loading,paper\analysis\results_2026-10-06\shared_model\dt_feed_massfilm_gated_R1p5.json
490.76224190324774,334.6025075564396,0.3386680594318823,0.12366412213740458,0.007612152582394504,1.0,high loading,paper\analysis\results_2026-10-06\shared_model\dt_feed_massfilm_gated_R1p5.json
490.77224190324773,334.60232809154684,0.33799948480352765,0.12366412213740458,0.00769113505919141,1.0,high loading,paper\analysis\results_2026-10-06\shared_model\dt_feed_massfilm_gated_R1p5.json
490.7822419032477,334.602148829082,0.337326662692371,0.12366412213740458,0.007770732956916121,1.0,high loading,paper\analysis\results_2026-10-06\shared_model\dt_feed_massfilm_gated_R1p5.json
490.7922419032477,334.6019697685199,0.3366495251783954,0.12366412213740458,0.007850956847382951,1.0,high loading,paper\analysis\results_2026-10-06\shared_model\dt_feed_massfilm_gated_R1p5.json
490.8022419032477,334.60179090932974,0.3359680132491474,0.12366412213740458,0.007931815943846685,1.0,high loading,paper\analysis\results_2026-10-06\shared_model\dt_feed_massfilm_gated_R1p5.json
490.8122419032477,334.60161225097846,0.33528210476165055,0.12366412213740458,0.008013313825547697,1.0,high loading,paper\analysis\results_2026-10-06\shared_model\dt_feed_massfilm_gated_R1p5.json
490.8222419032477,334.60143379293197,0.3345917772758368,0.12366412213740458,0.00809545411725563,1.0,high loading,paper\analysis\results_2026-10-06\shared_model\dt_feed_massfilm_gated_R1p5.json
490.8322419032477,334.6012555346555,0.3338970080491305,0.12366412213740458,0.00817824049009075,1.0,high loading,paper\analysis\results_2026-10-06\shared_model\dt_feed_massfilm_gated_R1p5.json
490.84224190324767,334.6010774756145,0.33319777403089906,0.12366412213740458,0.008261676662365566,1.0,high loading,paper\analysis\results_2026-10-06\shared_model\dt_feed_massfilm_gated_R1p5.json
490.85224190324766,334.60089961527405,0.33249412101009335,0.12366412213740458,0.008345756984338598,1.0,high loading,paper\analysis\results_2026-10-06\shared_model\dt_feed_massfilm_gated_R1p5.json
490.86224190324765,334.6007219531045,0.3317860267460696,0.12366412213740458,0.008430485053195547,1.0,high loading,paper\analysis\results_2026-10-06\shared_model\dt_feed_massfilm_gated_R1p5.json
490.87224190324764,334.60054448857574,0.3310734679326591,0.12366412213740458,0.008515864616338917,1.0,high loading,paper\analysis\results_2026-10-06\shared_model\dt_feed_massfilm_gated_R1p5.json
490.88224190324763,334.60036722115757,0.33035642094711076,0.12366412213740458,0.008601899469614906,1.0,high loading,paper\analysis\results_2026-10-06\shared_model\dt_feed_massfilm_gated_R1p5.json
490.8922419032476,334.60019015031946,0.32963486184417845,0.12366412213740458,0.008688593458208573,1.0,high loading,paper\analysis\results_2026-10-06\shared_model\dt_feed_massfilm_gated_R1p5.json
490.9022419032476,334.6000132755297,0.3289087897931115,0.12366412213740458,0.008775947172824943,1.0,high loading,paper\analysis\results_2026-10-06\shared_model\dt_feed_massfilm_gated_R1p5.json
490.9122419032476,334.5998365962588,0.32817827925804643,0.12366412213740458,0.00886395057677177,1.0,high loading,paper\analysis\results_2026-10-06\shared_model\dt_feed_massfilm_gated_R1p5.json
490.9222419032476,334.59966011198486,0.32744330657358317,0.12366412213740458,0.008952607458743954,1.0,high loading,paper\analysis\results_2026-10-06\shared_model\dt_feed_massfilm_gated_R1p5.json
490.9322419032476,334.59948382218556,0.3267038477537592,0.12366412213740458,0.009041921656424068,1.0,high loading,paper\analysis\results_2026-10-06\shared_model\dt_feed_massfilm_gated_R1p5.json
490.9422419032476,334.599307726338,0.32595987848602476,0.12366412213740458,0.009131897057393229,1.0,high loading,paper\analysis\results_2026-10-06\shared_model\dt_feed_massfilm_gated_R1p5.json
490.95224190324757,334.5991318239188,0.3252113741250649,0.12366412213740458,0.009222537600064912,1.0,high loading,paper\analysis\results_2026-10-06\shared_model\dt_feed_massfilm_gated_R1p5.json
490.96224190324756,334.59895611440425,0.32445832333727237,0.12366412213740458,0.00931384532426185,1.0,high loading,paper\analysis\results_2026-10-06\shared_model\dt_feed_massfilm_gated_R1p5.json
490.97224190324755,334.59878059727055,0.3237008418801979,0.12366412213740458,0.009405804097703313,1.0,high loading,paper\analysis\results_2026-10-06\shared_model\dt_feed_massfilm_gated_R1p5.json
490.98224190324754,334.5986052720057,0.322938905742229,0.12366412213740458,0.009498417746696361,1.0,high loading,paper\analysis\results_2026-10-06\shared_model\dt_feed_massfilm_gated_R1p5.json
490.99224190324753,334.5984301380971,0.32217249058770614,0.12366412213740458,0.009591690146992737,1.0,high loading,paper\analysis\results_2026-10-06\shared_model\dt_feed_massfilm_gated_R1p5.json
491.0022419032475,334.5982551950318,0.32140157175079725,0.12366412213740458,0.009685625224713388,1.0,high loading,paper\analysis\results_2026-10-06\shared_model\dt_feed_massfilm_gated_R1p5.json
491.0122419032475,334.59808044229595,0.3206261242292164,0.12366412213740458,0.009780226957296448,1.0,high loading,paper\analysis\results_2026-10-06\shared_model\dt_feed_massfilm_gated_R1p5.json
491.0222419032475,334.59790587937465,0.3198461226777798,0.12366412213740458,0.009875499374469703,1.0,high loading,paper\analysis\results_2026-10-06\shared_model\dt_feed_massfilm_gated_R1p5.json
491.0322419032475,334.59773150575273,0.3190616591860019,0.12366412213740458,0.009971429545253204,1.0,high loading,paper\analysis\results_2026-10-06\shared_model\dt_feed_massfilm_gated_R1p5.json
491.0422419032475,334.59755732092475,0.3182727830086873,0.12366412213740458,0.010068010701695902,1.0,high loading,paper\analysis\results_2026-10-06\shared_model\dt_feed_massfilm_gated_R1p5.json
491.0522419032475,334.5973833243903,0.31747946987327125,0.12366412213740458,0.010165246692986128,1.0,high loading,paper\analysis\results_2026-10-06\shared_model\dt_feed_massfilm_gated_R1p5.json
491.06224190324747,334.5972095156478,0.31668169518147443,0.12366412213740458,0.010263141417925944,1.0,high loading,paper\analysis\results_2026-10-06\shared_model\dt_feed_massfilm_gated_R1p5.json
491.07224190324746,334.59703589419644,0.3158794340031247,0.12366412213740458,0.010361698825862034,1.0,high loading,paper\analysis\results_2026-10-06\shared_model\dt_feed_massfilm_gated_R1p5.json
491.08224190324745,334.5968624595341,0.31507266106981935,0.12366412213740458,0.010460922917640666,1.0,high loading,paper\analysis\results_2026-10-06\shared_model\dt_feed_massfilm_gated_R1p5.json
491.09224190324744,334.59668921115707,0.3142613507684234,0.12366412213740458,0.010560817746587447,1.0,high loading,paper\analysis\results_2026-10-06\shared_model\dt_feed_massfilm_gated_R1p5.json
491.10224190324743,334.59651614856193,0.3134456394170364,0.12366412213740458,0.010661363773701924,1.0,high loading,paper\analysis\results_2026-10-06\shared_model\dt_feed_massfilm_gated_R1p5.json
491.1122419032474,334.5963432712582,0.3126255750024087,0.12366412213740458,0.010762554302767124,1.0,high loading,paper\analysis\results_2026-10-06\shared_model\dt_feed_massfilm_gated_R1p5.json
491.1222419032474,334.5961705787597,0.31180113349641153,0.12366412213740458,0.010864393127240178,1.0,high loading,paper\analysis\results_2026-10-06\shared_model\dt_feed_massfilm_gated_R1p5.json
491.1322419032474,334.59599807058095,0.3109722905532345,0.12366412213740458,0.010966884088886622,1.0,high loading,paper\analysis\results_2026-10-06\shared_model\dt_feed_massfilm_gated_R1p5.json
491.1422419032474,334.5958257462348,0.3101390215033995,0.12366412213740458,0.011070031078680905,1.0,high loading,paper\analysis\results_2026-10-06\shared_model\dt_feed_massfilm_gated_R1p5.json
491.1522419032474,334.59565360523345,0.3093013013476232,0.12366412213740458,0.011173838037729648,1.0,high loading,paper\analysis\results_2026-10-06\shared_model\dt_feed_massfilm_gated_R1p5.json
491.1622419032474,334.59548164708906,0.3084591047505227,0.12366412213740458,0.011278308958217952,1.0,high loading,paper\analysis\results_2026-10-06\shared_model\dt_feed_massfilm_gated_R1p5.json
491.17224190324737,334.5953098713122,0.30761246663431147,0.12366412213740458,0.011383438992534552,1.0,high loading,paper\analysis\results_2026-10-06\shared_model\dt_feed_massfilm_gated_R1p5.json
491.18224190324736,334.595138277418,0.3067615857395556,0.12366412213740458,0.011489199235662726,1.0,high loading,paper\analysis\results_2026-10-06\shared_model\dt_feed_massfilm_gated_R1p5.json
491.19224190324735,334.5949668649391,0.30590643888746455,0.12366412213740458,0.0115955933319808,1.0,high loading,paper\analysis\results_2026-10-06\shared_model\dt_feed_massfilm_gated_R1p5.json
491.20224190324734,334.59479563340886,0.3050470026008574,0.12366412213740458,0.0117026249711672,1.0,high loading,paper\analysis\results_2026-10-06\shared_model\dt_feed_massfilm_gated_R1p5.json
491.21224190324733,334.5946245823587,0.3041832530986524,0.12366412213740458,0.011810297889027568,1.0,high loading,paper\analysis\results_2026-10-06\shared_model\dt_feed_massfilm_gated_R1p5.json
491.2222419032473,334.59445371131943,0.3033151662902156,0.12366412213740458,0.011918615868345512,1.0,high loading,paper\analysis\results_2026-10-06\shared_model\dt_feed_massfilm_gated_R1p5.json
491.2322419032473,334.59428301982086,0.3024427177695719,0.12366412213740458,0.01202758273975099,1.0,high loading,paper\analysis\results_2026-10-06\shared_model\dt_feed_massfilm_gated_R1p5.json
491.2422419032473,334.59411250739265,0.3015658828094712,0.12366412213740458,0.0121372023826093,1.0,high loading,paper\analysis\results_2026-10-06\shared_model\dt_feed_massfilm_gated_R1p5.json
491.2522419032473,334.5939421735638,0.3006846484540381,0.12366412213740458,0.012247476939857846,1.0,high loading,paper\analysis\results_2026-10-06\shared_model\dt_feed_massfilm_gated_R1p5.json
491.2622419032473,334.5937720178629,0.29979932032038625,0.12366412213740458,0.012358361507345244,1.0,high loading,paper\analysis\results_2026-10-06\shared_model\dt_feed_massfilm_gated_R1p5.json
491.2722419032473,334.5936020398458,0.2989098764944624,0.12366412213740458,0.012469859516257162,1.0,high loading,paper\analysis\results_2026-10-06\shared_model\dt_feed_massfilm_gated_R1p5.json
491.28224190324727,334.5934322390666,0.29801629479022324,0.12366412213740458,0.012581974438998778,1.0,high loading,paper\analysis\results_2026-10-06\shared_model\dt_feed_massfilm_gated_R1p5.json
491.29224190324726,334.5932626150797,0.2971185527447664,0.12366412213740458,0.012694709789921575,1.0,high loading,paper\analysis\results_2026-10-06\shared_model\dt_feed_massfilm_gated_R1p5.json
491.30224190324725,334.5930931674388,0.2962166276133308,0.12366412213740458,0.012808069126077527,1.0,high loading,paper\analysis\results_2026-10-06\shared_model\dt_feed_massfilm_gated_R1p5.json
491.31224190324724,334.5929238956961,0.29531049636418527,0.12366412213740458,0.01292205604798408,1.0,high loading,paper\analysis\results_2026-10-06\shared_model\dt_feed_massfilm_gated_R1p5.json
491.32224190324723,334.59275479940493,0.29440013567339357,0.12366412213740458,0.01303667420040628,1.0,high loading,paper\analysis\results_2026-10-06\shared_model\dt_feed_massfilm_gated_R1p5.json
491.3322419032472,334.59258587811433,0.29348552191943095,0.12366412213740458,0.013151927273174255,1.0,high loading,paper\analysis\results_2026-10-06\shared_model\dt_feed_massfilm_gated_R1p5.json
491.3422419032472,334.59241713137635,0.2925666311777076,0.12366412213740458,0.01326781900198814,1.0,high loading,paper\analysis\results_2026-10-06\shared_model\dt_feed_massfilm_gated_R1p5.json
491.3522419032472,334.59224855873964,0.29164383145529454,0.12366412213740458,0.013384294942345328,1.0,high loading,paper\analysis\results_2026-10-06\shared_model\dt_feed_massfilm_gated_R1p5.json
491.3622419032472,334.59208015978584,0.2907171217366867,0.12366412213740458,0.01350135539605541,1.0,high loading,paper\analysis\results_2026-10-06\shared_model\dt_feed_massfilm_gated_R1p5.json
491.3722419032472,334.5919119340972,0.289786481701779,0.12366412213740458,0.013619003530477231,1.0,high loading,paper\analysis\results_2026-10-06\shared_model\dt_feed_massfilm_gated_R1p5.json
491.3822419032472,334.5917438812549,0.2888518907897044,0.12366412213740458,0.013737242549382371,1.0,high loading,paper\analysis\results_2026-10-06\shared_model\dt_feed_massfilm_gated_R1p5.json
491.39224190324717,334.5915760008397,0.2879133281946884,0.12366412213740458,0.013856075693575845,1.0,high loading,paper\analysis\results_2026-10-06\shared_model\dt_feed_massfilm_gated_R1p5.json
491.40224190324716,334.59140829243205,0.2869707728618071,0.12366412213740458,0.013975506241531084,1.0,high loading,paper\analysis\results_2026-10-06\shared_model\dt_feed_massfilm_gated_R1p5.json
491.41224190324715,334.5912407556109,0.28602420348264707,0.12366412213740458,0.014095537510039632,1.0,high loading,paper\analysis\results_2026-10-06\shared_model\dt_feed_massfilm_gated_R1p5.json
491.42224190324714,334.5910733899559,0.28507359849086256,0.12366412213740458,0.014216172854875964,1.0,high loading,paper\analysis\results_2026-10-06\shared_model\dt_feed_massfilm_gated_R1p5.json
491.43224190324713,334.59090619504497,0.2841189360576283,0.12366412213740458,0.014337415671477892,1.0,high loading,paper\analysis\results_2026-10-06\shared_model\dt_feed_massfilm_gated_R1p5.json
491.4422419032471,334.59073917045527,0.28316019408698495,0.12366412213740458,0.014459269395642996,1.0,high loading,paper\analysis\results_2026-10-06\shared_model\dt_feed_massfilm_gated_R1p5.json
491.4522419032471,334.59057231576344,0.28219819114497496,0.12366412213740458,0.014581611788139815,1.0,high loading,paper\analysis\results_2026-10-06\shared_model\dt_feed_massfilm_gated_R1p5.json
491.4622419032471,334.5904056306138,0.2812333386679386,0.12366412213740458,0.01470438141568032,1.0,high loading,paper\analysis\results_2026-10-06\shared_model\dt_feed_massfilm_gated_R1p5.json
491.4722419032471,334.59023911468626,0.28026562572645375,0.12366412213740458,0.014827579975245165,1.0,high loading,paper\analysis\results_2026-10-06\shared_model\dt_feed_massfilm_gated_R1p5.json
491.4822419032471,334.59007276766204,0.279295041297011,0.12366412213740458,0.014951209178006672,1.0,high loading,paper\analysis\results_2026-10-06\shared_model\dt_feed_massfilm_gated_R1p5.json
491.4922419032471,334.58990658921425,0.2783215742607503,0.12366412213740458,0.015075270749571292,1.0,high loading,paper\analysis\results_2026-10-06\shared_model\dt_feed_massfilm_gated_R1p5.json
491.50224190324707,334.5897405790242,0.27734521340238094,0.12366412213740458,0.015199766430060711,1.0,high loading,paper\analysis\results_2026-10-06\shared_model\dt_feed_massfilm_gated_R1p5.json
491.51224190324706,334.5895747367713,0.2763659474088775,0.12366412213740458,0.01532469797436027,1.0,high loading,paper\analysis\results_2026-10-06\shared_model\dt_feed_massfilm_gated_R1p5.json
491.52224190324705,334.58940906213263,0.27538376486825744,0.12366412213740458,0.01545006715228835,1.0,high loading,paper\analysis\results_2026-10-06\shared_model\dt_feed_massfilm_gated_R1p5.json
491.53224190324704,334.58924355478695,0.27439865426831633,0.12366412213740458,0.01557587574878531,1.0,high loading,paper\analysis\results_2026-10-06\shared_model\dt_feed_massfilm_gated_R1p5.json
491.54224190324703,334.589078214417,0.2734106039953738,0.12366412213740458,0.015702125564080027,1.0,high loading,paper\analysis\results_2026-10-06\shared_model\dt_feed_massfilm_gated_R1p5.json
491.552241903247,334.58891304068976,0.2724196023328379,0.12366412213740458,0.015828818413987946,1.0,high loading,paper\analysis\results_2026-10-06\shared_model\dt_feed_massfilm_gated_R1p5.json
491.562241903247,334.5887480332885,0.2714256374600653,0.12366412213740458,0.01595595612995604,1.0,high loading,paper\analysis\results_2026-10-06\shared_model\dt_feed_massfilm_gated_R1p5.json
491.572241903247,334.58858319189005,0.2704286974508797,0.12366412213740458,0.016083540559367625,1.0,high loading,paper\analysis\results_2026-10-06\shared_model\dt_feed_massfilm_gated_R1p5.json
491.582241903247,334.58841851617166,0.2694287702722261,0.12366412213740458,0.01621157356572252,1.0,high loading,paper\analysis\results_2026-10-06\shared_model\dt_feed_massfilm_gated_R1p5.json
491.592241903247,334.5882540058096,0.2684258437827692,0.12366412213740458,0.01634005702884637,1.0,high loading,paper\analysis\results_2026-10-06\shared_model\dt_feed_massfilm_gated_R1p5.json
491.602241903247,334.58808966048036,0.26742123659634737,0.12366412213740458,0.01646879637265878,1.0,high loading,paper\analysis\results_2026-10-06\shared_model\dt_feed_massfilm_gated_R1p5.json
491.61224190324697,334.58792547996865,0.26641665960620786,0.12366412213740458,0.01659753904694816,1.0,high loading,paper\analysis\results_2026-10-06\shared_model\dt_feed_massfilm_gated_R1p5.json
491.62224190324696,334.58776146419956,0.2654121128127722,0.12366412213740458,0.0167262850518866,1.0,high loading,paper\analysis\results_2026-10-06\shared_model\dt_feed_massfilm_gated_R1p5.json
491.63224190324695,334.5875976130972,0.2644075962164625,0.12366412213740458,0.01685503438764639,1.0,high loading,paper\analysis\results_2026-10-06\shared_model\dt_feed_massfilm_gated_R1p5.json
491.64224190324694,334.58743392658624,0.26340310981770126,0.12366412213740458,0.016983787054399995,1.0,high loading,paper\analysis\results_2026-10-06\shared_model\dt_feed_massfilm_gated_R1p5.json
491.65224190324693,334.58727040459166,0.2623986536169119,0.12366412213740458,0.017112543052320073,1.0,high loading,paper\analysis\results_2026-10-06\shared_model\dt_feed_massfilm_gated_R1p5.json
491.6622419032469,334.58710704703776,0.2613942276145183,0.12366412213740458,0.017241302381579462,1.0,high loading,paper\analysis\results_2026-10-06\shared_model\dt_feed_massfilm_gated_R1p5.json
491.6722419032469,334.5869438538491,0.2603898318109447,0.12366412213740458,0.017370065042351196,1.0,high loading,paper\analysis\results_2026-10-06\shared_model\dt_feed_massfilm_gated_R1p5.json
491.6822419032469,334.58678082495044,0.2593854662066164,0.12366412213740458,0.017498831034808485,1.0,high loading,paper\analysis\results_2026-10-06\shared_model\dt_feed_massfilm_gated_R1p5.json
491.6922419032469,334.58661796026615,0.2583811308019587,0.12366412213740458,0.017627600359124734,1.0,high loading,paper\analysis\results_2026-10-06\shared_model\dt_feed_massfilm_gated_R1p5.json
491.7022419032469,334.5864552597207,0.2573768255973978,0.12366412213740458,0.017756373015473528,1.0,high loading,paper\analysis\results_2026-10-06\shared_model\dt_feed_massfilm_gated_R1p5.json
491.7122419032469,334.5862927232386,0.25637255059336056,0.12366412213740458,0.017885149004028645,1.0,high loading,paper\analysis\results_2026-10-06\shared_model\dt_feed_massfilm_gated_R1p5.json
491.72224190324687,334.58613035074427,0.2553683057902742,0.12366412213740458,0.01801392832496405,1.0,high loading,paper\analysis\results_2026-10-06\shared_model\dt_feed_massfilm_gated_R1p5.json
491.73224190324686,334.58596814216224,0.2543640911885667,0.12366412213740458,0.01814271097845389,1.0,high loading,paper\analysis\results_2026-10-06\shared_model\dt_feed_massfilm_gated_R1p5.json
491.74224190324685,334.58580609741705,0.2533599067886664,0.12366412213740458,0.0182714969646725,1.0,high loading,paper\analysis\results_2026-10-06\shared_model\dt_feed_massfilm_gated_R1p5.json
491.75224190324684,334.58564421643354,0.25235575259100246,0.12366412213740458,0.018400286283794403,1.0,high loading,paper\analysis\results_2026-10-06\shared_model\dt_feed_massfilm_gated_R1p5.json
491.76224190324683,334.58548249913525,0.2513516285960046,0.12366412213740458,0.01852907893599431,1.0,high loading,paper\analysis\results_2026-10-06\shared_model\dt_feed_massfilm_gated_R1p5.json
491.7722419032468,334.5853209454472,0.2503475348041029,0.12366412213740458,0.018657874921447118,1.0,high loading,paper\analysis\results_2026-10-06\shared_model\dt_feed_massfilm_gated_R1p5.json
491.7822419032468,334.5851595552938,0.2493434712157282,0.12366412213740458,0.01878667424032791,1.0,high loading,paper\analysis\results_2026-10-06\shared_model\dt_feed_massfilm_gated_R1p5.json
491.7922419032468,334.584998328599,0.2483394378313119,0.12366412213740458,0.01891547689281196,1.0,high loading,paper\analysis\results_2026-10-06\shared_model\dt_feed_massfilm_gated_R1p5.json
491.8022419032468,334.58483726528783,0.24733543465128605,0.12366412213740458,0.019044282879074722,1.0,high loading,paper\analysis\results_2026-10-06\shared_model\dt_feed_massfilm_gated_R1p5.json
491.8122419032468,334.58467636528417,0.24633146167608308,0.12366412213740458,0.019173092199291843,1.0,high loading,paper\analysis\results_2026-10-06\shared_model\dt_feed_massfilm_gated_R1p5.json
491.8222419032468,334.58451562851263,0.24532751890613635,0.12366412213740458,0.019301904853639154,1.0,high loading,paper\analysis\results_2026-10-06\shared_model\dt_feed_massfilm_gated_R1p5.json
491.83224190324677,334.58435505489695,0.24432360634187938,0.12366412213740458,0.019430720842292675,1.0,high loading,paper\analysis\results_2026-10-06\shared_model\dt_feed_massfilm_gated_R1p5.json
491.84224190324676,334.5841946443621,0.24331972398374646,0.12366412213740458,0.019559540165428612,1.0,high loading,paper\analysis\results_2026-10-06\shared_model\dt_feed_massfilm_gated_R1p5.json
491.85224190324675,334.5840343968323,0.24231587183217254,0.12366412213740458,0.01968836282322336,1.0,high loading,paper\analysis\results_2026-10-06\shared_model\dt_feed_massfilm_gated_R1p5.json
491.86224190324674,334.5838743122316,0.24131204988759308,0.12366412213740458,0.019817188815853495,1.0,high loading,paper\analysis\results_2026-10-06\shared_model\dt_feed_massfilm_gated_R1p5.json
491.87224190324673,334.5837143904842,0.24030825815044404,0.12366412213740458,0.019946018143495794,1.0,high loading,paper\analysis\results_2026-10-06\shared_model\dt_feed_massfilm_gated_R1p5.json
491.8822419032467,334.5835546315148,0.23930449662116213,0.12366412213740458,0.020074850806327208,1.0,high loading,paper\analysis\results_2026-10-06\shared_model\dt_feed_massfilm_gated_R1p5.json
491.8922419032467,334.5833950352471,0.2383007653001845,0.12366412213740458,0.02020368680452488,1.0,high loading,paper\analysis\results_2026-10-06\shared_model\dt_feed_massfilm_gated_R1p5.json
491.9022419032467,334.5832356016052,0.23729706418794905,0.12366412213740458,0.02033252613826614,1.0,high loading,paper\analysis\results_2026-10-06\shared_model\dt_feed_massfilm_gated_R1p5.json
491.9122419032467,334.583076330514,0.23629339328489404,0.12366412213740458,0.02046136880772851,1.0,high loading,paper\analysis\results_2026-10-06\shared_model\dt_feed_massfilm_gated_R1p5.json
491.9222419032467,334.5829172218976,0.2352897525914586,0.12366412213740458,0.02059021481308969,1.0,high loading,paper\analysis\results_2026-10-06\shared_model\dt_feed_massfilm_gated_R1p5.json
491.9322419032467,334.5827582756796,0.23428614210808202,0.12366412213740458,0.02071906415452757,1.0,high loading,paper\analysis\results_2026-10-06\shared_model\dt_feed_massfilm_gated_R1p5.json
491.94224190324667,334.5825994917845,0.2332825618352046,0.12366412213740458,0.020847916832220238,1.0,high loading,paper\analysis\results_2026-10-06\shared_model\dt_feed_massfilm_gated_R1p5.json
491.95224190324666,334.5824408701365,0.23227901177326696,0.12366412213740458,0.02097677284634596,1.0,high loading,paper\analysis\results_2026-10-06\shared_model\dt_feed_massfilm_gated_R1p5.json
491.96224190324665,334.58228241065973,0.23127549192271044,0.12366412213740458,0.02110563219708319,1.0,high loading,paper\analysis\results_2026-10-06\shared_model\dt_feed_massfilm_gated_R1p5.json
491.97224190324664,334.582124113278,0.23027200228397685,0.12366412213740458,0.02123449488461057,1.0,high loading,paper\analysis\results_2026-10-06\shared_model\dt_feed_massfilm_gated_R1p5.json
491.98224190324663,334.581965977916,0.2292685428575087,0.12366412213740458,0.02136336090910693,1.0,high loading,paper\analysis\results_2026-10-06\shared_model\dt_feed_massfilm_gated_R1p5.json
491.9922419032466,334.58180800449776,0.22826511364374907,0.12366412213740458,0.02149223027075129,1.0,high loading,paper\analysis\results_2026-10-06\shared_model\dt_feed_massfilm_gated_R1p5.json
492.0022419032466,334.5816501929464,0.22726171464314146,0.12366412213740458,0.021621102969722857,1.0,high loading,paper\analysis\results_2026-10-06\shared_model\dt_feed_massfilm_gated_R1p5.json
492.0122419032466,334.5814925431867,0.22625834585613017,0.12366412213740458,0.021749979006201025,1.0,high loading,paper\analysis\results_2026-10-06\shared_model\dt_feed_massfilm_gated_R1p5.json
492.0222419032466,334.5813350551429,0.22525500728315997,0.12366412213740458,0.021878858380365372,1.0,high loading,paper\analysis\results_2026-10-06\shared_model\dt_feed_massfilm_gated_R1p5.json
492.0322419032466,334.5811777287385,0.22425169892467622,0.12366412213740458,0.022007741092395672,1.0,high loading,paper\analysis\results_2026-10-06\shared_model\dt_feed_massfilm_gated_R1p5.json
492.0422419032466,334.58102056389816,0.2232484207811249,0.12366412213740458,0.02213662714247188,1.0,high loading,paper\analysis\results_2026-10-06\shared_model\dt_feed_massfilm_gated_R1p5.json
492.05224190324657,334.58086356054525,0.22224517285295262,0.12366412213740458,0.022265516530774142,1.0,high loading,paper\analysis\results_2026-10-06\shared_model\dt_feed_massfilm_gated_R1p5.json
492.06224190324656,334.58070671860384,0.22124195514060632,0.12366412213740458,0.02239440925748279,1.0,high loading,paper\analysis\results_2026-10-06\shared_model\dt_feed_massfilm_gated_R1p5.json
492.07224190324655,334.58055003799814,0.22023876764453368,0.12366412213740458,0.022523305322778343,1.0,high loading,paper\analysis\results_2026-10-06\shared_model\dt_feed_massfilm_gated_R1p5.json
492.08224190324654,334.5803935186522,0.2192356103651832,0.12366412213740458,0.022652204726841513,1.0,high loading,paper\analysis\results_2026-10-06\shared_model\dt_feed_massfilm_gated_R1p5.json
492.09224190324653,334.5802371604898,0.2182324833030037,0.12366412213740458,0.022781107469853196,1.0,high loading,paper\analysis\results_2026-10-06\shared_model\dt_feed_massfilm_gated_R1p5.json
492.1022419032465,334.5800809634344,0.21722938645844453,0.12366412213740458,0.022910013551994478,1.0,high loading,paper\analysis\results_2026-10-06\shared_model\dt_feed_massfilm_gated_R1p5.json
492.1122419032465,334.57992492741033,0.21622631983195587,0.12366412213740458,0.023038922973446632,1.0,high loading,paper\analysis\results_2026-10-06\shared_model\dt_feed_massfilm_gated_R1p5.json
492.1222419032465,334.5797690523416,0.21522328342398825,0.12366412213740458,0.023167835734391122,1.0,high loading,paper\analysis\results_2026-10-06\shared_model\dt_feed_massfilm_gated_R1p5.json
492.1322419032465,334.5796133381519,0.21422027723499293,0.12366412213740458,0.023296751835009594,1.0,high loading,paper\analysis\results_2026-10-06\shared_model\dt_feed_massfilm_gated_R1p5.json
492.1422419032465,334.5794577847655,0.21321730126542168,0.12366412213740458,0.023425671275483884,1.0,high loading,paper\analysis\results_2026-10-06\shared_model\dt_feed_massfilm_gated_R1p5.json
492.1522419032465,334.5793023921056,0.21221435551572695,0.12366412213740458,0.02355459405599602,1.0,high loading,paper\analysis\results_2026-10-06\shared_model\dt_feed_massfilm_gated_R1p5.json
492.16224190324647,334.5791471600962,0.21121143998636163,0.12366412213740458,0.023683520176728215,1.0,high loading,paper\analysis\results_2026-10-06\shared_model\dt_feed_massfilm_gated_R1p5.json
492.17224190324646,334.5789920886616,0.2102085546777793,0.12366412213740458,0.023812449637862873,1.0,high loading,paper\analysis\results_2026-10-06\shared_model\dt_feed_massfilm_gated_R1p5.json
492.18224190324645,334.5788371777249,0.20920569959043422,0.12366412213740458,0.023941382439582583,1.0,high loading,paper\analysis\results_2026-10-06\shared_model\dt_feed_massfilm_gated_R1p5.json
492.19224190324644,334.5786824272103,0.20820287472478102,0.12366412213740458,0.02407031858207012,1.0,high loading,paper\analysis\results_2026-10-06\shared_model\dt_feed_massfilm_gated_R1p5.json
492.20224190324643,334.5785278370413,0.20720008008127497,0.12366412213740458,0.02419925806550846,1.0,high loading,paper\analysis\results_2026-10-06\shared_model\dt_feed_massfilm_gated_R1p5.json
492.2122419032464,334.578373407142,0.206197315660372,0.12366412213740458,0.024328200890080753,1.0,high loading,paper\analysis\results_2026-10-06\shared_model\dt_feed_massfilm_gated_R1p5.json
492.2222419032464,334.57821913743595,0.20519458146252856,0.12366412213740458,0.024457147055970345,1.0,high loading,paper\analysis\results_2026-10-06\shared_model\dt_feed_massfilm_gated_R1p5.json
492.2322419032464,334.5780650278468,0.20419187748820178,0.12366412213740458,0.024586096563360766,1.0,high loading,paper\analysis\results_2026-10-06\shared_model\dt_feed_massfilm_gated_R1p5.json
492.2422419032464,334.5779110782986,0.20318920373784924,0.12366412213740458,0.02471504941243574,1.0,high loading,paper\analysis\results_2026-10-06\shared_model\dt_feed_massfilm_gated_R1p5.json
492.2522419032464,334.57775728871474,0.20218656021192927,0.12366412213740458,0.02484400560337918,1.0,high loading,paper\analysis\results_2026-10-06\shared_model\dt_feed_massfilm_gated_R1p5.json
492.257073259448,334.57768300414784,0.2017021544654251,0.12366412213740458,0.02490630971279667,1.0,high loading,paper\analysis\results_2026-10-06\shared_model\dt_feed_massfilm_gated_R1p5.json
492.267073259448,334.5958362490761,0.20097972598514074,0.12370261921101426,0.025096880782449957,0.9960840329286655,native birth,paper\analysis\results_2026-10-06\repairs\dt_shared_upper_birth_01.json
492.467073259448,335.18254227372415,0.18457197705968878,0.12317576101871247,0.02881211496802114,0.909749537113754,receding core,paper\analysis\results_2026-10-06\repairs\dt_shared_upper_birth_01.json
492.667073259448,335.984596121482,0.16968708600244736,0.12261999873497754,0.03268224107291713,0.8335099312441225,receding core,paper\analysis\results_2026-10-06\repairs\dt_shared_upper_birth_01.json
492.867073259448,336.91804837589916,0.1561346569796255,0.12206027111798426,0.03659002115118677,0.764787845931423,receding core,paper\analysis\results_2026-10-06\repairs\dt_shared_upper_birth_01.json
493.06707325944797,337.92307412111563,0.14377441206495498,0.12150670452780847,0.04044928175610899,0.7024162077451708,receding core,paper\analysis\results_2026-10-06\repairs\dt_shared_upper_birth_01.json
493.26707325944795,338.95499330689177,0.1324869472605824,0.1209656624168047,0.04419505113355441,0.6456139791271226,receding core,paper\analysis\results_2026-10-06\repairs\dt_shared_upper_birth_01.json
493.46707325944794,339.98245328450713,0.12216375491294758,0.12044137612906088,0.0477836488017557,0.5937533445213108,receding core,paper\analysis\results_2026-10-06\repairs\dt_shared_upper_birth_01.json
493.66707325944793,340.9854972856548,0.11270480076979955,0.11993645073355023,0.05119119435263643,0.5462908964745199,receding core,paper\analysis\results_2026-10-06\repairs\dt_shared_upper_birth_01.json
493.8670732594479,341.95270642115446,0.10401786843600244,0.11945218964729286,0.05440923887986502,0.5027420496771725,receding core,paper\analysis\results_2026-10-06\repairs\dt_shared_upper_birth_01.json
494.0670732594479,342.87864546708704,0.0960196023808866,0.11898895853845852,0.05743991194639875,0.4626766546557176,receding core,paper\analysis\results_2026-10-06\repairs\dt_shared_upper_radial_01.json
494.2670732594479,343.762118867933,0.0886375706445978,0.1185465871954133,0.060291954330233426,0.42572507726458014,receding core,paper\analysis\results_2026-10-06\repairs\dt_shared_upper_radial_01.json
494.4670732594479,344.6048306254158,0.0818112313983677,0.11812468811105768,0.06297760709851004,0.39158072406655314,receding core,paper\analysis\results_2026-10-06\repairs\dt_shared_upper_radial_01.json
494.6670732594479,345.41031480431366,0.07549145441809299,0.11772285583988776,0.06551041091707052,0.3599961878675983,receding core,paper\analysis\results_2026-10-06\repairs\dt_shared_upper_radial_01.json
494.86707325944786,346.182960473583,0.06963844635642076,0.11734072696618433,0.06790368984048473,0.3307717169442559,receding core,paper\analysis\results_2026-10-06\repairs\dt_shared_upper_radial_01.json
495.06707325944785,346.9270448212748,0.06421830506837412,0.11697790734320705,0.0701695354407696,0.303736944238035,receding core,paper\analysis\results_2026-10-06\repairs\dt_shared_upper_radial_01.json
495.26707325944784,347.6459590226524,0.05919944289415328,0.11663384292052378,0.0723183362547242,0.2787322802134633,receding core,paper\analysis\results_2026-10-06\repairs\dt_shared_upper_radial_01.json
495.46707325944783,348.3419530059869,0.054550691183919045,0.11630776035827665,0.07435892512283,0.25559935705474013,receding core,paper\analysis\results_2026-10-06\repairs\dt_shared_upper_radial_01.json
495.6670732594478,349.01647661321834,0.05024172547485752,0.11599873856003363,0.0762989593463713,0.23418369868396136,receding core,paper\analysis\results_2026-10-06\repairs\dt_shared_upper_radial_01.json
495.8670732594478,349.6712206841387,0.04624424842117916,0.11570581155494357,0.07814199940243849,0.21434181259356735,receding core,paper\analysis\results_2026-10-06\repairs\dt_shared_upper_radial_01.json
496.0670732594478,350.30714704499854,0.04253342026957866,0.11542811798711394,0.07989344738415102,0.19594714997472806,receding core,paper\analysis\results_2026-10-06\repairs\dt_shared_upper_radial_01.json
496.2670732594478,350.9253153766288,0.03908768115405203,0.11516491592700376,0.0815591915107171,0.17889010023585145,receding core,paper\analysis\results_2026-10-06\repairs\dt_shared_upper_radial_01.json
497.10510109897643,353.21521733112155,0.028143158207061682,0.11425857657110135,0.08731847081732137,0.125,native face event,paper\analysis\results_2026-10-06\repairs\dt_shared_upper_face_arrival_01.json
497.15510109897644,353.3687889860365,0.027565761637226235,0.11421051406949168,0.08768780006665941,0.12201995438479758,native face event,paper\analysis\results_2026-10-06\repairs\dt_shared_upper_face_departure_01.json
497.35510109897643,353.9617078310047,0.025377789314938868,0.11402177972537436,0.08900844038119012,0.1108622779092872,receding core,paper\analysis\results_2026-10-06\repairs\dt_shared_upper_inner_01.json
497.5551010989764,354.5366936177181,0.023322514378398943,0.1138384009157171,0.09027469613553393,0.10053415466384337,receding core,paper\analysis\results_2026-10-06\repairs\dt_shared_upper_inner_01.json
497.7551010989764,355.0937088403847,0.02138847985258061,0.11366016415751556,0.09149086885676481,0.09091991623418405,receding core,paper\analysis\results_2026-10-06\repairs\dt_shared_upper_inner_01.json
497.9551010989764,355.6336563829564,0.01956870788704432,0.113487187202734,0.09265963120964862,0.08195110181882839,receding core,paper\analysis\results_2026-10-06\repairs\dt_shared_upper_inner_01.json
498.1551010989764,356.1577843593525,0.017858365281482005,0.1133197324600606,0.09378328341506617,0.07358218346599077,receding core,paper\analysis\results_2026-10-06\repairs\dt_shared_upper_inner_01.json
498.3551010989764,356.66744514167965,0.016253762127506597,0.1131581267236737,0.094863900286717,0.06578025443195176,receding core,paper\analysis\results_2026-10-06\repairs\dt_shared_upper_inner_01.json
498.55510109897637,357.1639815684362,0.014751851979377622,0.11300272095273442,0.0959033685212685,0.05851988417217214,receding core,paper\analysis\results_2026-10-06\repairs\dt_shared_upper_inner_01.json
498.75510109897635,357.64866893756664,0.013349953456021591,0.11285386774577971,0.09690340484698685,0.05178025014152258,receding core,paper\analysis\results_2026-10-06\repairs\dt_shared_upper_inner_01.json
498.95510109897634,358.12268438019305,0.012045581465495819,0.11271190754774373,0.09786556948648416,0.045543404405359075,receding core,paper\analysis\results_2026-10-06\repairs\dt_shared_upper_inner_01.json
499.15510109897633,358.5870905697884,0.010836337099344704,0.11257715945577276,0.09879127822061488,0.03979315629544077,receding core,paper\analysis\results_2026-10-06\repairs\dt_shared_upper_inner_01.json
499.3551010989763,359.0428272019783,0.009719830766740484,0.11244991451800161,0.09968181389437797,0.03451431119521672,receding core,paper\analysis\results_2026-10-06\repairs\dt_shared_upper_inner_01.json
499.5551010989763,359.4907067281757,0.008693625020576056,0.11233043036987603,0.10053833756711097,0.029692125432689953,receding core,paper\analysis\results_2026-10-06\repairs\dt_shared_upper_inner_01.json
499.7551010989763,359.9314123684642,0.0077551894748347115,0.11221892653274984,0.10136189934033908,0.025311897387659953,receding core,paper\analysis\results_2026-10-06\repairs\dt_shared_upper_inner_01.json
500.60509495781747,,0.004963791273584802,0.11186182023171404,0.10432076225385892,0.012655948693829976,positive-target time refinement,paper\analysis\results_2026-10-06\repairs\dt_shared_upper_targets_01.json
501.25297747997166,,0.0035141280717996136,0.11166936028648951,0.10629558531714665,0.006327974346914988,positive-target time refinement,paper\analysis\results_2026-10-06\repairs\dt_shared_upper_targets_01.json
501.75357502604044,,0.002746989151942887,0.11156685510549749,0.10766115082266042,0.003163987173457494,positive-target time refinement,paper\analysis\results_2026-10-06\repairs\dt_shared_upper_targets_01.json
502.14355305539533,,0.0023314510019813157,0.11151264825065554,0.10863103410721547,0.001581993586728747,positive-target time refinement,paper\analysis\results_2026-10-06\repairs\dt_shared_upper_targets_01.json
502.4490989643653,,0.0020995025370374055,0.11148406384427344,0.10933483039180701,0.0007909967933643735,positive-target time refinement,paper\analysis\results_2026-10-06\repairs\dt_shared_upper_targets_01.json
502.68947203758427,,0.001965126511449512,0.11146897549936302,0.10985454191128188,0.00039549839668218676,positive-target time refinement,paper\analysis\results_2026-10-06\repairs\dt_shared_upper_targets_01.json
502.8791188433452,,0.0018838391251020216,0.11146097330890642,0.11024381624340016,0.00019774919834109338,positive-target time refinement,paper\analysis\results_2026-10-06\repairs\dt_shared_upper_targets_01.json
503.02904285152215,,0.0018323257694637682,0.11145669266552208,0.1105387744013751,9.887459917054669e-05,positive-target time refinement,paper\analysis\results_2026-10-06\repairs\dt_shared_upper_targets_01.json
503.1477253453005,,0.0017981445664942556,0.11145437336040186,0.11076436064317578,4.9437299585273345e-05,positive-target time refinement,paper\analysis\results_2026-10-06\repairs\dt_shared_upper_targets_01.json
503.2417623617244,,0.0017744952031685116,0.11145309475341779,0.11093818953236817,2.4718649792636672e-05,positive-target time refinement,paper\analysis\results_2026-10-06\repairs\dt_shared_upper_targets_01.json
503.31631717904366,,0.0017575452910903668,0.11145237405829417,0.11107294449132019,1.2359324896318336e-05,positive-target time refinement,paper\analysis\results_2026-10-06\repairs\dt_shared_upper_targets_01.json
503.3754500214063,,0.0017450530529922153,0.11145195671358536,0.11117791323754721,6.179662448159168e-06,positive-target time refinement,paper\analysis\results_2026-10-06\repairs\dt_shared_upper_targets_01.json
503.4223637142507,,0.0017356502188435761,0.11145170735687215,0.11125999527818312,3.089831224079584e-06,positive-target time refinement,paper\analysis\results_2026-10-06\repairs\dt_shared_upper_targets_01.json
503.4595900656704,,0.0017284632651879271,0.11145155316360629,0.11132437849239403,1.544915612039792e-06,positive-target time refinement,paper\analysis\results_2026-10-06\repairs\dt_shared_upper_targets_01.json
503.48913324908676,,0.0017229094987110045,0.1114514543531685,0.11137500343985626,7.72457806019896e-07,positive-target time refinement,paper\analysis\results_2026-10-06\repairs\dt_shared_upper_targets_01.json
503.5125812206122,,0.0017185845113432893,0.11145138877752732,0.11141488844215817,3.86228903009948e-07,positive-target time refinement,paper\analysis\results_2026-10-06\repairs\dt_shared_upper_targets_01.json
503.53119290956215,,0.0017151981047731088,0.11145134381927123,0.11144636139198193,1.93114451504974e-07,positive-target time refinement,paper\analysis\results_2026-10-06\repairs\dt_shared_upper_targets_01.json
503.54596677915777,,0.0017125364374055503,0.1114513120960471,0.11147122780171449,9.6557225752487e-08,positive-target time refinement,paper\analysis\results_2026-10-06\repairs\dt_shared_upper_targets_01.json
503.557694911042,,0.0017104387206170947,0.11145128915781424,0.11149089442458636,4.82786128762435e-08,positive-target time refinement,paper\analysis\results_2026-10-06\repairs\dt_shared_upper_targets_01.json
503.56700576160074,,0.0017087822427319333,0.11145127223520813,0.1115064613661043,2.413930643812175e-08,positive-target time refinement,paper\analysis\results_2026-10-06\repairs\dt_shared_upper_targets_01.json
503.57439800991006,,0.0017074723372241074,0.11145125954770772,0.11151879147868832,1.2069653219060875e-08,positive-target time refinement,paper\analysis\results_2026-10-06\repairs\dt_shared_upper_targets_01.json
503.5802673785427,,0.0017064354072584794,0.1114512499135669,0.1115285631365476,6.034826609530438e-09,positive-target time refinement,paper\analysis\results_2026-10-06\repairs\dt_shared_upper_targets_01.json
503.5849278994834,,0.0017056139200128018,0.11145124252481368,0.11153631069084428,3.017413304765219e-09,positive-target time refinement,paper\analysis\results_2026-10-06\repairs\dt_shared_upper_targets_01.json
503.58862878313016,,0.0017049627224291672,0.11145123681411404,0.11154245568751461,1.5087066523826094e-09,positive-target time refinement,paper\analysis\results_2026-10-06\repairs\dt_shared_upper_targets_01.json
503.5915678036865,,0.0017044462760324294,0.11145123237379148,0.11154733108969817,7.543533261913047e-10,positive-target time refinement,paper\analysis\results_2026-10-06\repairs\dt_shared_upper_targets_01.json
503.5939019223543,,0.0017040365509021344,0.11145122890512758,0.11155120015675599,3.7717666309565235e-10,positive-target time refinement,paper\analysis\results_2026-10-06\repairs\dt_shared_upper_targets_01.json
503.59575571870823,,0.001703711404341684,0.11145122618568355,0.11155427121128807,1.8858833154782618e-10,positive-target time refinement,paper\analysis\results_2026-10-06\repairs\dt_shared_upper_targets_01.json
503.59722808162064,,0.001703453323019539,0.11145122404763035,0.11155670922162039,9.429416577391309e-11,positive-target time refinement,paper\analysis\results_2026-10-06\repairs\dt_shared_upper_targets_01.json
503.59839751756164,,0.0017032484417514036,0.11145122236299176,0.11155864490527563,4.7147082886956544e-11,positive-target time refinement,paper\analysis\results_2026-10-06\repairs\dt_shared_upper_targets_01.json
503.59932636062194,,0.0017030857751103598,0.11145122103334822,0.11156018189518226,2.3573541443478272e-11,positive-target time refinement,paper\analysis\results_2026-10-06\repairs\dt_shared_upper_targets_01.json
503.600064110707,,0.001702956613985967,0.11145121998249576,0.11156140238807145,1.1786770721739136e-11,positive-target time refinement,paper\analysis\results_2026-10-06\repairs\dt_shared_upper_targets_01.json
503.60065008035593,,0.001702854050618761,0.11145121915111404,0.11156237160175203,5.893385360869568e-12,positive-target time refinement,paper\analysis\results_2026-10-06\repairs\dt_shared_upper_targets_01.json
503.6011154937811,,0.0017027726040494979,0.111451218492829,0.11156314129650567,2.946692680434784e-12,positive-target time refinement,paper\analysis\results_2026-10-06\repairs\dt_shared_upper_targets_01.json
503.6014851520924,,0.0017027079242714666,0.11145121797126605,0.11156375256023747,1.473346340217392e-12,positive-target time refinement,paper\analysis\results_2026-10-06\repairs\dt_shared_upper_targets_01.json
503.6017787549169,,0.0017026565582227544,0.1114512175578191,0.11156423801358856,7.36673170108696e-13,positive-target time refinement,paper\analysis\results_2026-10-06\repairs\dt_shared_upper_targets_01.json
503.6029122235343,366.8119166340257,0.0017024583372756141,0.11145121597161105,0.11156611141709218,0.0,conservative dry endpoint,paper\analysis\results_2026-10-06\repairs\dt_shared_upper_projection_01.json
508.6029122235343,369.6615725655981,0.0013718651433954298,0.1115191808119053,0.11463317942265702,0.0,positive liquid,paper\analysis\results_2026-10-06\repairs\dt_shared_upper_dry_01.json
513.6029122235343,370.85342926736774,0.0012503741048791367,0.11162371128510334,0.11555415378618933,0.0,positive liquid,paper\analysis\results_2026-10-06\repairs\dt_shared_upper_dry_01.json
518.6029122235343,371.3532664863779,0.0012015144632424356,0.11174172975572223,0.11558248597144485,0.0,positive liquid,paper\analysis\results_2026-10-06\repairs\dt_shared_upper_dry_01.json
523.6029122235343,371.5646306599826,0.0011807386371853763,0.11186496851840949,0.11523700964592173,0.0,positive liquid,paper\analysis\results_2026-10-06\repairs\dt_shared_upper_dry_01.json
528.6029122235343,371.6616779890653,0.0011705818012579738,0.11201325740902988,0.11471764109785433,0.0,positive liquid,paper\analysis\results_2026-10-06\repairs\dt_shared_upper_dry_01.json
533.6029122235343,371.7090381803201,0.0011649252516172052,0.11217920032369179,0.11411329742512795,0.0,positive liquid,paper\analysis\results_2026-10-06\repairs\dt_shared_upper_dry_01.json
538.6029122235343,371.7332771966791,0.0011613524068543912,0.11235317928507922,0.11346706068490191,0.0,positive liquid,paper\analysis\results_2026-10-06\repairs\dt_shared_upper_dry_01.json
543.6029122235343,371.7468876588086,0.0011587376459655878,0.11253069777264887,0.11279914969106698,0.0,positive liquid,paper\analysis\results_2026-10-06\repairs\dt_shared_upper_dry_01.json
548.6029122235343,371.75564517750604,0.0011565627168035584,0.11270967965514446,0.11211890918373038,0.0,positive liquid,paper\analysis\results_2026-10-06\repairs\dt_shared_upper_dry_01.json
553.6029122235343,371.762195154158,0.0011545906778242278,0.11288917425354901,0.11143061929098112,0.0,positive liquid,paper\analysis\results_2026-10-06\repairs\dt_shared_upper_dry_01.json
558.6029122235343,371.76774295331137,0.001152713644540307,0.11306874910565544,0.11073622961721032,0.0,positive liquid,paper\analysis\results_2026-10-06\repairs\dt_shared_upper_dry_01.json
563.6029122235343,371.7728361916016,0.0011508826016501013,0.1132482089651294,0.11003662465469397,0.0,positive liquid,paper\analysis\results_2026-10-06\repairs\dt_shared_upper_dry_01.json
568.6029122235343,371.7777232627395,0.001149075295931928,0.1134274667930432,0.10933220399856591,0.0,positive liquid,paper\analysis\results_2026-10-06\repairs\dt_shared_upper_dry_01.json
573.6029122235343,371.7825167432967,0.0011472816165291175,0.11360648480734027,0.10862314697662734,0.0,positive liquid,paper\analysis\results_2026-10-06\repairs\dt_shared_upper_dry_01.json
578.6029122235343,371.78726763712996,0.0011454969559407332,0.11378524761919119,0.10790953298115734,0.0,positive liquid,paper\analysis\results_2026-10-06\repairs\dt_shared_upper_dry_01.json
583.6029122235343,371.7919990508925,0.0011437191997796853,0.11396375001036098,0.10719139609442936,0.0,positive liquid,paper\analysis\results_2026-10-06\repairs\dt_shared_upper_dry_01.json
588.6029122235343,371.7967214546771,0.0011419473629928187,0.1141419913767567,0.10646874986446078,0.0,positive liquid,paper\analysis\results_2026-10-06\repairs\dt_shared_upper_dry_01.json
593.6029122235343,371.8014395947503,0.001140180972237865,0.11431997320352613,0.10574159853752804,0.0,positive liquid,paper\analysis\results_2026-10-06\repairs\dt_shared_upper_dry_01.json
598.6029122235343,371.80615562446087,0.0011384197862063167,0.11449769791796864,0.10500994214986825,0.0,positive liquid,paper\analysis\results_2026-10-06\repairs\dt_shared_upper_dry_01.json
603.6029122235343,371.81087052234705,0.0011366636689691928,0.11467516836849688,0.10427377883573577,0.0,positive liquid,paper\analysis\results_2026-10-06\repairs\dt_shared_upper_dry_01.json
608.6029122235343,371.81558473455,0.0011349125326083377,0.11485238758805032,0.10353310587367971,0.0,positive liquid,paper\analysis\results_2026-10-06\repairs\dt_shared_upper_dry_01.json
613.6029122235343,371.8202984658935,0.001133166311224027,0.11502935868677201,0.1027879201608177,0.0,positive liquid,paper\analysis\results_2026-10-06\repairs\dt_shared_upper_dry_01.json
618.6029122235343,371.82501181180305,0.0011314249491525177,0.11520608480343189,0.10203821842774581,0.0,positive liquid,paper\analysis\results_2026-10-06\repairs\dt_shared_upper_dry_01.json
623.6029122235343,371.82972481811476,0.0011296883956211493,0.1153825690835552,0.10128399733584158,0.0,positive liquid,paper\analysis\results_2026-10-06\repairs\dt_shared_upper_dry_01.json
628.6029122235343,371.83443750819345,0.001127956602320873,0.1155588146696951,0.10052525352119737,0.0,positive liquid,paper\analysis\results_2026-10-06\repairs\dt_shared_upper_dry_01.json
633.6029122235343,371.83914989523834,0.0011262295223010011,0.11573482469722633,0.09976198361435605,0.0,positive liquid,paper\analysis\results_2026-10-06\repairs\dt_shared_upper_dry_01.json
638.6029122235343,371.8438619878625,0.0011245071094635765,0.11591060229264855,0.09899418424905576,0.0,positive liquid,paper\analysis\results_2026-10-06\repairs\dt_shared_upper_dry_01.json
643.6029122235343,371.8485737926357,0.0011227893183294352,0.11608615057304084,0.09822185206596062,0.0,positive liquid,paper\analysis\results_2026-10-06\repairs\dt_shared_upper_dry_01.json
648.6029122235343,371.85328531522066,0.0011210761039289726,0.1162614726460175,0.09744498371418171,0.0,positive liquid,paper\analysis\results_2026-10-06\repairs\dt_shared_upper_dry_01.json
653.6029122235343,371.8579965609101,0.0011193674217471704,0.11643657160993458,0.09666357585172262,0.0,positive liquid,paper\analysis\results_2026-10-06\repairs\dt_shared_upper_dry_01.json
658.6029122235343,371.86270753486036,0.001117663227695513,0.11661145055419575,0.09587762514547844,0.0,positive liquid,paper\analysis\results_2026-10-06\repairs\dt_shared_upper_dry_01.json
663.6029122235343,371.8674182421994,0.0011159634780950243,0.11678611255960736,0.09508712827101931,0.0,positive liquid,paper\analysis\results_2026-10-06\repairs\dt_shared_upper_dry_01.json
668.6029122235343,371.87212868807853,0.0011142681296646738,0.1169605606987527,0.09429208191228279,0.0,positive liquid,paper\analysis\results_2026-10-06\repairs\dt_shared_upper_dry_01.json
673.6029122235343,371.8768388776947,0.0011125771395125506,0.117134798036377,0.09349248276121937,0.0,positive liquid,paper\analysis\results_2026-10-06\repairs\dt_shared_upper_dry_01.json
678.6029122235343,371.88154881628986,0.001110890465128839,0.11730882762977862,0.09268832751740169,0.0,positive liquid,paper\analysis\results_2026-10-06\repairs\dt_shared_upper_dry_01.json
683.6029122235343,371.88625850918,0.0011092080643767591,0.11748265252918873,0.09187961288768363,0.0,positive liquid,paper\analysis\results_2026-10-06\repairs\dt_shared_upper_dry_01.json
688.6029122235343,371.8909679617506,0.0011075298954860834,0.11765627577816115,0.09106633558580723,0.0,positive liquid,paper\analysis\results_2026-10-06\repairs\dt_shared_upper_dry_01.json
693.6029122235343,371.8956771794584,0.0011058559170464741,0.11782970041396082,0.09024849233201906,0.0,positive liquid,paper\analysis\results_2026-10-06\repairs\dt_shared_upper_dry_01.json
698.6029122235343,371.90038616782545,0.001104186088001686,0.11800292946795295,0.0894260798526714,0.0,positive liquid,paper\analysis\results_2026-10-06\repairs\dt_shared_upper_dry_01.json
703.6029122235343,371.90509493244707,0.0011025203676423743,0.11817596596598638,0.08859909487985546,0.0,positive liquid,paper\analysis\results_2026-10-06\repairs\dt_shared_upper_dry_01.json
708.6029122235343,371.9098034789907,0.0011008587155997775,0.11834881292877956,0.08776753415101475,0.0,positive liquid,paper\analysis\results_2026-10-06\repairs\dt_shared_upper_dry_01.json
713.6029122235343,371.9145118131962,0.0010992010918397805,0.11852147337230687,0.08693139440855607,0.0,positive liquid,paper\analysis\results_2026-10-06\repairs\dt_shared_upper_dry_01.json
718.6029122235343,371.9192199408818,0.0010975474566561534,0.1186939503081804,0.0860906723994856,0.0,positive liquid,paper\analysis\results_2026-10-06\repairs\dt_shared_upper_dry_01.json
723.6029122235343,371.92392786793954,0.001095897770664756,0.11886624674403662,0.08524536487501094,0.0,positive liquid,paper\analysis\results_2026-10-06\repairs\dt_shared_upper_dry_01.json
728.6029122235343,371.92863560037534,0.0010942519947942306,0.11903836568390551,0.08439546859022513,0.0,positive liquid,paper\analysis\results_2026-10-06\repairs\dt_shared_upper_dry_01.json
733.6029122235343,371.9333431494897,0.0010926100898097017,0.11921031012649946,0.08354098031232796,0.0,positive liquid,paper\analysis\results_2026-10-06\repairs\dt_shared_upper_dry_01.json
738.6029122235343,371.93805052042376,0.0010909720173416038,0.11938208307030593,0.08268189680118389,0.0,positive liquid,paper\analysis\results_2026-10-06\repairs\dt_shared_upper_dry_01.json
743.6029122235343,371.9427577180043,0.0010893377393536045,0.11955368751154674,0.08181821481863373,0.0,positive liquid,paper\analysis\results_2026-10-06\repairs\dt_shared_upper_dry_01.json
748.6029122235343,371.9474647476331,0.0010877072180580046,0.11972512644419578,0.08094993112962814,0.0,positive liquid,paper\analysis\results_2026-10-06\repairs\dt_shared_upper_dry_01.json
753.6029122235343,371.95217161520696,0.0010860804159175106,0.11989640286039632,0.08007704250172011,0.0,positive liquid,paper\analysis\results_2026-10-06\repairs\dt_shared_upper_dry_01.json
758.6029122235343,371.95687832694784,0.0010844572956541284,0.12006751975091506,0.07919954570439644,0.0,positive liquid,paper\analysis\results_2026-10-06\repairs\dt_shared_upper_dry_01.json
763.6029122235343,371.9615848892903,0.0010828378202544038,0.12023848010557878,0.07831743750850124,0.0,positive liquid,paper\analysis\results_2026-10-06\repairs\dt_shared_upper_dry_01.json
768.6029122235343,371.96629130881996,0.0010812219529691227,0.12040928691368637,0.0774307146857463,0.0,positive liquid,paper\analysis\results_2026-10-06\repairs\dt_shared_upper_dry_01.json
773.6029122235343,371.97099759224204,0.0010796096573107566,0.12057994316441191,0.07653937400827275,0.0,positive liquid,paper\analysis\results_2026-10-06\repairs\dt_shared_upper_dry_01.json
778.6029122235343,371.97570374637,0.001078000897049453,0.12075045184720139,0.07564341224823802,0.0,positive liquid,paper\analysis\results_2026-10-06\repairs\dt_shared_upper_dry_01.json
783.6029122235343,371.9804097781185,0.0010763956362082278,0.1209208159521675,0.07474282617741687,0.0,positive liquid,paper\analysis\results_2026-10-06\repairs\dt_shared_upper_dry_01.json
788.6029122235343,371.9851156945015,0.0010747938390580991,0.12109103847048457,0.07383761256680264,0.0,positive liquid,paper\analysis\results_2026-10-06\repairs\dt_shared_upper_dry_01.json
793.6029122235343,371.9898215026345,0.001073195470112693,0.1212611223947833,0.07292776818622058,0.0,positive liquid,paper\analysis\results_2026-10-06\repairs\dt_shared_upper_dry_01.json
798.6029122235343,371.99452720973335,0.001071600494123449,0.12143107071954873,0.07201328980392524,0.0,positive liquid,paper\analysis\results_2026-10-06\repairs\dt_shared_upper_dry_01.json
803.6029122235343,371.9992328231168,0.0010700088760743974,0.12160088644151963,0.07109417418620874,0.0,positive liquid,paper\analysis\results_2026-10-06\repairs\dt_shared_upper_dry_01.json
808.6029122235343,372.00393835020805,0.0010684205811770935,0.12177057256008864,0.0701704180970049,0.0,positive liquid,paper\analysis\results_2026-10-06\repairs\dt_shared_upper_dry_01.json
813.6029122235343,372.0086437985368,0.0010668355748652456,0.12194013207770438,0.06924201829748995,0.0,positive liquid,paper\analysis\results_2026-10-06\repairs\dt_shared_upper_dry_01.json
818.6029122235343,372.0133491757414,0.0010652538227902478,0.12210956800027929,0.06830897154567779,0.0,positive liquid,paper\analysis\results_2026-10-06\repairs\dt_shared_upper_dry_01.json
823.6029122235343,372.01805448956685,0.001063675290816078,0.12227888333759433,0.06737127459603001,0.0,positive liquid,paper\analysis\results_2026-10-06\repairs\dt_shared_upper_dry_01.json
828.6029122235343,372.022759747883,0.0010620999450130892,0.1224480811037155,0.06642892419900813,0.0,positive liquid,paper\analysis\results_2026-10-06\repairs\dt_shared_upper_dry_01.json
833.6029122235343,372.02746495866023,0.0010605277516556291,0.1226171643174013,0.06548191710072018,0.0,positive liquid,paper\analysis\results_2026-10-06\repairs\dt_shared_upper_dry_01.json
838.6029122235343,372.03217012999033,0.0010589586772152876,0.12278613600252211,0.06453025004247175,0.0,positive liquid,paper\analysis\results_2026-10-06\repairs\dt_shared_upper_dry_01.json
843.6029122235343,372.03687527008515,0.0010573926883564481,0.12295499918847934,0.0635739197603622,0.0,positive liquid,paper\analysis\results_2026-10-06\repairs\dt_shared_upper_dry_01.json
848.6029122235343,372.0415803872781,0.0010558297519316438,0.12312375691062866,0.06261292298486705,0.0,positive liquid,paper\analysis\results_2026-10-06\repairs\dt_shared_upper_dry_01.json
853.6029122235343,372.046285490026,0.0010542698349767766,0.12329241221070675,0.06164725644041113,0.0,positive liquid,paper\analysis\results_2026-10-06\repairs\dt_shared_upper_dry_01.json
858.6029122235343,372.0509905869117,0.0010527129047063686,0.12346096813726155,0.0606769168449446,0.0,positive liquid,paper\analysis\results_2026-10-06\repairs\dt_shared_upper_dry_01.json
863.6029122235343,372.0556956866453,0.0010511589285089207,0.1236294277460863,0.059701900909511454,0.0,positive liquid,paper\analysis\results_2026-10-06\repairs\dt_shared_upper_dry_01.json
868.6029122235343,372.06040079807036,0.001049607873942064,0.12379779410065735,0.05872220533782449,0.0,positive liquid,paper\analysis\results_2026-10-06\repairs\dt_shared_upper_dry_01.json
873.6029122235343,372.0651059301617,0.001048059708728138,0.12396607027257683,0.057737826825815304,0.0,positive liquid,paper\analysis\results_2026-10-06\repairs\dt_shared_upper_dry_01.json
878.6029122235343,372.0698110920322,0.0010465144007492416,0.1241342593420183,0.056748762061205035,0.0,positive liquid,paper\analysis\results_2026-10-06\repairs\dt_shared_upper_dry_01.json
883.6029122235343,372.07451629293234,0.001044971918043097,0.12430236439818022,0.055755007723047215,0.0,positive liquid,paper\analysis\results_2026-10-06\repairs\dt_shared_upper_dry_01.json
888.6029122235343,372.0792215422554,0.0010434322287978157,0.12447038853973832,0.054756560481286326,0.0,positive liquid,paper\analysis\results_2026-10-06\repairs\dt_shared_upper_dry_01.json
893.6029122235343,372.0839268495403,0.001041895301347787,0.12463833487532118,0.053753416996285615,0.0,positive liquid,paper\analysis\results_2026-10-06\repairs\dt_shared_upper_dry_01.json
898.6029122235343,372.0886322244653,0.00104036110416971,0.1248062065239308,0.0527455739184003,0.0,positive liquid,paper\analysis\results_2026-10-06\repairs\dt_shared_upper_dry_01.json
903.6029122235343,372.0933376768702,0.0010388296058763443,0.12497400661547739,0.05173302788747438,0.0,positive liquid,paper\analysis\results_2026-10-06\repairs\dt_shared_upper_dry_01.json
908.6029122235343,372.09804321674335,0.0010373007752133986,0.12514173829121564,0.050715775532386514,0.0,positive liquid,paper\analysis\results_2026-10-06\repairs\dt_shared_upper_dry_01.json
913.6029122235343,372.1027488542287,0.0010357745810547726,0.12530940470423751,0.049693813470569344,0.0,positive liquid,paper\analysis\results_2026-10-06\repairs\dt_shared_upper_dry_01.json
918.6029122235343,372.107454599631,0.0010342509923976847,0.12547700901995948,0.04866713830753063,0.0,positive liquid,paper\analysis\results_2026-10-06\repairs\dt_shared_upper_dry_01.json
923.6029122235343,372.11216046341747,0.0010327299783585073,0.12564455441661823,0.047635746636360436,0.0,positive liquid,paper\analysis\results_2026-10-06\repairs\dt_shared_upper_dry_01.json
928.6029122235343,372.1168664562227,0.001031211508168047,0.1258120440857708,0.04659963503723975,0.0,positive liquid,paper\analysis\results_2026-10-06\repairs\dt_shared_upper_dry_01.json
933.6029122235343,372.1215725888493,0.0010296955511673077,0.12597948123280378,0.04555880007693096,0.0,positive liquid,paper\analysis\results_2026-10-06\repairs\dt_shared_upper_dry_01.json
938.6029122235343,372.1262788722745,0.0010281820768027936,0.1261468690774459,0.044513238308280814,0.0,positive liquid,paper\analysis\results_2026-10-06\repairs\dt_shared_upper_dry_01.json
943.6029122235343,372.13098531765155,0.0010266710546221202,0.126314210854291,0.04346294626969529,0.0,positive liquid,paper\analysis\results_2026-10-06\repairs\dt_shared_upper_dry_01.json
948.6029122235343,372.1356919363153,0.0010251624542692867,0.12648150981332534,0.042407920484624134,0.0,positive liquid,paper\analysis\results_2026-10-06\repairs\dt_shared_upper_dry_01.json
953.6029122235343,372.14039873978396,0.0010236562454807646,0.12664876922046622,0.04134815746102417,0.0,positive liquid,paper\analysis\results_2026-10-06\repairs\dt_shared_upper_dry_01.json
958.6029122235343,372.1451057397643,0.0010221523980804624,0.12681599235810467,0.04028365369082632,0.0,positive liquid,paper\analysis\results_2026-10-06\repairs\dt_shared_upper_dry_01.json
963.6029122235343,372.149812948155,0.0010206508819754127,0.1269831825256581,0.03921440564938807,0.0,positive liquid,paper\analysis\results_2026-10-06\repairs\dt_shared_upper_dry_01.json
968.6029122235343,372.15452037705256,0.001019151667151228,0.127150343040131,0.038140409794943,0.0,positive liquid,paper\analysis\results_2026-10-06\repairs\dt_shared_upper_dry_01.json
973.6029122235343,372.1592280387508,0.0010176547236679617,0.12731747723668546,0.03706166256802961,0.0,positive liquid,paper\analysis\results_2026-10-06\repairs\dt_shared_upper_dry_01.json
978.6029122235343,372.16393594575135,0.001016160021654943,0.12748458846921723,0.035978160390932025,0.0,positive liquid,paper\analysis\results_2026-10-06\repairs\dt_shared_upper_dry_01.json
983.6029122235343,372.16864411076335,0.0010146675313067182,0.12765168011094505,0.03488989966709113,0.0,positive liquid,paper\analysis\results_2026-10-06\repairs\dt_shared_upper_dry_01.json
988.6029122235343,372.1733525467107,0.0010131772228782578,0.12781875555500685,0.03379687678051902,0.0,positive liquid,paper\analysis\results_2026-10-06\repairs\dt_shared_upper_dry_01.json
993.6029122235343,372.17806126673565,0.0010116890666806019,0.12798581821506666,0.032699088095199384,0.0,positive liquid,paper\analysis\results_2026-10-06\repairs\dt_shared_upper_dry_01.json
998.6029122235343,372.18277028420266,0.001010203033076101,0.12815287152593188,0.031596529954477245,0.0,positive liquid,paper\analysis\results_2026-10-06\repairs\dt_shared_upper_dry_01.json
1003.6029122235343,372.18747961270435,0.0010087190924739618,0.1283199189441805,0.030489198680439346,0.0,positive liquid,paper\analysis\results_2026-10-06\repairs\dt_shared_upper_dry_01.json
1008.6029122235343,372.1921892660671,0.0010072372153254305,0.1284869639487989,0.029377090573286233,0.0,positive liquid,paper\analysis\results_2026-10-06\repairs\dt_shared_upper_dry_01.json
1013.6029122235343,372.196899258355,0.0010057573721192867,0.1286540100418318,0.02826020191069027,0.0,positive liquid,paper\analysis\results_2026-10-06\repairs\dt_shared_upper_dry_01.json
1018.6029122235343,372.201609603877,0.0010042795333771197,0.1288210607490427,0.027138528947144993,0.0,positive liquid,paper\analysis\results_2026-10-06\repairs\dt_shared_upper_dry_01.json
1023.6029122235343,372.2063203171882,0.0010028036696487245,0.12898811962058715,0.0260120679132949,0.0,positive liquid,paper\analysis\results_2026-10-06\repairs\dt_shared_upper_dry_01.json
1028.6029122235343,372.2110314131018,0.0010013297515070877,0.12915519023169617,0.024880815015270407,0.0,positive liquid,paper\analysis\results_2026-10-06\repairs\dt_shared_upper_dry_01.json
1033.6029122235343,372.2157429066876,0.0009998577495439435,0.12932227618337552,0.023744766433988825,0.0,positive liquid,paper\analysis\results_2026-10-06\repairs\dt_shared_upper_dry_01.json
1038.6029122235343,372.22045481328473,0.000998387634364784,0.12948938110311511,0.022603918324462048,0.0,positive liquid,paper\analysis\results_2026-10-06\repairs\dt_shared_upper_dry_01.json
1043.6029122235343,372.22516714850263,0.0009969193765840521,0.12965650864561332,0.021458266815076073,0.0,positive liquid,paper\analysis\results_2026-10-06\repairs\dt_shared_upper_dry_01.json
1048.6029122235343,372.22987992823045,0.0009954529468202454,0.1298236624935147,0.02030780800686739,0.0,positive liquid,paper\analysis\results_2026-10-06\repairs\dt_shared_upper_dry_01.json
1053.6029122235343,372.2345931686412,0.0009939883156910175,0.1299908463581618,0.01915253797277835,0.0,positive liquid,paper\analysis\results_2026-10-06\repairs\dt_shared_upper_dry_01.json
1058.6029122235343,372.2393068861998,0.0009925254538082264,0.13015806398036212,0.017992452756903164,0.0,positive liquid,paper\analysis\results_2026-10-06\repairs\dt_shared_upper_dry_01.json
1063.6029122235343,372.2440210976694,0.0009910643317728451,0.13032531913117007,0.016827548373715175,0.0,positive liquid,paper\analysis\results_2026-10-06\repairs\dt_shared_upper_dry_01.json
1068.6029122235343,372.2487358201184,0.0009896049201699674,0.1304926156126844,0.015657820807281043,0.0,positive liquid,paper\analysis\results_2026-10-06\repairs\dt_shared_upper_dry_01.json
1073.6029122235343,372.25345107092755,0.0009881471895636263,0.1306599572588614,0.014483266010460889,0.0,positive liquid,paper\analysis\results_2026-10-06\repairs\dt_shared_upper_dry_01.json
1078.6029122235343,372.2581668677977,0.000986691110491521,0.13082734793634548,0.013303879904086031,0.0,positive liquid,paper\analysis\results_2026-10-06\repairs\dt_shared_upper_dry_01.json
1083.6029122235343,372.26288322875575,0.0009852366534602041,0.13099479154531843,0.012119658376122043,0.0,positive liquid,paper\analysis\results_2026-10-06\repairs\dt_shared_upper_dry_01.json
1088.6029122235343,372.26760017216503,0.000983783788939165,0.1311622920203608,0.01093059728082457,0.0,positive liquid,paper\analysis\results_2026-10-06\repairs\dt_shared_upper_dry_01.json
1093.6029122235343,372.27231771673104,0.000982332487356036,0.1313298533313396,0.009736692437857257,0.0,positive liquid,paper\analysis\results_2026-10-06\repairs\dt_shared_upper_dry_01.json
1098.6029122235343,372.2770358815105,0.000980882719090725,0.13149747948430773,0.008537939631408826,0.0,positive liquid,paper\analysis\results_2026-10-06\repairs\dt_shared_upper_dry_01.json
1100.0,372.2783546895468,0.0009804779049648045,0.13154432347965428,0.008202606027866361,0.0,positive liquid,paper\analysis\results_2026-10-06\repairs\dt_shared_upper_dry_01.json
1105.0,372.28307347346686,0.0009790300727384978,0.1317120386145455,0.006997644066111584,0.0,positive liquid,paper\analysis\results_2026-10-06\repairs\dt_shared_upper_dry_02.json
1110.0,372.28779304032395,0.0009775836958389854,0.13187982779640972,0.005787824613975539,0.0,positive liquid,paper\analysis\results_2026-10-06\repairs\dt_shared_upper_dry_02.json
1115.0,372.2925133402208,0.0009761387505637258,0.13204769519609766,0.004573143201645653,0.0,positive liquid,paper\analysis\results_2026-10-06\repairs\dt_shared_upper_dry_02.json
1120.0,372.2972343664113,0.000974695209411878,0.1322156450006948,0.0033535953999379114,0.0,positive liquid,paper\analysis\results_2026-10-06\repairs\dt_shared_upper_dry_02.json
1125.0,372.3019561286121,0.0009732530434063275,0.13238368142951068,0.0021291767690926845,0.0,positive liquid,paper\analysis\results_2026-10-06\repairs\dt_shared_upper_dry_02.json
1130.0,372.3066786433765,0.0009718122229270427,0.13255180874053515,0.0008998828397990768,0.0,positive liquid,paper\analysis\results_2026-10-06\repairs\dt_shared_upper_dry_02.json
1132.5,372.30904055017766,0.0009710923426988277,0.13263589728350778,0.00028401312338936877,0.0,positive liquid,paper\analysis\results_2026-10-06\repairs\dt_shared_upper_dry_03.json
1133.6518399288982,372.3101289062164,0.0009707607882424121,0.13267464532551604,0.0,0.0,depletion event,paper\analysis\results_2026-10-06\repairs\dt_shared_upper_depletion_01.json
1143.6518399288982,373.3911020323254,0.0008745694636292989,0.1328180948242163,0.0,0.0,absent,paper\analysis\results_2026-10-06\repairs\dt_shared_upper_absent_01.json
1153.6518399288982,374.16334655541317,0.0008082843780837708,0.13296914141629904,0.0,0.0,absent,paper\analysis\results_2026-10-06\repairs\dt_shared_upper_absent_01.json
1163.6518399288982,374.719278171507,0.0007616371414211975,0.1331256667746824,0.0,0.0,absent,paper\analysis\results_2026-10-06\repairs\dt_shared_upper_absent_01.json
1173.6518399288982,375.1228732046165,0.0007281866378608257,0.13328608056057184,0.0,0.0,absent,paper\analysis\results_2026-10-06\repairs\dt_shared_upper_absent_01.json
1183.6518399288982,375.4190398829623,0.0007037329665984426,0.1334491916334208,0.0,0.0,absent,paper\analysis\results_2026-10-06\repairs\dt_shared_upper_absent_01.json
1193.6518399288982,375.6481505417718,0.000684695284274534,0.13363055193440296,0.0,0.0,absent,paper\analysis\results_2026-10-06\repairs\dt_shared_upper_absent_01.json
1203.6518399288982,375.8323664636411,0.0006691747016989581,0.1338341849102344,0.0,0.0,absent,paper\analysis\results_2026-10-06\repairs\dt_shared_upper_absent_01.json
1213.6518399288982,375.9822361494329,0.0006563077615807754,0.1340546994656418,0.0,0.0,absent,paper\analysis\results_2026-10-06\repairs\dt_shared_upper_absent_01.json
1223.6518399288982,376.1058705784837,0.0006454466475413188,0.1342880241633829,0.0,0.0,absent,paper\analysis\results_2026-10-06\repairs\dt_shared_upper_absent_01.json
1233.6518399288982,376.20948401030944,0.0006361044471694817,0.13453107782781357,0.0,0.0,absent,paper\analysis\results_2026-10-06\repairs\dt_shared_upper_absent_01.json
1243.6518399288982,376.29782760015144,0.000627914448672382,0.1347815238730293,0.0,0.0,absent,paper\analysis\results_2026-10-06\repairs\dt_shared_upper_absent_01.json
1253.6518399288982,376.37452909175084,0.000620599964749709,0.13503758747379133,0.0,0.0,absent,paper\analysis\results_2026-10-06\repairs\dt_shared_upper_absent_01.json
1263.6518399288982,376.4423561632891,0.0006139519011862264,0.13529791900087823,0.0,0.0,absent,paper\analysis\results_2026-10-06\repairs\dt_shared_upper_absent_01.json
1273.6518399288982,376.5034193362633,0.0006078120247467651,0.13556149156198513,0.0,0.0,absent,paper\analysis\results_2026-10-06\repairs\dt_shared_upper_absent_01.json
1283.6518399288982,376.5593278033593,0.0006020604297554878,0.13582752374075716,0.0,0.0,absent,paper\analysis\results_2026-10-06\repairs\dt_shared_upper_absent_01.json
1293.6518399288982,376.61130847343367,0.0005966061549102522,0.1360954213431884,0.0,0.0,absent,paper\analysis\results_2026-10-06\repairs\dt_shared_upper_absent_01.json
1303.6518399288982,376.66029674352393,0.0005913801429182523,0.1363647333390697,0.0,0.0,absent,paper\analysis\results_2026-10-06\repairs\dt_shared_upper_absent_01.json
1313.6518399288982,376.7070060971598,0.0005863298977347807,0.1366351181179445,0.0,0.0,absent,paper\analysis\results_2026-10-06\repairs\dt_shared_upper_absent_01.json
1323.6518399288982,376.7519810003585,0.0005814154682747984,0.1369063179176681,0.0,0.0,absent,paper\analysis\results_2026-10-06\repairs\dt_shared_upper_absent_01.json
1333.6518399288982,376.79563716628525,0.0005766064154819496,0.1371781393406406,0.0,0.0,absent,paper\analysis\results_2026-10-06\repairs\dt_shared_upper_absent_01.json
1343.6518399288982,376.8382922067227,0.0005718795186069815,0.13745043848370023,0.0,0.0,absent,paper\analysis\results_2026-10-06\repairs\dt_shared_upper_absent_01.json
1353.6518399288982,376.88018896571606,0.0005672170386244316,0.13772310957588252,0.0,0.0,absent,paper\analysis\results_2026-10-06\repairs\dt_shared_upper_absent_01.json
1363.6518399288982,376.9215132843822,0.0005626054022234098,0.13799607628856528,0.0,0.0,absent,paper\analysis\results_2026-10-06\repairs\dt_shared_upper_absent_01.json
1373.6518399288982,376.96240752888883,0.0005580342036592428,0.13826928508490666,0.0,0.0,absent,paper\analysis\results_2026-10-06\repairs\dt_shared_upper_absent_01.json
1383.6518399288982,377.00298089532,0.0005534954470793131,0.13854270012749062,0.0,0.0,absent,paper\analysis\results_2026-10-06\repairs\dt_shared_upper_absent_01.json
1393.6518399288982,377.0433172624725,0.0005489829709385986,0.13881629937806486,0.0,0.0,absent,paper\analysis\results_2026-10-06\repairs\dt_shared_upper_absent_01.json
1403.6518399288982,377.08348117886663,0.0005444920104061606,0.13909007161046213,0.0,0.0,absent,paper\analysis\results_2026-10-06\repairs\dt_shared_upper_absent_01.json
1413.6518399288982,377.12352242971326,0.0005400188644222941,0.13936401412370455,0.0,0.0,absent,paper\analysis\results_2026-10-06\repairs\dt_shared_upper_absent_01.json
1423.6518399288982,377.16347952273054,0.0005355606421759134,0.1396381309929458,0.0,0.0,absent,paper\analysis\results_2026-10-06\repairs\dt_shared_upper_absent_01.json
1433.6518399288982,377.20338235052185,0.0005311150698940763,0.13991243173370496,0.0,0.0,absent,paper\analysis\results_2026-10-06\repairs\dt_shared_upper_absent_01.json
1443.6518399288982,377.24325422553403,0.0005266803434610627,0.1401869302845848,0.0,0.0,absent,paper\analysis\results_2026-10-06\repairs\dt_shared_upper_absent_01.json
1453.6518399288982,377.2831134367531,0.0005222550158822514,0.1404616442354918,0.0,0.0,absent,paper\analysis\results_2026-10-06\repairs\dt_shared_upper_absent_01.json
1463.6518399288982,377.32297444166636,0.0005178379112545256,0.140736594245768,0.0,0.0,absent,paper\analysis\results_2026-10-06\repairs\dt_shared_upper_absent_01.json
1473.6518399288982,377.362848779964,0.0005134280589106362,0.14101180360952018,0.0,0.0,absent,paper\analysis\results_2026-10-06\repairs\dt_shared_upper_absent_01.json
1483.6518399288982,377.4027457748623,0.0005090246429230646,0.1412872979353134,0.0,0.0,absent,paper\analysis\results_2026-10-06\repairs\dt_shared_upper_absent_01.json
1493.6518399288982,377.4426730722781,0.0005046269633058474,0.14156310491545326,0.0,0.0,absent,paper\analysis\results_2026-10-06\repairs\dt_shared_upper_absent_01.json
1503.6518399288982,377.4826370561836,0.0005002344061267872,0.14183925416552856,0.0,0.0,absent,paper\analysis\results_2026-10-06\repairs\dt_shared_upper_absent_01.json
1513.6518399288982,377.52264316939363,0.0004958464204060308,0.14211577711952864,0.0,0.0,absent,paper\analysis\results_2026-10-06\repairs\dt_shared_upper_absent_01.json
1523.6518399288982,377.5626961621481,0.0004914625001813511,0.14239270696968911,0.0,0.0,absent,paper\analysis\results_2026-10-06\repairs\dt_shared_upper_absent_01.json
1533.6518399288982,377.6028002855829,0.000487082170503501,0.1426700786423041,0.0,0.0,absent,paper\analysis\results_2026-10-06\repairs\dt_shared_upper_absent_01.json
1543.6518399288982,377.64295944318775,0.0004827049764163638,0.14294792880332446,0.0,0.0,absent,paper\analysis\results_2026-10-06\repairs\dt_shared_upper_absent_01.json
1553.6518399288982,377.6831773102828,0.0004783304741977405,0.1432262958889788,0.0,0.0,absent,paper\analysis\results_2026-10-06\repairs\dt_shared_upper_absent_01.json
1563.6518399288982,377.7234574292369,0.00047395822430591674,0.1435052201579806,0.0,0.0,absent,paper\analysis\results_2026-10-06\repairs\dt_shared_upper_absent_01.json
1573.6518399288982,377.76380328635025,0.0004695877856038022,0.14378474376278896,0.0,0.0,absent,paper\analysis\results_2026-10-06\repairs\dt_shared_upper_absent_01.json
1583.6518399288982,377.8042183750022,0.0004652187105315463,0.14406491083831527,0.0,0.0,absent,paper\analysis\results_2026-10-06\repairs\dt_shared_upper_absent_01.json
1593.6518399288982,377.8447062486104,0.00046085054097074184,0.14434576760705975,0.0,0.0,absent,paper\analysis\results_2026-10-06\repairs\dt_shared_upper_absent_01.json
1603.6518399288982,377.8852705661789,0.00045648280460025645,0.1446273625001623,0.0,0.0,absent,paper\analysis\results_2026-10-06\repairs\dt_shared_upper_absent_01.json
1613.6518399288982,377.925915132619,0.00045211501158562076,0.1449097462943516,0.0,0.0,absent,paper\analysis\results_2026-10-06\repairs\dt_shared_upper_absent_01.json
1623.6518399288982,377.966643935576,0.00044774665147573453,0.14519297226509384,0.0,0.0,absent,paper\analysis\results_2026-10-06\repairs\dt_shared_upper_absent_01.json
1633.6518399288982,378.00746118016286,0.00044337719020379966,0.14547709635672124,0.0,0.0,absent,paper\analysis\results_2026-10-06\repairs\dt_shared_upper_absent_01.json
1643.6518399288982,378.0483713227551,0.0004390060671072316,0.14576217737042954,0.0,0.0,absent,paper\analysis\results_2026-10-06\repairs\dt_shared_upper_absent_01.json
1653.6518399288982,378.08937910481876,0.0004346326918927149,0.14604827717159413,0.0,0.0,absent,paper\analysis\results_2026-10-06\repairs\dt_shared_upper_absent_01.json
1663.6518399288982,378.13048958762937,0.0004302564414820599,0.14633546091799185,0.0,0.0,absent,paper\analysis\results_2026-10-06\repairs\dt_shared_upper_absent_01.json
1673.6518399288982,378.1717081886394,0.0004258766566780673,0.14662379731094416,0.0,0.0,absent,paper\analysis\results_2026-10-06\repairs\dt_shared_upper_absent_01.json
1683.6518399288982,378.2130407202323,0.00042149263859378905,0.14691335887163304,0.0,0.0,absent,paper\analysis\results_2026-10-06\repairs\dt_shared_upper_absent_01.json
1693.6518399288982,378.25449343156123,0.00041710364478728205,0.14720422224551485,0.0,0.0,absent,paper\analysis\results_2026-10-06\repairs\dt_shared_upper_absent_01.json
1703.6518399288982,378.29607305420507,0.00041270888504327615,0.1474964685376194,0.0,0.0,absent,paper\analysis\results_2026-10-06\repairs\dt_shared_upper_absent_01.json
1713.6518399288982,378.3377868524017,0.00040830751673880426,0.1477901836827818,0.0,0.0,absent,paper\analysis\results_2026-10-06\repairs\dt_shared_upper_absent_01.json
1723.6518399288982,378.3796426786772,0.00040389863972416093,0.14808545885469712,0.0,0.0,absent,paper\analysis\results_2026-10-06\repairs\dt_shared_upper_absent_01.json
1733.6518399288982,378.4216490357943,0.000399481290643582,0.14838239091869973,0.0,0.0,absent,paper\analysis\results_2026-10-06\repairs\dt_shared_upper_absent_01.json
1743.6518399288982,378.46381514603587,0.00039505443660967256,0.14868108293401036,0.0,0.0,absent,paper\analysis\results_2026-10-06\repairs\dt_shared_upper_absent_01.json
1753.6518399288982,378.5061510290024,0.00039061696813403105,0.14898164471160028,0.0,0.0,absent,paper\analysis\results_2026-10-06\repairs\dt_shared_upper_absent_01.json
1763.6518399288982,378.548667589274,0.0003861676912018591,0.14928419343525542,0.0,0.0,absent,paper\analysis\results_2026-10-06\repairs\dt_shared_upper_absent_01.json
1766.5355008060146,378.5609506046243,0.00038488417927988905,0.14937162217037336,0.0,0.0,absent,paper\analysis\results_2026-10-06\repairs\dt_shared_upper_absent_01.json
