axis,scenario,observable,points,points_at,minimum,minimum_at,maximum,maximum_at,range_width,midpoint_value,relative_half_width_about_the_midpoint
coefficient_rectangle,combined,baseline_end_hexane_flux_mol_m2_s,5,nominal_log_center|1.0|0.24;db_min_dapp_min|1.0|0.24;db_min_dapp_max|1.0|0.24;db_max_dapp_min|1.0|0.24;db_max_dapp_max|1.0|0.24,0.08556803762621379,db_max_dapp_min|1.0|0.24,0.08719958991925948,db_min_dapp_max|1.0|0.24,0.0016315522930456933,0.08588178599824699,0.009498826055381502
coefficient_rectangle,combined,baseline_end_hexane_independent_diffusion_flux_mol_m2_s,5,nominal_log_center|1.0|0.24;db_min_dapp_min|1.0|0.24;db_min_dapp_max|1.0|0.24;db_max_dapp_min|1.0|0.24;db_max_dapp_max|1.0|0.24,4.0759246866735125e-06,db_min_dapp_max|1.0|0.24,1.2327036915819349e-05,db_max_dapp_min|1.0|0.24,8.251112229145837e-06,8.20928244621262e-06,0.5025477124954152
coefficient_rectangle,combined,baseline_end_water_flux_mol_m2_s,5,nominal_log_center|1.0|0.24;db_min_dapp_min|1.0|0.24;db_min_dapp_max|1.0|0.24;db_max_dapp_min|1.0|0.24;db_max_dapp_max|1.0|0.24,0.017938559456294526,db_min_dapp_max|1.0|0.24,0.019867253310112444,db_max_dapp_min|1.0|0.24,0.0019286938538179178,0.019622037213363,0.04914611650273598
coefficient_rectangle,combined,baseline_hexane_flux_time_integral_mol_s_m2,5,nominal_log_center|1.0|0.24;db_min_dapp_min|1.0|0.24;db_min_dapp_max|1.0|0.24;db_max_dapp_min|1.0|0.24;db_max_dapp_max|1.0|0.24,0.006417602821966035,db_max_dapp_min|1.0|0.24,0.006539969243944461,db_min_dapp_max|1.0|0.24,0.00012236642197842578,0.006441133949868524,0.009498826055381406
coefficient_rectangle,combined,baseline_water_flux_time_integral_mol_s_m2,5,nominal_log_center|1.0|0.24;db_min_dapp_min|1.0|0.24;db_min_dapp_max|1.0|0.24;db_max_dapp_min|1.0|0.24;db_max_dapp_max|1.0|0.24,0.0013453919592220894,db_min_dapp_max|1.0|0.24,0.0014900439982584335,db_max_dapp_min|1.0|0.24,0.00014465203903634414,0.001471652791002225,0.049146116502736086
coefficient_rectangle,combined,cumulative_boundary_energy_out_j,5,nominal_log_center|1.0|0.24;db_min_dapp_min|1.0|0.24;db_min_dapp_max|1.0|0.24;db_max_dapp_min|1.0|0.24;db_max_dapp_max|1.0|0.24,-0.0076205672128093396,nominal_log_center|1.0|0.24,-0.00756552989471747,db_max_dapp_max|1.0|0.24,5.503731809186965e-05,-0.0076205672128093396,0.003611103777115038
coefficient_rectangle,combined,cumulative_boundary_hexane_out_mol,5,nominal_log_center|1.0|0.24;db_min_dapp_min|1.0|0.24;db_min_dapp_max|1.0|0.24;db_max_dapp_min|1.0|0.24;db_max_dapp_max|1.0|0.24,1.5257930411946158e-07,nominal_log_center|1.0|0.24,1.5351937420026256e-07,db_max_dapp_max|1.0|0.24,9.400700808009838e-10,1.5257930411946158e-07,0.003080594993620361
coefficient_rectangle,combined,final_free_liquid_water_mol,5,nominal_log_center|1.0|0.24;db_min_dapp_min|1.0|0.24;db_min_dapp_max|1.0|0.24;db_max_dapp_min|1.0|0.24;db_max_dapp_max|1.0|0.24,0.0,nominal_log_center|1.0|0.24,0.0,nominal_log_center|1.0|0.24,0.0,0.0,
coefficient_rectangle,combined,final_front_position_over_radius,5,nominal_log_center|1.0|0.24;db_min_dapp_min|1.0|0.24;db_min_dapp_max|1.0|0.24;db_max_dapp_min|1.0|0.24;db_max_dapp_max|1.0|0.24,0.5778823405107097,db_min_dapp_max|1.0|0.24,0.5780560480129942,nominal_log_center|1.0|0.24,0.00017370750228440368,0.5780560480129942,0.00015025143572280287
coefficient_rectangle,combined,final_front_z,5,nominal_log_center|1.0|0.24;db_min_dapp_min|1.0|0.24;db_min_dapp_max|1.0|0.24;db_max_dapp_min|1.0|0.24;db_max_dapp_max|1.0|0.24,0.1929826515449829,db_min_dapp_max|1.0|0.24,0.19315673168044792,nominal_log_center|1.0|0.24,0.0001740801354650212,0.19315673168044792,0.0004506188677726583
coefficient_rectangle,combined,final_interface_temperature_k,5,nominal_log_center|1.0|0.24;db_min_dapp_min|1.0|0.24;db_min_dapp_max|1.0|0.24;db_max_dapp_min|1.0|0.24;db_max_dapp_max|1.0|0.24,337.6884796497102,db_min_dapp_max|1.0|0.24,337.71649159096154,db_max_dapp_min|1.0|0.24,0.02801194125134998,337.7100704810858,4.147335791829586e-05
coefficient_rectangle,combined,final_pore_vapor_water_mol,5,nominal_log_center|1.0|0.24;db_min_dapp_min|1.0|0.24;db_min_dapp_max|1.0|0.24;db_max_dapp_min|1.0|0.24;db_max_dapp_max|1.0|0.24,2.170679876615639e-09,db_min_dapp_max|1.0|0.24,2.1717517198333528e-09,db_max_dapp_min|1.0|0.24,1.0718432177137693e-12,2.1715349533239374e-09,0.0002467939132347638
coefficient_rectangle,combined,final_retained_water_mol,5,nominal_log_center|1.0|0.24;db_min_dapp_min|1.0|0.24;db_min_dapp_max|1.0|0.24;db_max_dapp_min|1.0|0.24;db_max_dapp_max|1.0|0.24,2.194983575192414e-05,db_max_dapp_max|1.0|0.24,2.1950726103044083e-05,nominal_log_center|1.0|0.24,8.903511199420948e-10,2.1950726103044083e-05,2.0280675813694898e-05
coefficient_rectangle,combined,final_total_energy_j,5,nominal_log_center|1.0|0.24;db_min_dapp_min|1.0|0.24;db_min_dapp_max|1.0|0.24;db_max_dapp_min|1.0|0.24;db_max_dapp_max|1.0|0.24,0.40274615681656983,db_max_dapp_max|1.0|0.24,0.4028011941346208,nominal_log_center|1.0|0.24,5.5037318050954465e-05,0.4028011941346208,6.831821609813843e-05
coefficient_rectangle,combined,final_total_hexane_mol,5,nominal_log_center|1.0|0.24;db_min_dapp_min|1.0|0.24;db_min_dapp_max|1.0|0.24;db_max_dapp_min|1.0|0.24;db_max_dapp_max|1.0|0.24,1.8774830019485156e-06,db_max_dapp_max|1.0|0.24,1.8784230720294748e-06,nominal_log_center|1.0|0.24,9.400700809591407e-10,1.8784230720294748e-06,0.00025022852810881305
coefficient_rectangle,combined,final_total_water_mol,5,nominal_log_center|1.0|0.24;db_min_dapp_min|1.0|0.24;db_min_dapp_max|1.0|0.24;db_max_dapp_min|1.0|0.24;db_max_dapp_max|1.0|0.24,2.195200694524161e-05,db_max_dapp_max|1.0|0.24,2.1952897637997406e-05,nominal_log_center|1.0|0.24,8.906927557973069e-10,2.1952897637997406e-05,2.028645080218572e-05
coefficient_rectangle,combined,maximum_front_position_over_radius,5,nominal_log_center|1.0|0.24;db_min_dapp_min|1.0|0.24;db_min_dapp_max|1.0|0.24;db_max_dapp_min|1.0|0.24;db_max_dapp_max|1.0|0.24,0.6,nominal_log_center|1.0|0.24,0.6,nominal_log_center|1.0|0.24,0.0,0.6,0.0
coefficient_rectangle,combined,maximum_instantaneous_radial_temperature_spread_k,5,nominal_log_center|1.0|0.24;db_min_dapp_min|1.0|0.24;db_min_dapp_max|1.0|0.24;db_max_dapp_min|1.0|0.24;db_max_dapp_max|1.0|0.24,9.68292387634608,db_max_dapp_max|1.0|0.24,9.703215985933298,db_min_dapp_max|1.0|0.24,0.020292109587217055,9.691968190371313,0.0010468518462213214
coefficient_rectangle,combined,minimum_front_position_over_radius,5,nominal_log_center|1.0|0.24;db_min_dapp_min|1.0|0.24;db_min_dapp_max|1.0|0.24;db_max_dapp_min|1.0|0.24;db_max_dapp_max|1.0|0.24,0.5778823405107097,db_min_dapp_max|1.0|0.24,0.5780560480129942,nominal_log_center|1.0|0.24,0.00017370750228440368,0.5780560480129942,0.00015025143572280287
coefficient_rectangle,combined,minimum_material_temperature_k,5,nominal_log_center|1.0|0.24;db_min_dapp_min|1.0|0.24;db_min_dapp_max|1.0|0.24;db_max_dapp_min|1.0|0.24;db_max_dapp_max|1.0|0.24,335.0,nominal_log_center|1.0|0.24,335.0,nominal_log_center|1.0|0.24,0.0,335.0,0.0
coefficient_rectangle,combined,peak_particle_temperature_k,5,nominal_log_center|1.0|0.24;db_min_dapp_min|1.0|0.24;db_min_dapp_max|1.0|0.24;db_max_dapp_min|1.0|0.24;db_max_dapp_max|1.0|0.24,344.9115355011317,db_max_dapp_max|1.0|0.24,344.9208959079657,nominal_log_center|1.0|0.24,0.00936040683399142,344.9208959079657,1.3568918185358406e-05
coefficient_rectangle,combined,pulse_end_hexane_flux_mol_m2_s,5,nominal_log_center|1.0|0.24;db_min_dapp_min|1.0|0.24;db_min_dapp_max|1.0|0.24;db_max_dapp_min|1.0|0.24;db_max_dapp_max|1.0|0.24,0.047974370045807194,db_min_dapp_max|1.0|0.24,0.05683952979670079,db_max_dapp_min|1.0|0.24,0.008865159750893595,0.054875800345128276,0.08077476497051782
coefficient_rectangle,combined,pulse_end_hexane_independent_diffusion_flux_mol_m2_s,5,nominal_log_center|1.0|0.24;db_min_dapp_min|1.0|0.24;db_min_dapp_max|1.0|0.24;db_max_dapp_min|1.0|0.24;db_max_dapp_max|1.0|0.24,-2.2731735524021893e-05,db_max_dapp_min|1.0|0.24,-7.528657562724572e-06,db_min_dapp_max|1.0|0.24,1.5203077961297321e-05,-1.5142592774896455e-05,0.501997187248578
coefficient_rectangle,combined,pulse_end_water_flux_mol_m2_s,5,nominal_log_center|1.0|0.24;db_min_dapp_min|1.0|0.24;db_min_dapp_max|1.0|0.24;db_max_dapp_min|1.0|0.24;db_max_dapp_max|1.0|0.24,0.013325574302945144,db_min_dapp_min|1.0|0.24,0.017666155457288973,db_max_dapp_max|1.0|0.24,0.004340581154343829,0.013585923809915789,0.15974552835250788
coefficient_rectangle,combined,pulse_first_hexane_flux_mol_m2_s,5,nominal_log_center|1.0|0.24;db_min_dapp_min|1.0|0.24;db_min_dapp_max|1.0|0.24;db_max_dapp_min|1.0|0.24;db_max_dapp_max|1.0|0.24,0.047974370045807194,db_min_dapp_max|1.0|0.24,0.05683952979670079,db_max_dapp_min|1.0|0.24,0.008865159750893595,0.054875800345128276,0.08077476497051782
coefficient_rectangle,combined,pulse_first_hexane_independent_diffusion_flux_mol_m2_s,5,nominal_log_center|1.0|0.24;db_min_dapp_min|1.0|0.24;db_min_dapp_max|1.0|0.24;db_max_dapp_min|1.0|0.24;db_max_dapp_max|1.0|0.24,-2.2731735524021893e-05,db_max_dapp_min|1.0|0.24,-7.528657562724572e-06,db_min_dapp_max|1.0|0.24,1.5203077961297321e-05,-1.5142592774896455e-05,0.501997187248578
coefficient_rectangle,combined,pulse_first_water_flux_mol_m2_s,5,nominal_log_center|1.0|0.24;db_min_dapp_min|1.0|0.24;db_min_dapp_max|1.0|0.24;db_max_dapp_min|1.0|0.24;db_max_dapp_max|1.0|0.24,0.013325574302945144,db_min_dapp_min|1.0|0.24,0.017666155457288973,db_max_dapp_max|1.0|0.24,0.004340581154343829,0.013585923809915789,0.15974552835250788
coefficient_rectangle,combined,pulse_hexane_flux_time_integral_mol_s_m2,5,nominal_log_center|1.0|0.24;db_min_dapp_min|1.0|0.24;db_min_dapp_max|1.0|0.24;db_max_dapp_min|1.0|0.24;db_max_dapp_max|1.0|0.24,0.003940455271890689,db_min_dapp_max|1.0|0.24,0.004262964734752559,db_max_dapp_min|1.0|0.24,0.0003225094628618707,0.004115685025884621,0.03918053262500947
coefficient_rectangle,combined,pulse_water_flux_time_integral_mol_s_m2,5,nominal_log_center|1.0|0.24;db_min_dapp_min|1.0|0.24;db_min_dapp_max|1.0|0.24;db_max_dapp_min|1.0|0.24;db_max_dapp_max|1.0|0.24,0.000999418072720886,db_min_dapp_min|1.0|0.24,0.001324961659296673,db_max_dapp_max|1.0|0.24,0.00032554358657578704,0.001018944285743684,0.15974552835250783
coefficient_rectangle,combined,return_end_hexane_flux_mol_m2_s,5,nominal_log_center|1.0|0.24;db_min_dapp_min|1.0|0.24;db_min_dapp_max|1.0|0.24;db_max_dapp_min|1.0|0.24;db_max_dapp_max|1.0|0.24,0.06677102845213471,db_max_dapp_min|1.0|0.24,0.07041272209049744,db_min_dapp_max|1.0|0.24,0.003641693638362725,0.06822895055246019,0.026687305087322744
coefficient_rectangle,combined,return_end_hexane_independent_diffusion_flux_mol_m2_s,5,nominal_log_center|1.0|0.24;db_min_dapp_min|1.0|0.24;db_min_dapp_max|1.0|0.24;db_max_dapp_min|1.0|0.24;db_max_dapp_max|1.0|0.24,2.7907466254816677e-06,db_min_dapp_min|1.0|0.24,8.419901300055287e-06,db_max_dapp_max|1.0|0.24,5.62915467457362e-06,5.5706698270934944e-06,0.5052493550412626
coefficient_rectangle,combined,return_end_water_flux_mol_m2_s,5,nominal_log_center|1.0|0.24;db_min_dapp_min|1.0|0.24;db_min_dapp_max|1.0|0.24;db_max_dapp_min|1.0|0.24;db_max_dapp_max|1.0|0.24,0.015042682104786362,db_max_dapp_max|1.0|0.24,0.016341174186479134,nominal_log_center|1.0|0.24,0.0012984920816927724,0.016341174186479134,0.039730684798867114
coefficient_rectangle,combined,return_first_hexane_flux_mol_m2_s,5,nominal_log_center|1.0|0.24;db_min_dapp_min|1.0|0.24;db_min_dapp_max|1.0|0.24;db_max_dapp_min|1.0|0.24;db_max_dapp_max|1.0|0.24,0.06677102845213471,db_max_dapp_min|1.0|0.24,0.07041272209049744,db_min_dapp_max|1.0|0.24,0.003641693638362725,0.06822895055246019,0.026687305087322744
coefficient_rectangle,combined,return_first_hexane_independent_diffusion_flux_mol_m2_s,5,nominal_log_center|1.0|0.24;db_min_dapp_min|1.0|0.24;db_min_dapp_max|1.0|0.24;db_max_dapp_min|1.0|0.24;db_max_dapp_max|1.0|0.24,2.7907466254816677e-06,db_min_dapp_min|1.0|0.24,8.419901300055287e-06,db_max_dapp_max|1.0|0.24,5.62915467457362e-06,5.5706698270934944e-06,0.5052493550412626
coefficient_rectangle,combined,return_first_water_flux_mol_m2_s,5,nominal_log_center|1.0|0.24;db_min_dapp_min|1.0|0.24;db_min_dapp_max|1.0|0.24;db_max_dapp_min|1.0|0.24;db_max_dapp_max|1.0|0.24,0.015042682104786362,db_max_dapp_max|1.0|0.24,0.016341174186479134,nominal_log_center|1.0|0.24,0.0012984920816927724,0.016341174186479134,0.039730684798867114
coefficient_rectangle,combined,return_hexane_flux_time_integral_mol_s_m2,5,nominal_log_center|1.0|0.24;db_min_dapp_min|1.0|0.24;db_min_dapp_max|1.0|0.24;db_max_dapp_min|1.0|0.24;db_max_dapp_max|1.0|0.24,0.004890914388924943,db_max_dapp_min|1.0|0.24,0.0050835619094725315,db_min_dapp_max|1.0|0.24,0.00019264752054758832,0.00494559122829671,0.019476692639429607
coefficient_rectangle,combined,return_water_flux_time_integral_mol_s_m2,5,nominal_log_center|1.0|0.24;db_min_dapp_min|1.0|0.24;db_min_dapp_max|1.0|0.24;db_max_dapp_min|1.0|0.24;db_max_dapp_max|1.0|0.24,0.0010868152109099133,db_max_dapp_max|1.0|0.24,0.0011815305027713119,db_min_dapp_min|1.0|0.24,9.471529186139854e-05,0.0011761904036118338,0.040263588093623175
coefficient_rectangle,composition_only,baseline_end_hexane_flux_mol_m2_s,5,nominal_log_center|1.0|0.24;db_min_dapp_min|1.0|0.24;db_min_dapp_max|1.0|0.24;db_max_dapp_min|1.0|0.24;db_max_dapp_max|1.0|0.24,0.08556803762621379,db_max_dapp_min|1.0|0.24,0.08719958991925948,db_min_dapp_max|1.0|0.24,0.0016315522930456933,0.08588178599824699,0.009498826055381502
coefficient_rectangle,composition_only,baseline_end_hexane_independent_diffusion_flux_mol_m2_s,5,nominal_log_center|1.0|0.24;db_min_dapp_min|1.0|0.24;db_min_dapp_max|1.0|0.24;db_max_dapp_min|1.0|0.24;db_max_dapp_max|1.0|0.24,4.0759246866735125e-06,db_min_dapp_max|1.0|0.24,1.2327036915819349e-05,db_max_dapp_min|1.0|0.24,8.251112229145837e-06,8.20928244621262e-06,0.5025477124954152
coefficient_rectangle,composition_only,baseline_end_water_flux_mol_m2_s,5,nominal_log_center|1.0|0.24;db_min_dapp_min|1.0|0.24;db_min_dapp_max|1.0|0.24;db_max_dapp_min|1.0|0.24;db_max_dapp_max|1.0|0.24,0.017938559456294526,db_min_dapp_max|1.0|0.24,0.019867253310112444,db_max_dapp_min|1.0|0.24,0.0019286938538179178,0.019622037213363,0.04914611650273598
coefficient_rectangle,composition_only,baseline_hexane_flux_time_integral_mol_s_m2,5,nominal_log_center|1.0|0.24;db_min_dapp_min|1.0|0.24;db_min_dapp_max|1.0|0.24;db_max_dapp_min|1.0|0.24;db_max_dapp_max|1.0|0.24,0.006417602821966035,db_max_dapp_min|1.0|0.24,0.006539969243944461,db_min_dapp_max|1.0|0.24,0.00012236642197842578,0.006441133949868524,0.009498826055381406
coefficient_rectangle,composition_only,baseline_water_flux_time_integral_mol_s_m2,5,nominal_log_center|1.0|0.24;db_min_dapp_min|1.0|0.24;db_min_dapp_max|1.0|0.24;db_max_dapp_min|1.0|0.24;db_max_dapp_max|1.0|0.24,0.0013453919592220894,db_min_dapp_max|1.0|0.24,0.0014900439982584335,db_max_dapp_min|1.0|0.24,0.00014465203903634414,0.001471652791002225,0.049146116502736086
coefficient_rectangle,composition_only,cumulative_boundary_energy_out_j,5,nominal_log_center|1.0|0.24;db_min_dapp_min|1.0|0.24;db_min_dapp_max|1.0|0.24;db_max_dapp_min|1.0|0.24;db_max_dapp_max|1.0|0.24,-0.010430713828752535,nominal_log_center|1.0|0.24,-0.010339714696443132,db_min_dapp_max|1.0|0.24,9.099913230940261e-05,-0.010430713828752535,0.004362075971184308
coefficient_rectangle,composition_only,cumulative_boundary_hexane_out_mol,5,nominal_log_center|1.0|0.24;db_min_dapp_min|1.0|0.24;db_min_dapp_max|1.0|0.24;db_max_dapp_min|1.0|0.24;db_max_dapp_max|1.0|0.24,1.631760824622742e-07,nominal_log_center|1.0|0.24,1.639795226503988e-07,db_min_dapp_max|1.0|0.24,8.034401881246067e-10,1.631760824622742e-07,0.002461880981578166
coefficient_rectangle,composition_only,final_free_liquid_water_mol,5,nominal_log_center|1.0|0.24;db_min_dapp_min|1.0|0.24;db_min_dapp_max|1.0|0.24;db_max_dapp_min|1.0|0.24;db_max_dapp_max|1.0|0.24,0.0,nominal_log_center|1.0|0.24,0.0,nominal_log_center|1.0|0.24,0.0,0.0,
coefficient_rectangle,composition_only,final_front_position_over_radius,5,nominal_log_center|1.0|0.24;db_min_dapp_min|1.0|0.24;db_min_dapp_max|1.0|0.24;db_max_dapp_min|1.0|0.24;db_max_dapp_max|1.0|0.24,0.5776945047377408,db_min_dapp_max|1.0|0.24,0.5778556417649064,nominal_log_center|1.0|0.24,0.000161137027165692,0.5778556417649064,0.00013942671449355569
coefficient_rectangle,composition_only,final_front_z,5,nominal_log_center|1.0|0.24;db_min_dapp_min|1.0|0.24;db_min_dapp_max|1.0|0.24;db_max_dapp_min|1.0|0.24;db_max_dapp_max|1.0|0.24,0.19279453056353305,db_min_dapp_max|1.0|0.24,0.19295590480249897,nominal_log_center|1.0|0.24,0.0001613742389659223,0.19295590480249897,0.0004181635154702774
coefficient_rectangle,composition_only,final_interface_temperature_k,5,nominal_log_center|1.0|0.24;db_min_dapp_min|1.0|0.24;db_min_dapp_max|1.0|0.24;db_max_dapp_min|1.0|0.24;db_max_dapp_max|1.0|0.24,337.6888857820707,db_max_dapp_max|1.0|0.24,337.7166140556688,db_max_dapp_min|1.0|0.24,0.02772827359808616,337.7102158833213,4.1053353280355404e-05
coefficient_rectangle,composition_only,final_pore_vapor_water_mol,5,nominal_log_center|1.0|0.24;db_min_dapp_min|1.0|0.24;db_min_dapp_max|1.0|0.24;db_max_dapp_min|1.0|0.24;db_max_dapp_max|1.0|0.24,2.200460823160038e-09,db_max_dapp_max|1.0|0.24,2.2015667866116063e-09,db_max_dapp_min|1.0|0.24,1.105963451568274e-12,2.2013353136296534e-09,0.0002512028596281217
coefficient_rectangle,composition_only,final_retained_water_mol,5,nominal_log_center|1.0|0.24;db_min_dapp_min|1.0|0.24;db_min_dapp_max|1.0|0.24;db_max_dapp_min|1.0|0.24;db_max_dapp_max|1.0|0.24,2.1945420616156824e-05,db_min_dapp_max|1.0|0.24,2.194721942015899e-05,db_min_dapp_min|1.0|0.24,1.798804002164201e-09,2.1947130582029648e-05,4.0980391387406816e-05
coefficient_rectangle,composition_only,final_total_energy_j,5,nominal_log_center|1.0|0.24;db_min_dapp_min|1.0|0.24;db_min_dapp_max|1.0|0.24;db_max_dapp_min|1.0|0.24;db_max_dapp_max|1.0|0.24,0.4055203416182164,db_min_dapp_max|1.0|0.24,0.40561134075066085,nominal_log_center|1.0|0.24,9.099913244448032e-05,0.40561134075066085,0.00011217528123852398
coefficient_rectangle,composition_only,final_total_hexane_mol,5,nominal_log_center|1.0|0.24;db_min_dapp_min|1.0|0.24;db_min_dapp_max|1.0|0.24;db_max_dapp_min|1.0|0.24;db_max_dapp_max|1.0|0.24,1.86702285349871e-06,db_min_dapp_max|1.0|0.24,1.8678262936862988e-06,nominal_log_center|1.0|0.24,8.034401875888319e-10,1.8678262936862988e-06,0.0002150735832086347
coefficient_rectangle,composition_only,final_total_water_mol,5,nominal_log_center|1.0|0.24;db_min_dapp_min|1.0|0.24;db_min_dapp_max|1.0|0.24;db_max_dapp_min|1.0|0.24;db_max_dapp_max|1.0|0.24,2.1947621186416834e-05,db_min_dapp_max|1.0|0.24,2.1949420979240684e-05,db_min_dapp_min|1.0|0.24,1.7997928238494597e-09,2.1949331917343277e-05,4.099880649276966e-05
coefficient_rectangle,composition_only,maximum_front_position_over_radius,5,nominal_log_center|1.0|0.24;db_min_dapp_min|1.0|0.24;db_min_dapp_max|1.0|0.24;db_max_dapp_min|1.0|0.24;db_max_dapp_max|1.0|0.24,0.6,nominal_log_center|1.0|0.24,0.6,nominal_log_center|1.0|0.24,0.0,0.6,0.0
coefficient_rectangle,composition_only,maximum_instantaneous_radial_temperature_spread_k,5,nominal_log_center|1.0|0.24;db_min_dapp_min|1.0|0.24;db_min_dapp_max|1.0|0.24;db_max_dapp_min|1.0|0.24;db_max_dapp_max|1.0|0.24,10.276616263779886,db_min_dapp_max|1.0|0.24,10.322613428068223,db_max_dapp_max|1.0|0.24,0.045997164288337444,10.292379343521134,0.002234525310092259
coefficient_rectangle,composition_only,minimum_front_position_over_radius,5,nominal_log_center|1.0|0.24;db_min_dapp_min|1.0|0.24;db_min_dapp_max|1.0|0.24;db_max_dapp_min|1.0|0.24;db_max_dapp_max|1.0|0.24,0.5776945047377408,db_min_dapp_max|1.0|0.24,0.5778556417649064,nominal_log_center|1.0|0.24,0.000161137027165692,0.5778556417649064,0.00013942671449355569
coefficient_rectangle,composition_only,minimum_material_temperature_k,5,nominal_log_center|1.0|0.24;db_min_dapp_min|1.0|0.24;db_min_dapp_max|1.0|0.24;db_max_dapp_min|1.0|0.24;db_max_dapp_max|1.0|0.24,335.0,nominal_log_center|1.0|0.24,335.0,nominal_log_center|1.0|0.24,0.0,335.0,0.0
coefficient_rectangle,composition_only,peak_particle_temperature_k,5,nominal_log_center|1.0|0.24;db_min_dapp_min|1.0|0.24;db_min_dapp_max|1.0|0.24;db_max_dapp_min|1.0|0.24;db_max_dapp_max|1.0|0.24,345.5057005530983,db_min_dapp_max|1.0|0.24,345.5378267332676,db_max_dapp_max|1.0|0.24,0.03212618016931401,345.5217962375073,4.6489368426457936e-05
coefficient_rectangle,composition_only,pulse_end_hexane_flux_mol_m2_s,5,nominal_log_center|1.0|0.24;db_min_dapp_min|1.0|0.24;db_min_dapp_max|1.0|0.24;db_max_dapp_min|1.0|0.24;db_max_dapp_max|1.0|0.24,0.06115475820984677,db_max_dapp_max|1.0|0.24,0.070395912350408,db_max_dapp_min|1.0|0.24,0.00924115414056123,0.06844593862663183,0.06750695750533227
coefficient_rectangle,composition_only,pulse_end_hexane_independent_diffusion_flux_mol_m2_s,5,nominal_log_center|1.0|0.24;db_min_dapp_min|1.0|0.24;db_min_dapp_max|1.0|0.24;db_max_dapp_min|1.0|0.24;db_max_dapp_max|1.0|0.24,-2.662721350205483e-05,db_max_dapp_max|1.0|0.24,-8.795315983503016e-06,db_min_dapp_max|1.0|0.24,1.7831897518551815e-05,-1.770767128102961e-05,0.5035076954939661
coefficient_rectangle,composition_only,pulse_end_water_flux_mol_m2_s,5,nominal_log_center|1.0|0.24;db_min_dapp_min|1.0|0.24;db_min_dapp_max|1.0|0.24;db_max_dapp_min|1.0|0.24;db_max_dapp_max|1.0|0.24,0.017225210977125458,db_min_dapp_min|1.0|0.24,0.022288631702733427,db_min_dapp_max|1.0|0.24,0.005063420725607969,0.017575043123993904,0.1440514452762638
coefficient_rectangle,composition_only,pulse_first_hexane_flux_mol_m2_s,5,nominal_log_center|1.0|0.24;db_min_dapp_min|1.0|0.24;db_min_dapp_max|1.0|0.24;db_max_dapp_min|1.0|0.24;db_max_dapp_max|1.0|0.24,0.06115475820984677,db_max_dapp_max|1.0|0.24,0.070395912350408,db_max_dapp_min|1.0|0.24,0.00924115414056123,0.06844593862663183,0.06750695750533227
coefficient_rectangle,composition_only,pulse_first_hexane_independent_diffusion_flux_mol_m2_s,5,nominal_log_center|1.0|0.24;db_min_dapp_min|1.0|0.24;db_min_dapp_max|1.0|0.24;db_max_dapp_min|1.0|0.24;db_max_dapp_max|1.0|0.24,-2.662721350205483e-05,db_max_dapp_max|1.0|0.24,-8.795315983503016e-06,db_min_dapp_max|1.0|0.24,1.7831897518551815e-05,-1.770767128102961e-05,0.5035076954939661
coefficient_rectangle,composition_only,pulse_first_water_flux_mol_m2_s,5,nominal_log_center|1.0|0.24;db_min_dapp_min|1.0|0.24;db_min_dapp_max|1.0|0.24;db_max_dapp_min|1.0|0.24;db_max_dapp_max|1.0|0.24,0.017225210977125458,db_min_dapp_min|1.0|0.24,0.022288631702733427,db_min_dapp_max|1.0|0.24,0.005063420725607969,0.017575043123993904,0.1440514452762638
coefficient_rectangle,composition_only,pulse_hexane_flux_time_integral_mol_s_m2,5,nominal_log_center|1.0|0.24;db_min_dapp_min|1.0|0.24;db_min_dapp_max|1.0|0.24;db_max_dapp_min|1.0|0.24;db_max_dapp_max|1.0|0.24,0.004926496529353176,db_max_dapp_max|1.0|0.24,0.0052796934262806005,db_max_dapp_min|1.0|0.24,0.00035319689692742476,0.005133445396997388,0.03440154414947257
coefficient_rectangle,composition_only,pulse_water_flux_time_integral_mol_s_m2,5,nominal_log_center|1.0|0.24;db_min_dapp_min|1.0|0.24;db_min_dapp_max|1.0|0.24;db_max_dapp_min|1.0|0.24;db_max_dapp_max|1.0|0.24,0.0012918908232844094,db_min_dapp_min|1.0|0.24,0.001671647377705007,db_min_dapp_max|1.0|0.24,0.00037975655442059773,0.0013181282342995429,0.14405144527626382
coefficient_rectangle,composition_only,return_end_hexane_flux_mol_m2_s,5,nominal_log_center|1.0|0.24;db_min_dapp_min|1.0|0.24;db_min_dapp_max|1.0|0.24;db_max_dapp_min|1.0|0.24;db_max_dapp_max|1.0|0.24,0.0675421062726138,db_max_dapp_min|1.0|0.24,0.07103028040275368,db_max_dapp_max|1.0|0.24,0.0034881741301398816,0.06898892313745719,0.02528068254660142
coefficient_rectangle,composition_only,return_end_hexane_independent_diffusion_flux_mol_m2_s,5,nominal_log_center|1.0|0.24;db_min_dapp_min|1.0|0.24;db_min_dapp_max|1.0|0.24;db_max_dapp_min|1.0|0.24;db_max_dapp_max|1.0|0.24,1.7900421771534265e-06,db_min_dapp_min|1.0|0.24,5.371680879609e-06,db_max_dapp_min|1.0|0.24,3.581638702455574e-06,3.5768791387960864e-06,0.500665323522937
coefficient_rectangle,composition_only,return_end_water_flux_mol_m2_s,5,nominal_log_center|1.0|0.24;db_min_dapp_min|1.0|0.24;db_min_dapp_max|1.0|0.24;db_max_dapp_min|1.0|0.24;db_max_dapp_max|1.0|0.24,0.016327797399288007,db_min_dapp_max|1.0|0.24,0.01716794460524725,nominal_log_center|1.0|0.24,0.0008401472059592421,0.01716794460524725,0.02446848546163347
coefficient_rectangle,composition_only,return_first_hexane_flux_mol_m2_s,5,nominal_log_center|1.0|0.24;db_min_dapp_min|1.0|0.24;db_min_dapp_max|1.0|0.24;db_max_dapp_min|1.0|0.24;db_max_dapp_max|1.0|0.24,0.0675421062726138,db_max_dapp_min|1.0|0.24,0.07103028040275368,db_max_dapp_max|1.0|0.24,0.0034881741301398816,0.06898892313745719,0.02528068254660142
coefficient_rectangle,composition_only,return_first_hexane_independent_diffusion_flux_mol_m2_s,5,nominal_log_center|1.0|0.24;db_min_dapp_min|1.0|0.24;db_min_dapp_max|1.0|0.24;db_max_dapp_min|1.0|0.24;db_max_dapp_max|1.0|0.24,1.7900421771534265e-06,db_min_dapp_min|1.0|0.24,5.371680879609e-06,db_max_dapp_min|1.0|0.24,3.581638702455574e-06,3.5768791387960864e-06,0.500665323522937
coefficient_rectangle,composition_only,return_first_water_flux_mol_m2_s,5,nominal_log_center|1.0|0.24;db_min_dapp_min|1.0|0.24;db_min_dapp_max|1.0|0.24;db_max_dapp_min|1.0|0.24;db_max_dapp_max|1.0|0.24,0.016327797399288007,db_min_dapp_max|1.0|0.24,0.01716794460524725,nominal_log_center|1.0|0.24,0.0008401472059592421,0.01716794460524725,0.02446848546163347
coefficient_rectangle,composition_only,return_hexane_flux_time_integral_mol_s_m2,5,nominal_log_center|1.0|0.24;db_min_dapp_min|1.0|0.24;db_min_dapp_max|1.0|0.24;db_max_dapp_min|1.0|0.24;db_max_dapp_max|1.0|0.24,0.004950047931226643,db_max_dapp_min|1.0|0.24,0.005123303156738138,db_max_dapp_max|1.0|0.24,0.00017325522551149553,0.005004488046438484,0.017309984947890437
coefficient_rectangle,composition_only,return_water_flux_time_integral_mol_s_m2,5,nominal_log_center|1.0|0.24;db_min_dapp_min|1.0|0.24;db_min_dapp_max|1.0|0.24;db_max_dapp_min|1.0|0.24;db_max_dapp_max|1.0|0.24,0.001185847827440207,db_min_dapp_max|1.0|0.24,0.0012392919225904357,nominal_log_center|1.0|0.24,5.344409515022877e-05,0.0012392919225904357,0.021562351120031915
coefficient_rectangle,temperature_only,baseline_end_hexane_flux_mol_m2_s,5,nominal_log_center|1.0|0.24;db_min_dapp_min|1.0|0.24;db_min_dapp_max|1.0|0.24;db_max_dapp_min|1.0|0.24;db_max_dapp_max|1.0|0.24,0.08556803762621379,db_max_dapp_min|1.0|0.24,0.08719958991925948,db_min_dapp_max|1.0|0.24,0.0016315522930456933,0.08588178599824699,0.009498826055381502
coefficient_rectangle,temperature_only,baseline_end_hexane_independent_diffusion_flux_mol_m2_s,5,nominal_log_center|1.0|0.24;db_min_dapp_min|1.0|0.24;db_min_dapp_max|1.0|0.24;db_max_dapp_min|1.0|0.24;db_max_dapp_max|1.0|0.24,4.0759246866735125e-06,db_min_dapp_max|1.0|0.24,1.2327036915819349e-05,db_max_dapp_min|1.0|0.24,8.251112229145837e-06,8.20928244621262e-06,0.5025477124954152
coefficient_rectangle,temperature_only,baseline_end_water_flux_mol_m2_s,5,nominal_log_center|1.0|0.24;db_min_dapp_min|1.0|0.24;db_min_dapp_max|1.0|0.24;db_max_dapp_min|1.0|0.24;db_max_dapp_max|1.0|0.24,0.017938559456294526,db_min_dapp_max|1.0|0.24,0.019867253310112444,db_max_dapp_min|1.0|0.24,0.0019286938538179178,0.019622037213363,0.04914611650273598
coefficient_rectangle,temperature_only,baseline_hexane_flux_time_integral_mol_s_m2,5,nominal_log_center|1.0|0.24;db_min_dapp_min|1.0|0.24;db_min_dapp_max|1.0|0.24;db_max_dapp_min|1.0|0.24;db_max_dapp_max|1.0|0.24,0.006417602821966035,db_max_dapp_min|1.0|0.24,0.006539969243944461,db_min_dapp_max|1.0|0.24,0.00012236642197842578,0.006441133949868524,0.009498826055381406
coefficient_rectangle,temperature_only,baseline_water_flux_time_integral_mol_s_m2,5,nominal_log_center|1.0|0.24;db_min_dapp_min|1.0|0.24;db_min_dapp_max|1.0|0.24;db_max_dapp_min|1.0|0.24;db_max_dapp_max|1.0|0.24,0.0013453919592220894,db_min_dapp_max|1.0|0.24,0.0014900439982584335,db_max_dapp_min|1.0|0.24,0.00014465203903634414,0.001471652791002225,0.049146116502736086
coefficient_rectangle,temperature_only,cumulative_boundary_energy_out_j,5,nominal_log_center|1.0|0.24;db_min_dapp_min|1.0|0.24;db_min_dapp_max|1.0|0.24;db_max_dapp_min|1.0|0.24;db_max_dapp_max|1.0|0.24,-0.007803435956943852,db_min_dapp_max|1.0|0.24,-0.007620010873662044,db_max_dapp_min|1.0|0.24,0.00018342508328180861,-0.007658543550009982,0.011975193591578488
coefficient_rectangle,temperature_only,cumulative_boundary_hexane_out_mol,5,nominal_log_center|1.0|0.24;db_min_dapp_min|1.0|0.24;db_min_dapp_max|1.0|0.24;db_max_dapp_min|1.0|0.24;db_max_dapp_max|1.0|0.24,1.527105136233968e-07,nominal_log_center|1.0|0.24,1.5433880509538448e-07,db_min_dapp_max|1.0|0.24,1.6282914719876858e-09,1.527105136233968e-07,0.005331301144082509
coefficient_rectangle,temperature_only,final_free_liquid_water_mol,5,nominal_log_center|1.0|0.24;db_min_dapp_min|1.0|0.24;db_min_dapp_max|1.0|0.24;db_max_dapp_min|1.0|0.24;db_max_dapp_max|1.0|0.24,0.0,nominal_log_center|1.0|0.24,0.0,nominal_log_center|1.0|0.24,0.0,0.0,
coefficient_rectangle,temperature_only,final_front_position_over_radius,5,nominal_log_center|1.0|0.24;db_min_dapp_min|1.0|0.24;db_min_dapp_max|1.0|0.24;db_max_dapp_min|1.0|0.24;db_max_dapp_max|1.0|0.24,0.5778739469518076,db_max_dapp_max|1.0|0.24,0.5780537000780351,nominal_log_center|1.0|0.24,0.00017975312622753314,0.5780537000780351,0.00015548133867430235
coefficient_rectangle,temperature_only,final_front_z,5,nominal_log_center|1.0|0.24;db_min_dapp_min|1.0|0.24;db_min_dapp_max|1.0|0.24;db_max_dapp_min|1.0|0.24;db_max_dapp_max|1.0|0.24,0.19297424263050938,db_max_dapp_max|1.0|0.24,0.1931543780110987,nominal_log_center|1.0|0.24,0.000180135380589308,0.1931543780110987,0.00046629898437755676
coefficient_rectangle,temperature_only,final_interface_temperature_k,5,nominal_log_center|1.0|0.24;db_min_dapp_min|1.0|0.24;db_min_dapp_max|1.0|0.24;db_max_dapp_min|1.0|0.24;db_max_dapp_max|1.0|0.24,337.69234657658507,db_min_dapp_max|1.0|0.24,337.716491805849,db_max_dapp_min|1.0|0.24,0.024145229263922374,337.7100721982139,3.57484588877626e-05
coefficient_rectangle,temperature_only,final_pore_vapor_water_mol,5,nominal_log_center|1.0|0.24;db_min_dapp_min|1.0|0.24;db_min_dapp_max|1.0|0.24;db_max_dapp_min|1.0|0.24;db_max_dapp_max|1.0|0.24,2.1718058441772566e-09,db_min_dapp_min|1.0|0.24,2.173789300702233e-09,db_min_dapp_max|1.0|0.24,1.983456524976335e-12,2.1719491630192805e-09,0.00045660749310980254
coefficient_rectangle,temperature_only,final_retained_water_mol,5,nominal_log_center|1.0|0.24;db_min_dapp_min|1.0|0.24;db_min_dapp_max|1.0|0.24;db_max_dapp_min|1.0|0.24;db_max_dapp_max|1.0|0.24,2.1950800935956767e-05,db_max_dapp_min|1.0|0.24,2.1955114934850254e-05,db_min_dapp_max|1.0|0.24,4.313998893487901e-09,2.1951568216347005e-05,9.826174720117104e-05
coefficient_rectangle,temperature_only,final_total_energy_j,5,nominal_log_center|1.0|0.24;db_min_dapp_min|1.0|0.24;db_min_dapp_max|1.0|0.24;db_max_dapp_min|1.0|0.24;db_max_dapp_max|1.0|0.24,0.4028006377955538,db_max_dapp_min|1.0|0.24,0.40298406287877553,db_min_dapp_max|1.0|0.24,0.00018342508322172213,0.40283917047186246,0.00022766540181143335
coefficient_rectangle,temperature_only,final_total_hexane_mol,5,nominal_log_center|1.0|0.24;db_min_dapp_min|1.0|0.24;db_min_dapp_max|1.0|0.24;db_max_dapp_min|1.0|0.24;db_max_dapp_max|1.0|0.24,1.8766635710534915e-06,db_min_dapp_max|1.0|0.24,1.8782918625253978e-06,nominal_log_center|1.0|0.24,1.6282914719063441e-09,1.8782918625253978e-06,0.0004334500682223785
coefficient_rectangle,temperature_only,final_total_water_mol,5,nominal_log_center|1.0|0.24;db_min_dapp_min|1.0|0.24;db_min_dapp_max|1.0|0.24;db_max_dapp_min|1.0|0.24;db_max_dapp_max|1.0|0.24,2.1952972749648717e-05,db_max_dapp_min|1.0|0.24,2.1957288724150958e-05,db_min_dapp_max|1.0|0.24,4.315974502241233e-09,2.1953740165510023e-05,9.82970206831034e-05
coefficient_rectangle,temperature_only,maximum_front_position_over_radius,5,nominal_log_center|1.0|0.24;db_min_dapp_min|1.0|0.24;db_min_dapp_max|1.0|0.24;db_max_dapp_min|1.0|0.24;db_max_dapp_max|1.0|0.24,0.6,nominal_log_center|1.0|0.24,0.6,nominal_log_center|1.0|0.24,0.0,0.6,0.0
coefficient_rectangle,temperature_only,maximum_instantaneous_radial_temperature_spread_k,5,nominal_log_center|1.0|0.24;db_min_dapp_min|1.0|0.24;db_min_dapp_max|1.0|0.24;db_max_dapp_min|1.0|0.24;db_max_dapp_max|1.0|0.24,9.688395059316008,db_max_dapp_min|1.0|0.24,9.727035216339118,db_min_dapp_max|1.0|0.24,0.03864015702311008,9.699009778835205,0.001991964020256434
coefficient_rectangle,temperature_only,minimum_front_position_over_radius,5,nominal_log_center|1.0|0.24;db_min_dapp_min|1.0|0.24;db_min_dapp_max|1.0|0.24;db_max_dapp_min|1.0|0.24;db_max_dapp_max|1.0|0.24,0.5778739469518076,db_max_dapp_max|1.0|0.24,0.5780537000780351,nominal_log_center|1.0|0.24,0.00017975312622753314,0.5780537000780351,0.00015548133867430235
coefficient_rectangle,temperature_only,minimum_material_temperature_k,5,nominal_log_center|1.0|0.24;db_min_dapp_min|1.0|0.24;db_min_dapp_max|1.0|0.24;db_max_dapp_min|1.0|0.24;db_max_dapp_max|1.0|0.24,335.0,nominal_log_center|1.0|0.24,335.0,nominal_log_center|1.0|0.24,0.0,335.0,0.0
coefficient_rectangle,temperature_only,peak_particle_temperature_k,5,nominal_log_center|1.0|0.24;db_min_dapp_min|1.0|0.24;db_min_dapp_max|1.0|0.24;db_max_dapp_min|1.0|0.24;db_max_dapp_max|1.0|0.24,344.91774453957123,db_max_dapp_min|1.0|0.24,344.95567705707737,db_min_dapp_max|1.0|0.24,0.037932517506135355,344.9279431974544,5.498614747547554e-05
coefficient_rectangle,temperature_only,pulse_end_hexane_flux_mol_m2_s,5,nominal_log_center|1.0|0.24;db_min_dapp_min|1.0|0.24;db_min_dapp_max|1.0|0.24;db_max_dapp_min|1.0|0.24;db_max_dapp_max|1.0|0.24,0.054784786296315384,db_max_dapp_max|1.0|0.24,0.05686516277056057,db_max_dapp_min|1.0|0.24,0.0020803764742451866,0.0550471723417383,0.01889630643814003
coefficient_rectangle,temperature_only,pulse_end_hexane_independent_diffusion_flux_mol_m2_s,5,nominal_log_center|1.0|0.24;db_min_dapp_min|1.0|0.24;db_min_dapp_max|1.0|0.24;db_max_dapp_min|1.0|0.24;db_max_dapp_max|1.0|0.24,4.06970538272107e-06,db_min_dapp_max|1.0|0.24,1.2401276027683853e-05,db_max_dapp_min|1.0|0.24,8.331570644962783e-06,8.247205167100183e-06,0.5051147919903309
coefficient_rectangle,temperature_only,pulse_end_water_flux_mol_m2_s,5,nominal_log_center|1.0|0.24;db_min_dapp_min|1.0|0.24;db_min_dapp_max|1.0|0.24;db_max_dapp_min|1.0|0.24;db_max_dapp_max|1.0|0.24,0.01039312039991538,db_min_dapp_max|1.0|0.24,0.013174179252272595,db_max_dapp_min|1.0|0.24,0.0027810588523572138,0.012433171469697744,0.11184028383808747
coefficient_rectangle,temperature_only,pulse_first_hexane_flux_mol_m2_s,5,nominal_log_center|1.0|0.24;db_min_dapp_min|1.0|0.24;db_min_dapp_max|1.0|0.24;db_max_dapp_min|1.0|0.24;db_max_dapp_max|1.0|0.24,0.054784786296315384,db_max_dapp_max|1.0|0.24,0.05686516277056057,db_max_dapp_min|1.0|0.24,0.0020803764742451866,0.0550471723417383,0.01889630643814003
coefficient_rectangle,temperature_only,pulse_first_hexane_independent_diffusion_flux_mol_m2_s,5,nominal_log_center|1.0|0.24;db_min_dapp_min|1.0|0.24;db_min_dapp_max|1.0|0.24;db_max_dapp_min|1.0|0.24;db_max_dapp_max|1.0|0.24,4.06970538272107e-06,db_min_dapp_max|1.0|0.24,1.2401276027683853e-05,db_max_dapp_min|1.0|0.24,8.331570644962783e-06,8.247205167100183e-06,0.5051147919903309
coefficient_rectangle,temperature_only,pulse_first_water_flux_mol_m2_s,5,nominal_log_center|1.0|0.24;db_min_dapp_min|1.0|0.24;db_min_dapp_max|1.0|0.24;db_max_dapp_min|1.0|0.24;db_max_dapp_max|1.0|0.24,0.01039312039991538,db_min_dapp_max|1.0|0.24,0.013174179252272595,db_max_dapp_min|1.0|0.24,0.0027810588523572138,0.012433171469697744,0.11184028383808747
coefficient_rectangle,temperature_only,pulse_hexane_flux_time_integral_mol_s_m2,5,nominal_log_center|1.0|0.24;db_min_dapp_min|1.0|0.24;db_min_dapp_max|1.0|0.24;db_max_dapp_min|1.0|0.24;db_max_dapp_max|1.0|0.24,0.004108858972223654,db_max_dapp_max|1.0|0.24,0.0042648872077920424,db_max_dapp_min|1.0|0.24,0.00015602823556838848,0.004128537925630373,0.018896306438139963
coefficient_rectangle,temperature_only,pulse_water_flux_time_integral_mol_s_m2,5,nominal_log_center|1.0|0.24;db_min_dapp_min|1.0|0.24;db_min_dapp_max|1.0|0.24;db_max_dapp_min|1.0|0.24;db_max_dapp_max|1.0|0.24,0.0007794840299936535,db_min_dapp_max|1.0|0.24,0.0009880634439204446,db_max_dapp_min|1.0|0.24,0.00020857941392679114,0.0009324878602273308,0.11184028383808753
coefficient_rectangle,temperature_only,return_end_hexane_flux_mol_m2_s,5,nominal_log_center|1.0|0.24;db_min_dapp_min|1.0|0.24;db_min_dapp_max|1.0|0.24;db_max_dapp_min|1.0|0.24;db_max_dapp_max|1.0|0.24,0.06677202774878703,db_max_dapp_min|1.0|0.24,0.0685960036730519,db_max_dapp_max|1.0|0.24,0.0018239759242648645,0.06823549645186135,0.013365301192991537
coefficient_rectangle,temperature_only,return_end_hexane_independent_diffusion_flux_mol_m2_s,5,nominal_log_center|1.0|0.24;db_min_dapp_min|1.0|0.24;db_min_dapp_max|1.0|0.24;db_max_dapp_min|1.0|0.24;db_max_dapp_max|1.0|0.24,2.7100280191447613e-06,db_min_dapp_max|1.0|0.24,8.367158642603184e-06,db_max_dapp_min|1.0|0.24,5.657130623458422e-06,5.5398078488869294e-06,0.5105890653405123
coefficient_rectangle,temperature_only,return_end_water_flux_mol_m2_s,5,nominal_log_center|1.0|0.24;db_min_dapp_min|1.0|0.24;db_min_dapp_max|1.0|0.24;db_max_dapp_min|1.0|0.24;db_max_dapp_max|1.0|0.24,0.015159721416592192,db_min_dapp_max|1.0|0.24,0.016352566185545297,nominal_log_center|1.0|0.24,0.0011928447689531045,0.016352566185545297,0.036472708791342755
coefficient_rectangle,temperature_only,return_first_hexane_flux_mol_m2_s,5,nominal_log_center|1.0|0.24;db_min_dapp_min|1.0|0.24;db_min_dapp_max|1.0|0.24;db_max_dapp_min|1.0|0.24;db_max_dapp_max|1.0|0.24,0.06677202774878703,db_max_dapp_min|1.0|0.24,0.0685960036730519,db_max_dapp_max|1.0|0.24,0.0018239759242648645,0.06823549645186135,0.013365301192991537
coefficient_rectangle,temperature_only,return_first_hexane_independent_diffusion_flux_mol_m2_s,5,nominal_log_center|1.0|0.24;db_min_dapp_min|1.0|0.24;db_min_dapp_max|1.0|0.24;db_max_dapp_min|1.0|0.24;db_max_dapp_max|1.0|0.24,2.7100280191447613e-06,db_min_dapp_max|1.0|0.24,8.367158642603184e-06,db_max_dapp_min|1.0|0.24,5.657130623458422e-06,5.5398078488869294e-06,0.5105890653405123
coefficient_rectangle,temperature_only,return_first_water_flux_mol_m2_s,5,nominal_log_center|1.0|0.24;db_min_dapp_min|1.0|0.24;db_min_dapp_max|1.0|0.24;db_max_dapp_min|1.0|0.24;db_max_dapp_max|1.0|0.24,0.015159721416592192,db_min_dapp_max|1.0|0.24,0.016352566185545297,nominal_log_center|1.0|0.24,0.0011928447689531045,0.016352566185545297,0.036472708791342755
coefficient_rectangle,temperature_only,return_hexane_flux_time_integral_mol_s_m2,5,nominal_log_center|1.0|0.24;db_min_dapp_min|1.0|0.24;db_min_dapp_max|1.0|0.24;db_max_dapp_min|1.0|0.24;db_max_dapp_max|1.0|0.24,0.004890986863041908,db_max_dapp_min|1.0|0.24,0.005032322849734961,db_max_dapp_max|1.0|0.24,0.00014133598669305303,0.004946069517629399,0.014287707258186084
coefficient_rectangle,temperature_only,return_water_flux_time_integral_mol_s_m2,5,nominal_log_center|1.0|0.24;db_min_dapp_min|1.0|0.24;db_min_dapp_max|1.0|0.24;db_max_dapp_min|1.0|0.24;db_max_dapp_max|1.0|0.24,0.0010957669820579404,db_min_dapp_max|1.0|0.24,0.0011816484064591274,db_min_dapp_min|1.0|0.24,8.588142440118705e-05,0.001177044085945444,0.03648182146559277
film_multiplier,combined,baseline_end_hexane_flux_mol_m2_s,2,nominal_log_center|1.0|0.24;nominal_log_center|2.0|0.24,0.08588178599824699,nominal_log_center|1.0|0.24,0.10473623670123457,nominal_log_center|2.0|0.24,0.01885445070298758,0.08588178599824699,0.10976978694511799
film_multiplier,combined,baseline_end_hexane_independent_diffusion_flux_mol_m2_s,2,nominal_log_center|1.0|0.24;nominal_log_center|2.0|0.24,4.4343504719661206e-06,nominal_log_center|2.0|0.24,8.20928244621262e-06,nominal_log_center|1.0|0.24,3.7749319742464995e-06,8.20928244621262e-06,0.2299185098685499
film_multiplier,combined,baseline_end_water_flux_mol_m2_s,2,nominal_log_center|1.0|0.24;nominal_log_center|2.0|0.24,0.019622037213363,nominal_log_center|1.0|0.24,0.025744302127327583,nominal_log_center|2.0|0.24,0.006122264913964583,0.019622037213363,0.1560048237446823
film_multiplier,combined,baseline_hexane_flux_time_integral_mol_s_m2,2,nominal_log_center|1.0|0.24;nominal_log_center|2.0|0.24,0.006441133949868524,nominal_log_center|1.0|0.24,0.007855217752592594,nominal_log_center|2.0|0.24,0.0014140838027240695,0.006441133949868524,0.10976978694511808
film_multiplier,combined,baseline_water_flux_time_integral_mol_s_m2,2,nominal_log_center|1.0|0.24;nominal_log_center|2.0|0.24,0.001471652791002225,nominal_log_center|1.0|0.24,0.0019308226595495688,nominal_log_center|2.0|0.24,0.0004591698685473438,0.001471652791002225,0.1560048237446823
film_multiplier,combined,cumulative_boundary_energy_out_j,2,nominal_log_center|1.0|0.24;nominal_log_center|2.0|0.24,-0.0166827315070861,nominal_log_center|2.0|0.24,-0.0076205672128093396,nominal_log_center|1.0|0.24,0.009062164294276762,-0.0076205672128093396,0.5945859436187543
film_multiplier,combined,cumulative_boundary_hexane_out_mol,2,nominal_log_center|1.0|0.24;nominal_log_center|2.0|0.24,1.5257930411946158e-07,nominal_log_center|1.0|0.24,1.854064122294056e-07,nominal_log_center|2.0|0.24,3.282710810994403e-08,1.5257930411946158e-07,0.10757392131059311
film_multiplier,combined,final_free_liquid_water_mol,2,nominal_log_center|1.0|0.24;nominal_log_center|2.0|0.24,0.0,nominal_log_center|1.0|0.24,0.0,nominal_log_center|1.0|0.24,0.0,0.0,
film_multiplier,combined,final_front_position_over_radius,2,nominal_log_center|1.0|0.24;nominal_log_center|2.0|0.24,0.5773002481901214,nominal_log_center|2.0|0.24,0.5780560480129942,nominal_log_center|1.0|0.24,0.0007557998228727714,0.5780560480129942,0.00065374268245333
film_multiplier,combined,final_front_z,2,nominal_log_center|1.0|0.24;nominal_log_center|2.0|0.24,0.19240007306401072,nominal_log_center|2.0|0.24,0.19315673168044792,nominal_log_center|1.0|0.24,0.0007566586164372002,0.19315673168044792,0.0019586648879755097
film_multiplier,combined,final_interface_temperature_k,2,nominal_log_center|1.0|0.24;nominal_log_center|2.0|0.24,337.7100704810858,nominal_log_center|1.0|0.24,337.71064029473047,nominal_log_center|2.0|0.24,0.0005698136446881108,337.7100704810858,8.436432527409995e-07
film_multiplier,combined,final_pore_vapor_water_mol,2,nominal_log_center|1.0|0.24;nominal_log_center|2.0|0.24,2.1715349533239374e-09,nominal_log_center|1.0|0.24,2.2704974463883557e-09,nominal_log_center|2.0|0.24,9.896249306441834e-11,2.1715349533239374e-09,0.022786299827441847
film_multiplier,combined,final_retained_water_mol,2,nominal_log_center|1.0|0.24;nominal_log_center|2.0|0.24,2.1938732821096698e-05,nominal_log_center|2.0|0.24,2.1950726103044083e-05,nominal_log_center|1.0|0.24,1.1993281947384892e-08,2.1950726103044083e-05,0.0002731864515798793
film_multiplier,combined,final_total_energy_j,2,nominal_log_center|1.0|0.24;nominal_log_center|2.0|0.24,0.4028011941346208,nominal_log_center|1.0|0.24,0.41186335842900357,nominal_log_center|2.0|0.24,0.00906216429438278,0.4028011941346208,0.011248929281170527
film_multiplier,combined,final_total_hexane_mol,2,nominal_log_center|1.0|0.24;nominal_log_center|2.0|0.24,1.8455959639191932e-06,nominal_log_center|2.0|0.24,1.8784230720294748e-06,nominal_log_center|1.0|0.24,3.2827108110281574e-08,1.8784230720294748e-06,0.008737943171347098
film_multiplier,combined,final_total_water_mol,2,nominal_log_center|1.0|0.24;nominal_log_center|2.0|0.24,2.1941003318543085e-05,nominal_log_center|2.0|0.24,2.1952897637997406e-05,nominal_log_center|1.0|0.24,1.1894319454321453e-08,2.1952897637997406e-05,0.0002709054551808697
film_multiplier,combined,maximum_front_position_over_radius,2,nominal_log_center|1.0|0.24;nominal_log_center|2.0|0.24,0.6,nominal_log_center|1.0|0.24,0.6,nominal_log_center|1.0|0.24,0.0,0.6,0.0
film_multiplier,combined,maximum_instantaneous_radial_temperature_spread_k,2,nominal_log_center|1.0|0.24;nominal_log_center|2.0|0.24,9.691968190371313,nominal_log_center|1.0|0.24,11.814593179395558,nominal_log_center|2.0|0.24,2.1226249890242457,9.691968190371313,0.10950433118079213
film_multiplier,combined,minimum_front_position_over_radius,2,nominal_log_center|1.0|0.24;nominal_log_center|2.0|0.24,0.5773002481901214,nominal_log_center|2.0|0.24,0.5780560480129942,nominal_log_center|1.0|0.24,0.0007557998228727714,0.5780560480129942,0.00065374268245333
film_multiplier,combined,minimum_material_temperature_k,2,nominal_log_center|1.0|0.24;nominal_log_center|2.0|0.24,335.0,nominal_log_center|1.0|0.24,335.0,nominal_log_center|1.0|0.24,0.0,335.0,0.0
film_multiplier,combined,peak_particle_temperature_k,2,nominal_log_center|1.0|0.24;nominal_log_center|2.0|0.24,344.9208959079657,nominal_log_center|1.0|0.24,347.0461478156291,nominal_log_center|2.0|0.24,2.1252519076634258,344.9208959079657,0.0030807816123591724
film_multiplier,combined,pulse_end_hexane_flux_mol_m2_s,2,nominal_log_center|1.0|0.24;nominal_log_center|2.0|0.24,0.054875800345128276,nominal_log_center|1.0|0.24,0.062347791616920056,nominal_log_center|2.0|0.24,0.007471991271791781,0.054875800345128276,0.06808093207569157
film_multiplier,combined,pulse_end_hexane_independent_diffusion_flux_mol_m2_s,2,nominal_log_center|1.0|0.24;nominal_log_center|2.0|0.24,-1.8971080333488178e-05,nominal_log_center|2.0|0.24,-1.5142592774896455e-05,nominal_log_center|1.0|0.24,3.8284875585917235e-06,-1.5142592774896455e-05,0.12641453202580438
film_multiplier,combined,pulse_end_water_flux_mol_m2_s,2,nominal_log_center|1.0|0.24;nominal_log_center|2.0|0.24,0.013585923809915789,nominal_log_center|1.0|0.24,0.016470667304476654,nominal_log_center|2.0|0.24,0.002884743494560865,0.013585923809915789,0.10616663006955085
film_multiplier,combined,pulse_first_hexane_flux_mol_m2_s,2,nominal_log_center|1.0|0.24;nominal_log_center|2.0|0.24,0.054875800345128276,nominal_log_center|1.0|0.24,0.062347791616920056,nominal_log_center|2.0|0.24,0.007471991271791781,0.054875800345128276,0.06808093207569157
film_multiplier,combined,pulse_first_hexane_independent_diffusion_flux_mol_m2_s,2,nominal_log_center|1.0|0.24;nominal_log_center|2.0|0.24,-1.8971080333488178e-05,nominal_log_center|2.0|0.24,-1.5142592774896455e-05,nominal_log_center|1.0|0.24,3.8284875585917235e-06,-1.5142592774896455e-05,0.12641453202580438
film_multiplier,combined,pulse_first_water_flux_mol_m2_s,2,nominal_log_center|1.0|0.24;nominal_log_center|2.0|0.24,0.013585923809915789,nominal_log_center|1.0|0.24,0.016470667304476654,nominal_log_center|2.0|0.24,0.002884743494560865,0.013585923809915789,0.10616663006955085
film_multiplier,combined,pulse_hexane_flux_time_integral_mol_s_m2,2,nominal_log_center|1.0|0.24;nominal_log_center|2.0|0.24,0.004115685025884621,nominal_log_center|1.0|0.24,0.004676084371269005,nominal_log_center|2.0|0.24,0.0005603993453843839,0.004115685025884621,0.06808093207569162
film_multiplier,combined,pulse_water_flux_time_integral_mol_s_m2,2,nominal_log_center|1.0|0.24;nominal_log_center|2.0|0.24,0.001018944285743684,nominal_log_center|1.0|0.24,0.001235300047835749,nominal_log_center|2.0|0.24,0.0002163557620920649,0.001018944285743684,0.10616663006955088
film_multiplier,combined,return_end_hexane_flux_mol_m2_s,2,nominal_log_center|1.0|0.24;nominal_log_center|2.0|0.24,0.06822895055246019,nominal_log_center|1.0|0.24,0.08570150792040795,nominal_log_center|2.0|0.24,0.01747255736794777,0.06822895055246019,0.12804357407280792
film_multiplier,combined,return_end_hexane_independent_diffusion_flux_mol_m2_s,2,nominal_log_center|1.0|0.24;nominal_log_center|2.0|0.24,-1.6375884822623328e-06,nominal_log_center|2.0|0.24,5.5706698270934944e-06,nominal_log_center|1.0|0.24,7.208258309355827e-06,5.5706698270934944e-06,0.6469830857949759
film_multiplier,combined,return_end_water_flux_mol_m2_s,2,nominal_log_center|1.0|0.24;nominal_log_center|2.0|0.24,0.016341174186479134,nominal_log_center|1.0|0.24,0.02344147298104457,nominal_log_center|2.0|0.24,0.007100298794565436,0.016341174186479134,0.21725179333931524
film_multiplier,combined,return_first_hexane_flux_mol_m2_s,2,nominal_log_center|1.0|0.24;nominal_log_center|2.0|0.24,0.06822895055246019,nominal_log_center|1.0|0.24,0.08570150792040795,nominal_log_center|2.0|0.24,0.01747255736794777,0.06822895055246019,0.12804357407280792
film_multiplier,combined,return_first_hexane_independent_diffusion_flux_mol_m2_s,2,nominal_log_center|1.0|0.24;nominal_log_center|2.0|0.24,-1.6375884822623328e-06,nominal_log_center|2.0|0.24,5.5706698270934944e-06,nominal_log_center|1.0|0.24,7.208258309355827e-06,5.5706698270934944e-06,0.6469830857949759
film_multiplier,combined,return_first_water_flux_mol_m2_s,2,nominal_log_center|1.0|0.24;nominal_log_center|2.0|0.24,0.016341174186479134,nominal_log_center|1.0|0.24,0.02344147298104457,nominal_log_center|2.0|0.24,0.007100298794565436,0.016341174186479134,0.21725179333931524
film_multiplier,combined,return_hexane_flux_time_integral_mol_s_m2,2,nominal_log_center|1.0|0.24;nominal_log_center|2.0|0.24,0.00494559122829671,nominal_log_center|1.0|0.24,0.006306418191018248,nominal_log_center|2.0|0.24,0.0013608269627215386,0.00494559122829671,0.13757980592243724
film_multiplier,combined,return_water_flux_time_integral_mol_s_m2,2,nominal_log_center|1.0|0.24;nominal_log_center|2.0|0.24,0.0011761904036118338,nominal_log_center|1.0|0.24,0.0017091551422491504,nominal_log_center|2.0|0.24,0.0005329647386373166,0.0011761904036118338,0.22656397170079512
film_multiplier,composition_only,baseline_end_hexane_flux_mol_m2_s,2,nominal_log_center|1.0|0.24;nominal_log_center|2.0|0.24,0.08588178599824699,nominal_log_center|1.0|0.24,0.10473623670123457,nominal_log_center|2.0|0.24,0.01885445070298758,0.08588178599824699,0.10976978694511799
film_multiplier,composition_only,baseline_end_hexane_independent_diffusion_flux_mol_m2_s,2,nominal_log_center|1.0|0.24;nominal_log_center|2.0|0.24,4.4343504719661206e-06,nominal_log_center|2.0|0.24,8.20928244621262e-06,nominal_log_center|1.0|0.24,3.7749319742464995e-06,8.20928244621262e-06,0.2299185098685499
film_multiplier,composition_only,baseline_end_water_flux_mol_m2_s,2,nominal_log_center|1.0|0.24;nominal_log_center|2.0|0.24,0.019622037213363,nominal_log_center|1.0|0.24,0.025744302127327583,nominal_log_center|2.0|0.24,0.006122264913964583,0.019622037213363,0.1560048237446823
film_multiplier,composition_only,baseline_hexane_flux_time_integral_mol_s_m2,2,nominal_log_center|1.0|0.24;nominal_log_center|2.0|0.24,0.006441133949868524,nominal_log_center|1.0|0.24,0.007855217752592594,nominal_log_center|2.0|0.24,0.0014140838027240695,0.006441133949868524,0.10976978694511808
film_multiplier,composition_only,baseline_water_flux_time_integral_mol_s_m2,2,nominal_log_center|1.0|0.24;nominal_log_center|2.0|0.24,0.001471652791002225,nominal_log_center|1.0|0.24,0.0019308226595495688,nominal_log_center|2.0|0.24,0.0004591698685473438,0.001471652791002225,0.1560048237446823
film_multiplier,composition_only,cumulative_boundary_energy_out_j,2,nominal_log_center|1.0|0.24;nominal_log_center|2.0|0.24,-0.02215328741996529,nominal_log_center|2.0|0.24,-0.010430713828752535,nominal_log_center|1.0|0.24,0.011722573591212754,-0.010430713828752535,0.561925760004036
film_multiplier,composition_only,cumulative_boundary_hexane_out_mol,2,nominal_log_center|1.0|0.24;nominal_log_center|2.0|0.24,1.631760824622742e-07,nominal_log_center|1.0|0.24,2.0316781843686834e-07,nominal_log_center|2.0|0.24,3.999173597459415e-08,1.631760824622742e-07,0.12254165981659755
film_multiplier,composition_only,final_free_liquid_water_mol,2,nominal_log_center|1.0|0.24;nominal_log_center|2.0|0.24,0.0,nominal_log_center|1.0|0.24,0.0,nominal_log_center|1.0|0.24,0.0,0.0,
film_multiplier,composition_only,final_front_position_over_radius,2,nominal_log_center|1.0|0.24;nominal_log_center|2.0|0.24,0.5768897631307403,nominal_log_center|2.0|0.24,0.5778556417649064,nominal_log_center|1.0|0.24,0.0009658786341661951,0.5778556417649064,0.0008357438816519777
film_multiplier,composition_only,final_front_z,2,nominal_log_center|1.0|0.24;nominal_log_center|2.0|0.24,0.19198995088212467,nominal_log_center|2.0|0.24,0.19295590480249897,nominal_log_center|1.0|0.24,0.0009659539203742962,0.19295590480249897,0.002503043172902647
film_multiplier,composition_only,final_interface_temperature_k,2,nominal_log_center|1.0|0.24;nominal_log_center|2.0|0.24,337.7102158833213,nominal_log_center|1.0|0.24,337.7109228942418,nominal_log_center|2.0|0.24,0.000707010920450557,337.7102158833213,1.0467715917347742e-06
film_multiplier,composition_only,final_pore_vapor_water_mol,2,nominal_log_center|1.0|0.24;nominal_log_center|2.0|0.24,2.2013353136296534e-09,nominal_log_center|1.0|0.24,2.3330740860092617e-09,nominal_log_center|2.0|0.24,1.3173877237960827e-10,2.2013353136296534e-09,0.029922468322736324
film_multiplier,composition_only,final_retained_water_mol,2,nominal_log_center|1.0|0.24;nominal_log_center|2.0|0.24,2.1931305510795912e-05,nominal_log_center|2.0|0.24,2.1947130582029648e-05,nominal_log_center|1.0|0.24,1.5825071233735265e-08,2.1947130582029648e-05,0.0003605271125213258
film_multiplier,composition_only,final_total_energy_j,2,nominal_log_center|1.0|0.24;nominal_log_center|2.0|0.24,0.40561134075066085,nominal_log_center|1.0|0.24,0.4173339143417392,nominal_log_center|2.0|0.24,0.011722573591078367,0.40561134075066085,0.014450500286041704
film_multiplier,composition_only,final_total_hexane_mol,2,nominal_log_center|1.0|0.24;nominal_log_center|2.0|0.24,1.8278345577122969e-06,nominal_log_center|2.0|0.24,1.8678262936862988e-06,nominal_log_center|1.0|0.24,3.999173597400194e-08,1.8678262936862988e-06,0.010705421620089514
film_multiplier,composition_only,final_total_water_mol,2,nominal_log_center|1.0|0.24;nominal_log_center|2.0|0.24,2.1933638584881922e-05,nominal_log_center|2.0|0.24,2.1949331917343277e-05,nominal_log_center|1.0|0.24,1.569333246135478e-08,2.1949331917343277e-05,0.0003574899801154012
film_multiplier,composition_only,maximum_front_position_over_radius,2,nominal_log_center|1.0|0.24;nominal_log_center|2.0|0.24,0.6,nominal_log_center|1.0|0.24,0.6,nominal_log_center|1.0|0.24,0.0,0.6,0.0
film_multiplier,composition_only,maximum_instantaneous_radial_temperature_spread_k,2,nominal_log_center|1.0|0.24;nominal_log_center|2.0|0.24,10.292379343521134,nominal_log_center|1.0|0.24,12.999754109931644,nominal_log_center|2.0|0.24,2.70737476641051,10.292379343521134,0.13152326959823693
film_multiplier,composition_only,minimum_front_position_over_radius,2,nominal_log_center|1.0|0.24;nominal_log_center|2.0|0.24,0.5768897631307403,nominal_log_center|2.0|0.24,0.5778556417649064,nominal_log_center|1.0|0.24,0.0009658786341661951,0.5778556417649064,0.0008357438816519777
film_multiplier,composition_only,minimum_material_temperature_k,2,nominal_log_center|1.0|0.24;nominal_log_center|2.0|0.24,335.0,nominal_log_center|1.0|0.24,335.0,nominal_log_center|1.0|0.24,0.0,335.0,0.0
film_multiplier,composition_only,peak_particle_temperature_k,2,nominal_log_center|1.0|0.24;nominal_log_center|2.0|0.24,345.5217962375073,nominal_log_center|1.0|0.24,348.2323717358265,nominal_log_center|2.0|0.24,2.7105754983192014,345.5217962375073,0.003922437785163611
film_multiplier,composition_only,pulse_end_hexane_flux_mol_m2_s,2,nominal_log_center|1.0|0.24;nominal_log_center|2.0|0.24,0.06844593862663183,nominal_log_center|1.0|0.24,0.0856256943720195,nominal_log_center|2.0|0.24,0.017179755745387673,0.06844593862663183,0.12549872271532522
film_multiplier,composition_only,pulse_end_hexane_independent_diffusion_flux_mol_m2_s,2,nominal_log_center|1.0|0.24;nominal_log_center|2.0|0.24,-2.436749746491375e-05,nominal_log_center|2.0|0.24,-1.770767128102961e-05,nominal_log_center|1.0|0.24,6.659826183884139e-06,-1.770767128102961e-05,0.18804918157191203
film_multiplier,composition_only,pulse_end_water_flux_mol_m2_s,2,nominal_log_center|1.0|0.24;nominal_log_center|2.0|0.24,0.017575043123993904,nominal_log_center|1.0|0.24,0.024444693192725072,nominal_log_center|2.0|0.24,0.006869650068731168,0.017575043123993904,0.19543764474047132
film_multiplier,composition_only,pulse_first_hexane_flux_mol_m2_s,2,nominal_log_center|1.0|0.24;nominal_log_center|2.0|0.24,0.06844593862663183,nominal_log_center|1.0|0.24,0.0856256943720195,nominal_log_center|2.0|0.24,0.017179755745387673,0.06844593862663183,0.12549872271532522
film_multiplier,composition_only,pulse_first_hexane_independent_diffusion_flux_mol_m2_s,2,nominal_log_center|1.0|0.24;nominal_log_center|2.0|0.24,-2.436749746491375e-05,nominal_log_center|2.0|0.24,-1.770767128102961e-05,nominal_log_center|1.0|0.24,6.659826183884139e-06,-1.770767128102961e-05,0.18804918157191203
film_multiplier,composition_only,pulse_first_water_flux_mol_m2_s,2,nominal_log_center|1.0|0.24;nominal_log_center|2.0|0.24,0.017575043123993904,nominal_log_center|1.0|0.24,0.024444693192725072,nominal_log_center|2.0|0.24,0.006869650068731168,0.017575043123993904,0.19543764474047132
film_multiplier,composition_only,pulse_hexane_flux_time_integral_mol_s_m2,2,nominal_log_center|1.0|0.24;nominal_log_center|2.0|0.24,0.005133445396997388,nominal_log_center|1.0|0.24,0.006421927077901462,nominal_log_center|2.0|0.24,0.0012884816809040746,0.005133445396997388,0.12549872271532514
film_multiplier,composition_only,pulse_water_flux_time_integral_mol_s_m2,2,nominal_log_center|1.0|0.24;nominal_log_center|2.0|0.24,0.0013181282342995429,nominal_log_center|1.0|0.24,0.0018333519894543804,nominal_log_center|2.0|0.24,0.0005152237551548375,0.0013181282342995429,0.1954376447404713
film_multiplier,composition_only,return_end_hexane_flux_mol_m2_s,2,nominal_log_center|1.0|0.24;nominal_log_center|2.0|0.24,0.06898892313745719,nominal_log_center|1.0|0.24,0.08636530568007614,nominal_log_center|2.0|0.24,0.017376382542618946,0.06898892313745719,0.12593603257147035
film_multiplier,composition_only,return_end_hexane_independent_diffusion_flux_mol_m2_s,2,nominal_log_center|1.0|0.24;nominal_log_center|2.0|0.24,-5.8508814037243645e-06,nominal_log_center|2.0|0.24,3.5768791387960864e-06,nominal_log_center|1.0|0.24,9.427760542520451e-06,3.5768791387960864e-06,1.3178751890528886
film_multiplier,composition_only,return_end_water_flux_mol_m2_s,2,nominal_log_center|1.0|0.24;nominal_log_center|2.0|0.24,0.01716794460524725,nominal_log_center|1.0|0.24,0.025366257201867987,nominal_log_center|2.0|0.24,0.008198312596620738,0.01716794460524725,0.23876802917091738
film_multiplier,composition_only,return_first_hexane_flux_mol_m2_s,2,nominal_log_center|1.0|0.24;nominal_log_center|2.0|0.24,0.06898892313745719,nominal_log_center|1.0|0.24,0.08636530568007614,nominal_log_center|2.0|0.24,0.017376382542618946,0.06898892313745719,0.12593603257147035
film_multiplier,composition_only,return_first_hexane_independent_diffusion_flux_mol_m2_s,2,nominal_log_center|1.0|0.24;nominal_log_center|2.0|0.24,-5.8508814037243645e-06,nominal_log_center|2.0|0.24,3.5768791387960864e-06,nominal_log_center|1.0|0.24,9.427760542520451e-06,3.5768791387960864e-06,1.3178751890528886
film_multiplier,composition_only,return_first_water_flux_mol_m2_s,2,nominal_log_center|1.0|0.24;nominal_log_center|2.0|0.24,0.01716794460524725,nominal_log_center|1.0|0.24,0.025366257201867987,nominal_log_center|2.0|0.24,0.008198312596620738,0.01716794460524725,0.23876802917091738
film_multiplier,composition_only,return_hexane_flux_time_integral_mol_s_m2,2,nominal_log_center|1.0|0.24;nominal_log_center|2.0|0.24,0.005004488046438484,nominal_log_center|1.0|0.24,0.006365175435983842,nominal_log_center|2.0|0.24,0.001360687389545358,0.005004488046438484,0.13594671192328162
film_multiplier,composition_only,return_water_flux_time_integral_mol_s_m2,2,nominal_log_center|1.0|0.24;nominal_log_center|2.0|0.24,0.0012392919225904357,nominal_log_center|1.0|0.24,0.0018593771721032884,nominal_log_center|2.0|0.24,0.0006200852495128527,0.0012392919225904357,0.2501772335515254
film_multiplier,temperature_only,baseline_end_hexane_flux_mol_m2_s,2,nominal_log_center|1.0|0.24;nominal_log_center|2.0|0.24,0.08588178599824699,nominal_log_center|1.0|0.24,0.10473623670123457,nominal_log_center|2.0|0.24,0.01885445070298758,0.08588178599824699,0.10976978694511799
film_multiplier,temperature_only,baseline_end_hexane_independent_diffusion_flux_mol_m2_s,2,nominal_log_center|1.0|0.24;nominal_log_center|2.0|0.24,4.4343504719661206e-06,nominal_log_center|2.0|0.24,8.20928244621262e-06,nominal_log_center|1.0|0.24,3.7749319742464995e-06,8.20928244621262e-06,0.2299185098685499
film_multiplier,temperature_only,baseline_end_water_flux_mol_m2_s,2,nominal_log_center|1.0|0.24;nominal_log_center|2.0|0.24,0.019622037213363,nominal_log_center|1.0|0.24,0.025744302127327583,nominal_log_center|2.0|0.24,0.006122264913964583,0.019622037213363,0.1560048237446823
film_multiplier,temperature_only,baseline_hexane_flux_time_integral_mol_s_m2,2,nominal_log_center|1.0|0.24;nominal_log_center|2.0|0.24,0.006441133949868524,nominal_log_center|1.0|0.24,0.007855217752592594,nominal_log_center|2.0|0.24,0.0014140838027240695,0.006441133949868524,0.10976978694511808
film_multiplier,temperature_only,baseline_water_flux_time_integral_mol_s_m2,2,nominal_log_center|1.0|0.24;nominal_log_center|2.0|0.24,0.001471652791002225,nominal_log_center|1.0|0.24,0.0019308226595495688,nominal_log_center|2.0|0.24,0.0004591698685473438,0.001471652791002225,0.1560048237446823
film_multiplier,temperature_only,cumulative_boundary_energy_out_j,2,nominal_log_center|1.0|0.24;nominal_log_center|2.0|0.24,-0.01671971152407517,nominal_log_center|2.0|0.24,-0.007658543550009982,nominal_log_center|1.0|0.24,0.009061167974065188,-0.007658543550009982,0.5915725303966821
film_multiplier,temperature_only,cumulative_boundary_hexane_out_mol,2,nominal_log_center|1.0|0.24;nominal_log_center|2.0|0.24,1.527105136233968e-07,nominal_log_center|1.0|0.24,1.8551709345049373e-07,nominal_log_center|2.0|0.24,3.2806579827096934e-08,1.527105136233968e-07,0.10741428028983668
film_multiplier,temperature_only,final_free_liquid_water_mol,2,nominal_log_center|1.0|0.24;nominal_log_center|2.0|0.24,0.0,nominal_log_center|1.0|0.24,0.0,nominal_log_center|1.0|0.24,0.0,0.0,
film_multiplier,temperature_only,final_front_position_over_radius,2,nominal_log_center|1.0|0.24;nominal_log_center|2.0|0.24,0.5772978694043188,nominal_log_center|2.0|0.24,0.5780537000780351,nominal_log_center|1.0|0.24,0.0007558306737163178,0.5780537000780351,0.000653772022923029
film_multiplier,temperature_only,final_front_z,2,nominal_log_center|1.0|0.24;nominal_log_center|2.0|0.24,0.19239769470018123,nominal_log_center|2.0|0.24,0.1931543780110987,nominal_log_center|1.0|0.24,0.0007566833109174664,0.1931543780110987,0.0019587526793567868
film_multiplier,temperature_only,final_interface_temperature_k,2,nominal_log_center|1.0|0.24;nominal_log_center|2.0|0.24,337.7100721982139,nominal_log_center|1.0|0.24,337.7106419545903,nominal_log_center|2.0|0.24,0.0005697563764215374,337.7100721982139,8.43558459350788e-07
film_multiplier,temperature_only,final_pore_vapor_water_mol,2,nominal_log_center|1.0|0.24;nominal_log_center|2.0|0.24,2.1719491630192805e-09,nominal_log_center|1.0|0.24,2.2709292141953303e-09,nominal_log_center|2.0|0.24,9.898005117604985e-11,2.1719491630192805e-09,0.02278599629801077
film_multiplier,temperature_only,final_retained_water_mol,2,nominal_log_center|1.0|0.24;nominal_log_center|2.0|0.24,2.1939574587484347e-05,nominal_log_center|2.0|0.24,2.1951568216347005e-05,nominal_log_center|1.0|0.24,1.199362886265755e-08,2.1951568216347005e-05,0.0002731838733445493
film_multiplier,temperature_only,final_total_energy_j,2,nominal_log_center|1.0|0.24;nominal_log_center|2.0|0.24,0.40283917047186246,nominal_log_center|1.0|0.24,0.41190033844587437,nominal_log_center|2.0|0.24,0.009061167974011908,0.40283917047186246,0.0112466322023727
film_multiplier,temperature_only,final_total_hexane_mol,2,nominal_log_center|1.0|0.24;nominal_log_center|2.0|0.24,1.845485282698584e-06,nominal_log_center|2.0|0.24,1.8782918625253978e-06,nominal_log_center|1.0|0.24,3.280657982681381e-08,1.8782918625253978e-06,0.008733088952082442
film_multiplier,temperature_only,final_total_water_mol,2,nominal_log_center|1.0|0.24;nominal_log_center|2.0|0.24,2.194184551669854e-05,nominal_log_center|2.0|0.24,2.1953740165510023e-05,nominal_log_center|1.0|0.24,1.189464881148203e-08,2.1953740165510023e-05,0.00027090255969615775
film_multiplier,temperature_only,maximum_front_position_over_radius,2,nominal_log_center|1.0|0.24;nominal_log_center|2.0|0.24,0.6,nominal_log_center|1.0|0.24,0.6,nominal_log_center|1.0|0.24,0.0,0.6,0.0
film_multiplier,temperature_only,maximum_instantaneous_radial_temperature_spread_k,2,nominal_log_center|1.0|0.24;nominal_log_center|2.0|0.24,9.699009778835205,nominal_log_center|1.0|0.24,11.821472707380565,nominal_log_center|2.0|0.24,2.1224629285453602,9.699009778835205,0.1094164753383853
film_multiplier,temperature_only,minimum_front_position_over_radius,2,nominal_log_center|1.0|0.24;nominal_log_center|2.0|0.24,0.5772978694043188,nominal_log_center|2.0|0.24,0.5780537000780351,nominal_log_center|1.0|0.24,0.0007558306737163178,0.5780537000780351,0.000653772022923029
film_multiplier,temperature_only,minimum_material_temperature_k,2,nominal_log_center|1.0|0.24;nominal_log_center|2.0|0.24,335.0,nominal_log_center|1.0|0.24,335.0,nominal_log_center|1.0|0.24,0.0,335.0,0.0
film_multiplier,temperature_only,peak_particle_temperature_k,2,nominal_log_center|1.0|0.24;nominal_log_center|2.0|0.24,344.9279431974544,nominal_log_center|1.0|0.24,347.0530334700459,nominal_log_center|2.0|0.24,2.1250902725914784,344.9279431974544,0.0030804843656504917
film_multiplier,temperature_only,pulse_end_hexane_flux_mol_m2_s,2,nominal_log_center|1.0|0.24;nominal_log_center|2.0|0.24,0.0550471723417383,nominal_log_center|1.0|0.24,0.062498027710035584,nominal_log_center|2.0|0.24,0.007450855368297281,0.0550471723417383,0.06767700366189232
film_multiplier,temperature_only,pulse_end_hexane_independent_diffusion_flux_mol_m2_s,2,nominal_log_center|1.0|0.24;nominal_log_center|2.0|0.24,4.3234994874142446e-06,nominal_log_center|2.0|0.24,8.247205167100183e-06,nominal_log_center|1.0|0.24,3.9237056796859385e-06,8.247205167100183e-06,0.23788093058109047
film_multiplier,temperature_only,pulse_end_water_flux_mol_m2_s,2,nominal_log_center|1.0|0.24;nominal_log_center|2.0|0.24,0.012433171469697744,nominal_log_center|1.0|0.24,0.015316474452870201,nominal_log_center|2.0|0.24,0.0028833029831724574,0.012433171469697744,0.11595203163568016
film_multiplier,temperature_only,pulse_first_hexane_flux_mol_m2_s,2,nominal_log_center|1.0|0.24;nominal_log_center|2.0|0.24,0.0550471723417383,nominal_log_center|1.0|0.24,0.062498027710035584,nominal_log_center|2.0|0.24,0.007450855368297281,0.0550471723417383,0.06767700366189232
film_multiplier,temperature_only,pulse_first_hexane_independent_diffusion_flux_mol_m2_s,2,nominal_log_center|1.0|0.24;nominal_log_center|2.0|0.24,4.3234994874142446e-06,nominal_log_center|2.0|0.24,8.247205167100183e-06,nominal_log_center|1.0|0.24,3.9237056796859385e-06,8.247205167100183e-06,0.23788093058109047
film_multiplier,temperature_only,pulse_first_water_flux_mol_m2_s,2,nominal_log_center|1.0|0.24;nominal_log_center|2.0|0.24,0.012433171469697744,nominal_log_center|1.0|0.24,0.015316474452870201,nominal_log_center|2.0|0.24,0.0028833029831724574,0.012433171469697744,0.11595203163568016
film_multiplier,temperature_only,pulse_hexane_flux_time_integral_mol_s_m2,2,nominal_log_center|1.0|0.24;nominal_log_center|2.0|0.24,0.004128537925630373,nominal_log_center|1.0|0.24,0.004687352078252669,nominal_log_center|2.0|0.24,0.0005588141526222954,0.004128537925630373,0.06767700366189222
film_multiplier,temperature_only,pulse_water_flux_time_integral_mol_s_m2,2,nominal_log_center|1.0|0.24;nominal_log_center|2.0|0.24,0.0009324878602273308,nominal_log_center|1.0|0.24,0.0011487355839652652,nominal_log_center|2.0|0.24,0.0002162477237379343,0.0009324878602273308,0.11595203163568014
film_multiplier,temperature_only,return_end_hexane_flux_mol_m2_s,2,nominal_log_center|1.0|0.24;nominal_log_center|2.0|0.24,0.06823549645186135,nominal_log_center|1.0|0.24,0.08570127780405593,nominal_log_center|2.0|0.24,0.01746578135219458,0.06823549645186135,0.12798163903237889
film_multiplier,temperature_only,return_end_hexane_independent_diffusion_flux_mol_m2_s,2,nominal_log_center|1.0|0.24;nominal_log_center|2.0|0.24,-1.6699897341311511e-06,nominal_log_center|2.0|0.24,5.5398078488869294e-06,nominal_log_center|1.0|0.24,7.20979758301808e-06,5.5398078488869294e-06,0.6507263229776723
film_multiplier,temperature_only,return_end_water_flux_mol_m2_s,2,nominal_log_center|1.0|0.24;nominal_log_center|2.0|0.24,0.016352566185545297,nominal_log_center|1.0|0.24,0.023454537489474635,nominal_log_center|2.0|0.24,0.007101971303929339,0.016352566185545297,0.2171515841411809
film_multiplier,temperature_only,return_first_hexane_flux_mol_m2_s,2,nominal_log_center|1.0|0.24;nominal_log_center|2.0|0.24,0.06823549645186135,nominal_log_center|1.0|0.24,0.08570127780405593,nominal_log_center|2.0|0.24,0.01746578135219458,0.06823549645186135,0.12798163903237889
film_multiplier,temperature_only,return_first_hexane_independent_diffusion_flux_mol_m2_s,2,nominal_log_center|1.0|0.24;nominal_log_center|2.0|0.24,-1.6699897341311511e-06,nominal_log_center|2.0|0.24,5.5398078488869294e-06,nominal_log_center|1.0|0.24,7.20979758301808e-06,5.5398078488869294e-06,0.6507263229776723
film_multiplier,temperature_only,return_first_water_flux_mol_m2_s,2,nominal_log_center|1.0|0.24;nominal_log_center|2.0|0.24,0.016352566185545297,nominal_log_center|1.0|0.24,0.023454537489474635,nominal_log_center|2.0|0.24,0.007101971303929339,0.016352566185545297,0.2171515841411809
film_multiplier,temperature_only,return_hexane_flux_time_integral_mol_s_m2,2,nominal_log_center|1.0|0.24;nominal_log_center|2.0|0.24,0.004946069517629399,nominal_log_center|1.0|0.24,0.006306395952095245,nominal_log_center|2.0|0.24,0.0013603264344658455,0.004946069517629399,0.13751590324571863
film_multiplier,temperature_only,return_water_flux_time_integral_mol_s_m2,2,nominal_log_center|1.0|0.24;nominal_log_center|2.0|0.24,0.001177044085945444,nominal_log_center|1.0|0.24,0.001710150323362858,nominal_log_center|2.0|0.24,0.0005331062374174141,0.001177044085945444,0.22645975787270703
structural_conductivity,combined,baseline_end_hexane_flux_mol_m2_s,2,nominal_log_center|1.0|0.24;nominal_log_center|1.0|0.29,0.08588178599824699,nominal_log_center|1.0|0.24,0.095034889159794,nominal_log_center|1.0|0.29,0.009153103161547008,0.08588178599824699,0.0532889660779402
structural_conductivity,combined,baseline_end_hexane_independent_diffusion_flux_mol_m2_s,2,nominal_log_center|1.0|0.24;nominal_log_center|1.0|0.29,8.20928244621262e-06,nominal_log_center|1.0|0.24,8.4625501196705e-06,nominal_log_center|1.0|0.29,2.5326767345787946e-07,8.20928244621262e-06,0.015425688853885478
structural_conductivity,combined,baseline_end_water_flux_mol_m2_s,2,nominal_log_center|1.0|0.24;nominal_log_center|1.0|0.29,0.019622037213363,nominal_log_center|1.0|0.24,0.02164927701390183,nominal_log_center|1.0|0.29,0.00202723980053883,0.019622037213363,0.05165722036135573
structural_conductivity,combined,baseline_hexane_flux_time_integral_mol_s_m2,2,nominal_log_center|1.0|0.24;nominal_log_center|1.0|0.29,0.006441133949868524,nominal_log_center|1.0|0.24,0.00712761668698455,nominal_log_center|1.0|0.29,0.0006864827371160257,0.006441133949868524,0.05328896607794022
structural_conductivity,combined,baseline_water_flux_time_integral_mol_s_m2,2,nominal_log_center|1.0|0.24;nominal_log_center|1.0|0.29,0.001471652791002225,nominal_log_center|1.0|0.24,0.0016236957760426371,nominal_log_center|1.0|0.29,0.0001520429850404121,0.001471652791002225,0.05165722036135568
structural_conductivity,combined,cumulative_boundary_energy_out_j,2,nominal_log_center|1.0|0.24;nominal_log_center|1.0|0.29,-0.0076205672128093396,nominal_log_center|1.0|0.24,-0.0072426502563031295,nominal_log_center|1.0|0.29,0.00037791695650621,-0.0076205672128093396,0.024795854819768072
structural_conductivity,combined,cumulative_boundary_hexane_out_mol,2,nominal_log_center|1.0|0.24;nominal_log_center|1.0|0.29,1.5257930411946158e-07,nominal_log_center|1.0|0.24,1.7300541623661956e-07,nominal_log_center|1.0|0.29,2.042611211715798e-08,1.5257930411946158e-07,0.06693605084594371
structural_conductivity,combined,final_free_liquid_water_mol,2,nominal_log_center|1.0|0.24;nominal_log_center|1.0|0.29,0.0,nominal_log_center|1.0|0.24,0.0,nominal_log_center|1.0|0.24,0.0,0.0,
structural_conductivity,combined,final_front_position_over_radius,2,nominal_log_center|1.0|0.24;nominal_log_center|1.0|0.29,0.5744952218125542,nominal_log_center|1.0|0.29,0.5780560480129942,nominal_log_center|1.0|0.24,0.0035608262004399593,0.5780560480129942,0.0030800008171179235
structural_conductivity,combined,final_front_z,2,nominal_log_center|1.0|0.24;nominal_log_center|1.0|0.29,0.18960913753846617,nominal_log_center|1.0|0.29,0.19315673168044792,nominal_log_center|1.0|0.24,0.003547594141981747,0.19315673168044792,0.009183200893693856
structural_conductivity,combined,final_interface_temperature_k,2,nominal_log_center|1.0|0.24;nominal_log_center|1.0|0.29,337.7100704810858,nominal_log_center|1.0|0.24,337.71106169272997,nominal_log_center|1.0|0.29,0.0009912116441910257,337.7100704810858,1.4675482474937636e-06
structural_conductivity,combined,final_pore_vapor_water_mol,2,nominal_log_center|1.0|0.24;nominal_log_center|1.0|0.29,2.1652334883363946e-09,nominal_log_center|1.0|0.29,2.1715349533239374e-09,nominal_log_center|1.0|0.24,6.301464987542743e-12,2.1715349533239374e-09,0.0014509241442089572
structural_conductivity,combined,final_retained_water_mol,2,nominal_log_center|1.0|0.24;nominal_log_center|1.0|0.29,2.1946213613715288e-05,nominal_log_center|1.0|0.29,2.1950726103044083e-05,nominal_log_center|1.0|0.24,4.512489328794905e-09,2.1950726103044083e-05,0.00010278678954882321
structural_conductivity,combined,final_total_energy_j,2,nominal_log_center|1.0|0.24;nominal_log_center|1.0|0.29,0.4024232771781675,nominal_log_center|1.0|0.29,0.4028011941346208,nominal_log_center|1.0|0.24,0.0003779169564532836,0.4028011941346208,0.00046911101798643057
structural_conductivity,combined,final_total_hexane_mol,2,nominal_log_center|1.0|0.24;nominal_log_center|1.0|0.29,1.8579969599121165e-06,nominal_log_center|1.0|0.29,1.8784230720294748e-06,nominal_log_center|1.0|0.24,2.0426112117358224e-08,1.8784230720294748e-06,0.00543703716737507
structural_conductivity,combined,final_total_water_mol,2,nominal_log_center|1.0|0.24;nominal_log_center|1.0|0.29,2.1948378847203622e-05,nominal_log_center|1.0|0.29,2.1952897637997406e-05,nominal_log_center|1.0|0.24,4.5187907937836865e-09,2.1952897637997406e-05,0.00010292014449068194
structural_conductivity,combined,maximum_front_position_over_radius,2,nominal_log_center|1.0|0.24;nominal_log_center|1.0|0.29,0.6,nominal_log_center|1.0|0.24,0.6,nominal_log_center|1.0|0.24,0.0,0.6,0.0
structural_conductivity,combined,maximum_instantaneous_radial_temperature_spread_k,2,nominal_log_center|1.0|0.24;nominal_log_center|1.0|0.29,9.301948022409817,nominal_log_center|1.0|0.29,9.691968190371313,nominal_log_center|1.0|0.24,0.3900201679614952,9.691968190371313,0.020120792820439135
structural_conductivity,combined,minimum_front_position_over_radius,2,nominal_log_center|1.0|0.24;nominal_log_center|1.0|0.29,0.5744952218125542,nominal_log_center|1.0|0.29,0.5780560480129942,nominal_log_center|1.0|0.24,0.0035608262004399593,0.5780560480129942,0.0030800008171179235
structural_conductivity,combined,minimum_material_temperature_k,2,nominal_log_center|1.0|0.24;nominal_log_center|1.0|0.29,335.0,nominal_log_center|1.0|0.24,335.0,nominal_log_center|1.0|0.24,0.0,335.0,0.0
structural_conductivity,combined,peak_particle_temperature_k,2,nominal_log_center|1.0|0.24;nominal_log_center|1.0|0.29,344.6554834229984,nominal_log_center|1.0|0.29,344.9208959079657,nominal_log_center|1.0|0.24,0.26541248496732806,344.9208959079657,0.0003847439921966156
structural_conductivity,combined,pulse_end_hexane_flux_mol_m2_s,2,nominal_log_center|1.0|0.24;nominal_log_center|1.0|0.29,0.054875800345128276,nominal_log_center|1.0|0.24,0.06758244000478615,nominal_log_center|1.0|0.29,0.012706639659657876,0.054875800345128276,0.1157763493173903
structural_conductivity,combined,pulse_end_hexane_independent_diffusion_flux_mol_m2_s,2,nominal_log_center|1.0|0.24;nominal_log_center|1.0|0.29,-1.5142592774896455e-05,nominal_log_center|1.0|0.24,-1.4721944193713036e-05,nominal_log_center|1.0|0.29,4.2064858118341883e-07,-1.5142592774896455e-05,0.013889582432698526
structural_conductivity,combined,pulse_end_water_flux_mol_m2_s,2,nominal_log_center|1.0|0.24;nominal_log_center|1.0|0.29,0.013585923809915789,nominal_log_center|1.0|0.24,0.01640846979040366,nominal_log_center|1.0|0.29,0.0028225459804878724,0.013585923809915789,0.10387758756706025
structural_conductivity,combined,pulse_first_hexane_flux_mol_m2_s,2,nominal_log_center|1.0|0.24;nominal_log_center|1.0|0.29,0.054875800345128276,nominal_log_center|1.0|0.24,0.06758244000478615,nominal_log_center|1.0|0.29,0.012706639659657876,0.054875800345128276,0.1157763493173903
structural_conductivity,combined,pulse_first_hexane_independent_diffusion_flux_mol_m2_s,2,nominal_log_center|1.0|0.24;nominal_log_center|1.0|0.29,-1.5142592774896455e-05,nominal_log_center|1.0|0.24,-1.4721944193713036e-05,nominal_log_center|1.0|0.29,4.2064858118341883e-07,-1.5142592774896455e-05,0.013889582432698526
structural_conductivity,combined,pulse_first_water_flux_mol_m2_s,2,nominal_log_center|1.0|0.24;nominal_log_center|1.0|0.29,0.013585923809915789,nominal_log_center|1.0|0.24,0.01640846979040366,nominal_log_center|1.0|0.29,0.0028225459804878724,0.013585923809915789,0.10387758756706025
structural_conductivity,combined,pulse_hexane_flux_time_integral_mol_s_m2,2,nominal_log_center|1.0|0.24;nominal_log_center|1.0|0.29,0.004115685025884621,nominal_log_center|1.0|0.24,0.004773999372931605,nominal_log_center|1.0|0.29,0.0006583143470469842,0.004115685025884621,0.07997627890699517
structural_conductivity,combined,pulse_water_flux_time_integral_mol_s_m2,2,nominal_log_center|1.0|0.24;nominal_log_center|1.0|0.29,0.001018944285743684,nominal_log_center|1.0|0.24,0.001163298174421367,nominal_log_center|1.0|0.29,0.00014435388867768293,0.001018944285743684,0.07083502537743032
structural_conductivity,combined,return_end_hexane_flux_mol_m2_s,2,nominal_log_center|1.0|0.24;nominal_log_center|1.0|0.29,0.06822895055246019,nominal_log_center|1.0|0.24,0.07568179172586155,nominal_log_center|1.0|0.29,0.007452841173401364,0.06822895055246019,0.05461641365618683
structural_conductivity,combined,return_end_hexane_independent_diffusion_flux_mol_m2_s,2,nominal_log_center|1.0|0.24;nominal_log_center|1.0|0.29,5.5706698270934944e-06,nominal_log_center|1.0|0.24,6.44499307522561e-06,nominal_log_center|1.0|0.29,8.743232481321158e-07,5.5706698270934944e-06,0.07847559407306458
structural_conductivity,combined,return_end_water_flux_mol_m2_s,2,nominal_log_center|1.0|0.24;nominal_log_center|1.0|0.29,0.016341174186479134,nominal_log_center|1.0|0.24,0.017852175030128488,nominal_log_center|1.0|0.29,0.0015110008436493537,0.016341174186479134,0.04623293364376387
structural_conductivity,combined,return_first_hexane_flux_mol_m2_s,2,nominal_log_center|1.0|0.24;nominal_log_center|1.0|0.29,0.06822895055246019,nominal_log_center|1.0|0.24,0.07568179172586155,nominal_log_center|1.0|0.29,0.007452841173401364,0.06822895055246019,0.05461641365618683
structural_conductivity,combined,return_first_hexane_independent_diffusion_flux_mol_m2_s,2,nominal_log_center|1.0|0.24;nominal_log_center|1.0|0.29,5.5706698270934944e-06,nominal_log_center|1.0|0.24,6.44499307522561e-06,nominal_log_center|1.0|0.29,8.743232481321158e-07,5.5706698270934944e-06,0.07847559407306458
structural_conductivity,combined,return_first_water_flux_mol_m2_s,2,nominal_log_center|1.0|0.24;nominal_log_center|1.0|0.29,0.016341174186479134,nominal_log_center|1.0|0.24,0.017852175030128488,nominal_log_center|1.0|0.29,0.0015110008436493537,0.016341174186479134,0.04623293364376387
structural_conductivity,combined,return_hexane_flux_time_integral_mol_s_m2,2,nominal_log_center|1.0|0.24;nominal_log_center|1.0|0.29,0.00494559122829671,nominal_log_center|1.0|0.24,0.005676134379439616,nominal_log_center|1.0|0.29,0.0007305431511429065,0.00494559122829671,0.07385801994340217
structural_conductivity,combined,return_water_flux_time_integral_mol_s_m2,2,nominal_log_center|1.0|0.24;nominal_log_center|1.0|0.29,0.0011761904036118338,nominal_log_center|1.0|0.24,0.0013389131272596366,nominal_log_center|1.0|0.29,0.00016272272364780283,0.0011761904036118338,0.06917363173008192
structural_conductivity,composition_only,baseline_end_hexane_flux_mol_m2_s,2,nominal_log_center|1.0|0.24;nominal_log_center|1.0|0.29,0.08588178599824699,nominal_log_center|1.0|0.24,0.095034889159794,nominal_log_center|1.0|0.29,0.009153103161547008,0.08588178599824699,0.0532889660779402
structural_conductivity,composition_only,baseline_end_hexane_independent_diffusion_flux_mol_m2_s,2,nominal_log_center|1.0|0.24;nominal_log_center|1.0|0.29,8.20928244621262e-06,nominal_log_center|1.0|0.24,8.4625501196705e-06,nominal_log_center|1.0|0.29,2.5326767345787946e-07,8.20928244621262e-06,0.015425688853885478
structural_conductivity,composition_only,baseline_end_water_flux_mol_m2_s,2,nominal_log_center|1.0|0.24;nominal_log_center|1.0|0.29,0.019622037213363,nominal_log_center|1.0|0.24,0.02164927701390183,nominal_log_center|1.0|0.29,0.00202723980053883,0.019622037213363,0.05165722036135573
structural_conductivity,composition_only,baseline_hexane_flux_time_integral_mol_s_m2,2,nominal_log_center|1.0|0.24;nominal_log_center|1.0|0.29,0.006441133949868524,nominal_log_center|1.0|0.24,0.00712761668698455,nominal_log_center|1.0|0.29,0.0006864827371160257,0.006441133949868524,0.05328896607794022
structural_conductivity,composition_only,baseline_water_flux_time_integral_mol_s_m2,2,nominal_log_center|1.0|0.24;nominal_log_center|1.0|0.29,0.001471652791002225,nominal_log_center|1.0|0.24,0.0016236957760426371,nominal_log_center|1.0|0.29,0.0001520429850404121,0.001471652791002225,0.05165722036135568
structural_conductivity,composition_only,cumulative_boundary_energy_out_j,2,nominal_log_center|1.0|0.24;nominal_log_center|1.0|0.29,-0.010430713828752535,nominal_log_center|1.0|0.24,-0.010037536120625874,nominal_log_center|1.0|0.29,0.00039317770812666124,-0.010430713828752535,0.018847114137234628
structural_conductivity,composition_only,cumulative_boundary_hexane_out_mol,2,nominal_log_center|1.0|0.24;nominal_log_center|1.0|0.29,1.631760824622742e-07,nominal_log_center|1.0|0.24,1.8415200102194442e-07,nominal_log_center|1.0|0.29,2.0975918559670226e-08,1.631760824622742e-07,0.0642738759355857
structural_conductivity,composition_only,final_free_liquid_water_mol,2,nominal_log_center|1.0|0.24;nominal_log_center|1.0|0.29,0.0,nominal_log_center|1.0|0.24,0.0,nominal_log_center|1.0|0.24,0.0,0.0,
structural_conductivity,composition_only,final_front_position_over_radius,2,nominal_log_center|1.0|0.24;nominal_log_center|1.0|0.29,0.5742391561701955,nominal_log_center|1.0|0.29,0.5778556417649064,nominal_log_center|1.0|0.24,0.0036164855947109498,0.5778556417649064,0.003129229286111455
structural_conductivity,composition_only,final_front_z,2,nominal_log_center|1.0|0.24;nominal_log_center|1.0|0.29,0.1893557111596229,nominal_log_center|1.0|0.29,0.19295590480249897,nominal_log_center|1.0|0.24,0.0036001936428760595,0.19295590480249897,0.009329057969386987
structural_conductivity,composition_only,final_interface_temperature_k,2,nominal_log_center|1.0|0.24;nominal_log_center|1.0|0.29,337.7102158833213,nominal_log_center|1.0|0.24,337.71109068625236,nominal_log_center|1.0|0.29,0.0008748029310368111,337.7102158833213,1.2951976130610376e-06
structural_conductivity,composition_only,final_pore_vapor_water_mol,2,nominal_log_center|1.0|0.24;nominal_log_center|1.0|0.29,2.194528027475482e-09,nominal_log_center|1.0|0.29,2.2013353136296534e-09,nominal_log_center|1.0|0.24,6.807286154171419e-12,2.2013353136296534e-09,0.0015461720238674776
structural_conductivity,composition_only,final_retained_water_mol,2,nominal_log_center|1.0|0.24;nominal_log_center|1.0|0.29,2.1942522541969954e-05,nominal_log_center|1.0|0.29,2.1947130582029648e-05,nominal_log_center|1.0|0.24,4.608040059693241e-09,2.1947130582029648e-05,0.00010498046754837083
structural_conductivity,composition_only,final_total_energy_j,2,nominal_log_center|1.0|0.24;nominal_log_center|1.0|0.29,0.4052181630424973,nominal_log_center|1.0|0.29,0.40561134075066085,nominal_log_center|1.0|0.24,0.00039317770816355013,0.40561134075066085,0.0004846729722052397
structural_conductivity,composition_only,final_total_hexane_mol,2,nominal_log_center|1.0|0.24;nominal_log_center|1.0|0.29,1.8468503751267449e-06,nominal_log_center|1.0|0.29,1.8678262936862988e-06,nominal_log_center|1.0|0.24,2.097591855955397e-08,1.8678262936862988e-06,0.005615061376547062
structural_conductivity,composition_only,final_total_water_mol,2,nominal_log_center|1.0|0.24;nominal_log_center|1.0|0.29,2.194471706999743e-05,nominal_log_center|1.0|0.29,2.1949331917343277e-05,nominal_log_center|1.0|0.24,4.614847345846192e-09,2.1949331917343277e-05,0.00010512500706683851
structural_conductivity,composition_only,maximum_front_position_over_radius,2,nominal_log_center|1.0|0.24;nominal_log_center|1.0|0.29,0.6,nominal_log_center|1.0|0.24,0.6,nominal_log_center|1.0|0.24,0.0,0.6,0.0
structural_conductivity,composition_only,maximum_instantaneous_radial_temperature_spread_k,2,nominal_log_center|1.0|0.24;nominal_log_center|1.0|0.29,9.889491967214894,nominal_log_center|1.0|0.29,10.292379343521134,nominal_log_center|1.0|0.24,0.4028873763062393,10.292379343521134,0.01957212044267731
structural_conductivity,composition_only,minimum_front_position_over_radius,2,nominal_log_center|1.0|0.24;nominal_log_center|1.0|0.29,0.5742391561701955,nominal_log_center|1.0|0.29,0.5778556417649064,nominal_log_center|1.0|0.24,0.0036164855947109498,0.5778556417649064,0.003129229286111455
structural_conductivity,composition_only,minimum_material_temperature_k,2,nominal_log_center|1.0|0.24;nominal_log_center|1.0|0.29,335.0,nominal_log_center|1.0|0.24,335.0,nominal_log_center|1.0|0.24,0.0,335.0,0.0
structural_conductivity,composition_only,peak_particle_temperature_k,2,nominal_log_center|1.0|0.24;nominal_log_center|1.0|0.29,345.2428310706488,nominal_log_center|1.0|0.29,345.5217962375073,nominal_log_center|1.0|0.24,0.27896516685854067,345.5217962375073,0.000403686786038215
structural_conductivity,composition_only,pulse_end_hexane_flux_mol_m2_s,2,nominal_log_center|1.0|0.24;nominal_log_center|1.0|0.29,0.06844593862663183,nominal_log_center|1.0|0.24,0.08115999503769748,nominal_log_center|1.0|0.29,0.012714056411065655,0.06844593862663183,0.09287663129597806
structural_conductivity,composition_only,pulse_end_hexane_independent_diffusion_flux_mol_m2_s,2,nominal_log_center|1.0|0.24;nominal_log_center|1.0|0.29,-1.770767128102961e-05,nominal_log_center|1.0|0.24,-1.723664743624657e-05,nominal_log_center|1.0|0.29,4.7102384478304036e-07,-1.770767128102961e-05,0.013299994033875377
structural_conductivity,composition_only,pulse_end_water_flux_mol_m2_s,2,nominal_log_center|1.0|0.24;nominal_log_center|1.0|0.29,0.017575043123993904,nominal_log_center|1.0|0.24,0.020485259988985535,nominal_log_center|1.0|0.29,0.0029102168649916306,0.017575043123993904,0.08279401775744513
structural_conductivity,composition_only,pulse_first_hexane_flux_mol_m2_s,2,nominal_log_center|1.0|0.24;nominal_log_center|1.0|0.29,0.06844593862663183,nominal_log_center|1.0|0.24,0.08115999503769748,nominal_log_center|1.0|0.29,0.012714056411065655,0.06844593862663183,0.09287663129597806
structural_conductivity,composition_only,pulse_first_hexane_independent_diffusion_flux_mol_m2_s,2,nominal_log_center|1.0|0.24;nominal_log_center|1.0|0.29,-1.770767128102961e-05,nominal_log_center|1.0|0.24,-1.723664743624657e-05,nominal_log_center|1.0|0.29,4.7102384478304036e-07,-1.770767128102961e-05,0.013299994033875377
structural_conductivity,composition_only,pulse_first_water_flux_mol_m2_s,2,nominal_log_center|1.0|0.24;nominal_log_center|1.0|0.29,0.017575043123993904,nominal_log_center|1.0|0.24,0.020485259988985535,nominal_log_center|1.0|0.29,0.0029102168649916306,0.017575043123993904,0.08279401775744513
structural_conductivity,composition_only,pulse_hexane_flux_time_integral_mol_s_m2,2,nominal_log_center|1.0|0.24;nominal_log_center|1.0|0.29,0.005133445396997388,nominal_log_center|1.0|0.24,0.005811070323143273,nominal_log_center|1.0|0.29,0.0006776249261458856,0.005133445396997388,0.06600098703126718
structural_conductivity,composition_only,pulse_water_flux_time_integral_mol_s_m2,2,nominal_log_center|1.0|0.24;nominal_log_center|1.0|0.29,0.0013181282342995429,nominal_log_center|1.0|0.24,0.0014614352451523204,nominal_log_center|1.0|0.29,0.00014330701085277751,0.0013181282342995429,0.05436004142985802
structural_conductivity,composition_only,return_end_hexane_flux_mol_m2_s,2,nominal_log_center|1.0|0.24;nominal_log_center|1.0|0.29,0.06898892313745719,nominal_log_center|1.0|0.24,0.07695442966275323,nominal_log_center|1.0|0.29,0.00796550652529604,0.06898892313745719,0.0577303294720599
structural_conductivity,composition_only,return_end_hexane_independent_diffusion_flux_mol_m2_s,2,nominal_log_center|1.0|0.24;nominal_log_center|1.0|0.29,3.5768791387960864e-06,nominal_log_center|1.0|0.24,4.511028956886904e-06,nominal_log_center|1.0|0.29,9.341498180908173e-07,3.5768791387960864e-06,0.1305816861350864
structural_conductivity,composition_only,return_end_water_flux_mol_m2_s,2,nominal_log_center|1.0|0.24;nominal_log_center|1.0|0.29,0.01716794460524725,nominal_log_center|1.0|0.24,0.01883761453519399,nominal_log_center|1.0|0.29,0.0016696699299467398,0.01716794460524725,0.04862754302679944
structural_conductivity,composition_only,return_first_hexane_flux_mol_m2_s,2,nominal_log_center|1.0|0.24;nominal_log_center|1.0|0.29,0.06898892313745719,nominal_log_center|1.0|0.24,0.07695442966275323,nominal_log_center|1.0|0.29,0.00796550652529604,0.06898892313745719,0.0577303294720599
structural_conductivity,composition_only,return_first_hexane_independent_diffusion_flux_mol_m2_s,2,nominal_log_center|1.0|0.24;nominal_log_center|1.0|0.29,3.5768791387960864e-06,nominal_log_center|1.0|0.24,4.511028956886904e-06,nominal_log_center|1.0|0.29,9.341498180908173e-07,3.5768791387960864e-06,0.1305816861350864
structural_conductivity,composition_only,return_first_water_flux_mol_m2_s,2,nominal_log_center|1.0|0.24;nominal_log_center|1.0|0.29,0.01716794460524725,nominal_log_center|1.0|0.24,0.01883761453519399,nominal_log_center|1.0|0.29,0.0016696699299467398,0.01716794460524725,0.04862754302679944
structural_conductivity,composition_only,return_hexane_flux_time_integral_mol_s_m2,2,nominal_log_center|1.0|0.24;nominal_log_center|1.0|0.29,0.005004488046438484,nominal_log_center|1.0|0.24,0.005771582224706493,nominal_log_center|1.0|0.29,0.0007670941782680091,0.005004488046438484,0.07664062449044341
structural_conductivity,composition_only,return_water_flux_time_integral_mol_s_m2,2,nominal_log_center|1.0|0.24;nominal_log_center|1.0|0.29,0.0012392919225904357,nominal_log_center|1.0|0.24,0.0014128210901395491,nominal_log_center|1.0|0.29,0.00017352916754911343,0.0012392919225904357,0.07001141715924093
structural_conductivity,temperature_only,baseline_end_hexane_flux_mol_m2_s,2,nominal_log_center|1.0|0.24;nominal_log_center|1.0|0.29,0.08588178599824699,nominal_log_center|1.0|0.24,0.095034889159794,nominal_log_center|1.0|0.29,0.009153103161547008,0.08588178599824699,0.0532889660779402
structural_conductivity,temperature_only,baseline_end_hexane_independent_diffusion_flux_mol_m2_s,2,nominal_log_center|1.0|0.24;nominal_log_center|1.0|0.29,8.20928244621262e-06,nominal_log_center|1.0|0.24,8.4625501196705e-06,nominal_log_center|1.0|0.29,2.5326767345787946e-07,8.20928244621262e-06,0.015425688853885478
structural_conductivity,temperature_only,baseline_end_water_flux_mol_m2_s,2,nominal_log_center|1.0|0.24;nominal_log_center|1.0|0.29,0.019622037213363,nominal_log_center|1.0|0.24,0.02164927701390183,nominal_log_center|1.0|0.29,0.00202723980053883,0.019622037213363,0.05165722036135573
structural_conductivity,temperature_only,baseline_hexane_flux_time_integral_mol_s_m2,2,nominal_log_center|1.0|0.24;nominal_log_center|1.0|0.29,0.006441133949868524,nominal_log_center|1.0|0.24,0.00712761668698455,nominal_log_center|1.0|0.29,0.0006864827371160257,0.006441133949868524,0.05328896607794022
structural_conductivity,temperature_only,baseline_water_flux_time_integral_mol_s_m2,2,nominal_log_center|1.0|0.24;nominal_log_center|1.0|0.29,0.001471652791002225,nominal_log_center|1.0|0.24,0.0016236957760426371,nominal_log_center|1.0|0.29,0.0001520429850404121,0.001471652791002225,0.05165722036135568
structural_conductivity,temperature_only,cumulative_boundary_energy_out_j,2,nominal_log_center|1.0|0.24;nominal_log_center|1.0|0.29,-0.007658543550009982,nominal_log_center|1.0|0.24,-0.0072853396916381635,nominal_log_center|1.0|0.29,0.00037320385837181884,-0.007658543550009982,0.024365197895318647
structural_conductivity,temperature_only,cumulative_boundary_hexane_out_mol,2,nominal_log_center|1.0|0.24;nominal_log_center|1.0|0.29,1.527105136233968e-07,nominal_log_center|1.0|0.24,1.7353975896515987e-07,nominal_log_center|1.0|0.29,2.0829245341763073e-08,1.527105136233968e-07,0.06819846534316096
structural_conductivity,temperature_only,final_free_liquid_water_mol,2,nominal_log_center|1.0|0.24;nominal_log_center|1.0|0.29,0.0,nominal_log_center|1.0|0.24,0.0,nominal_log_center|1.0|0.24,0.0,0.0,
structural_conductivity,temperature_only,final_front_position_over_radius,2,nominal_log_center|1.0|0.24;nominal_log_center|1.0|0.29,0.5743588699780184,nominal_log_center|1.0|0.29,0.5780537000780351,nominal_log_center|1.0|0.24,0.0036948301000166994,0.5780537000780351,0.003195922887024087
structural_conductivity,temperature_only,final_front_z,2,nominal_log_center|1.0|0.24;nominal_log_center|1.0|0.29,0.1894741629532033,nominal_log_center|1.0|0.29,0.1931543780110987,nominal_log_center|1.0|0.24,0.0036802150578953974,0.1931543780110987,0.009526615694115748
structural_conductivity,temperature_only,final_interface_temperature_k,2,nominal_log_center|1.0|0.24;nominal_log_center|1.0|0.29,337.7100721982139,nominal_log_center|1.0|0.24,337.7110981586487,nominal_log_center|1.0|0.29,0.0010259604348448192,337.7100721982139,1.5189959070019194e-06
structural_conductivity,temperature_only,final_pore_vapor_water_mol,2,nominal_log_center|1.0|0.24;nominal_log_center|1.0|0.29,2.1656418009608267e-09,nominal_log_center|1.0|0.29,2.1719491630192805e-09,nominal_log_center|1.0|0.24,6.307362058453821e-12,2.1719491630192805e-09,0.0014520049929911344
structural_conductivity,temperature_only,final_retained_water_mol,2,nominal_log_center|1.0|0.24;nominal_log_center|1.0|0.29,2.194705633192951e-05,nominal_log_center|1.0|0.29,2.1951568216347005e-05,nominal_log_center|1.0|0.24,4.511884417494953e-09,2.1951568216347005e-05,0.00010276906809179629
structural_conductivity,temperature_only,final_total_energy_j,2,nominal_log_center|1.0|0.24;nominal_log_center|1.0|0.29,0.4024659666135224,nominal_log_center|1.0|0.29,0.40283917047186246,nominal_log_center|1.0|0.24,0.0003732038583400543,0.40283917047186246,0.0004632169432566661
structural_conductivity,temperature_only,final_total_hexane_mol,2,nominal_log_center|1.0|0.24;nominal_log_center|1.0|0.29,1.8574626171835008e-06,nominal_log_center|1.0|0.29,1.8782918625253978e-06,nominal_log_center|1.0|0.24,2.0829245341896984e-08,1.8782918625253978e-06,0.005544730762420405
structural_conductivity,temperature_only,final_total_water_mol,2,nominal_log_center|1.0|0.24;nominal_log_center|1.0|0.29,2.194922197373047e-05,nominal_log_center|1.0|0.29,2.1953740165510023e-05,nominal_log_center|1.0|0.24,4.518191779554219e-09,2.1953740165510023e-05,0.00010290255203649609
structural_conductivity,temperature_only,maximum_front_position_over_radius,2,nominal_log_center|1.0|0.24;nominal_log_center|1.0|0.29,0.6,nominal_log_center|1.0|0.24,0.6,nominal_log_center|1.0|0.24,0.0,0.6,0.0
structural_conductivity,temperature_only,maximum_instantaneous_radial_temperature_spread_k,2,nominal_log_center|1.0|0.24;nominal_log_center|1.0|0.29,9.368674327518193,nominal_log_center|1.0|0.29,9.699009778835205,nominal_log_center|1.0|0.24,0.33033545131701203,9.699009778835205,0.017029339017569454
structural_conductivity,temperature_only,minimum_front_position_over_radius,2,nominal_log_center|1.0|0.24;nominal_log_center|1.0|0.29,0.5743588699780184,nominal_log_center|1.0|0.29,0.5780537000780351,nominal_log_center|1.0|0.24,0.0036948301000166994,0.5780537000780351,0.003195922887024087
structural_conductivity,temperature_only,minimum_material_temperature_k,2,nominal_log_center|1.0|0.24;nominal_log_center|1.0|0.29,335.0,nominal_log_center|1.0|0.24,335.0,nominal_log_center|1.0|0.24,0.0,335.0,0.0
structural_conductivity,temperature_only,peak_particle_temperature_k,2,nominal_log_center|1.0|0.24;nominal_log_center|1.0|0.29,344.7094196698099,nominal_log_center|1.0|0.29,344.9279431974544,nominal_log_center|1.0|0.24,0.2185235276444928,344.9279431974544,0.0003167669247362177
structural_conductivity,temperature_only,pulse_end_hexane_flux_mol_m2_s,2,nominal_log_center|1.0|0.24;nominal_log_center|1.0|0.29,0.0550471723417383,nominal_log_center|1.0|0.24,0.06775968741670732,nominal_log_center|1.0|0.29,0.012712515074969018,0.0550471723417383,0.11546928329077889
structural_conductivity,temperature_only,pulse_end_hexane_independent_diffusion_flux_mol_m2_s,2,nominal_log_center|1.0|0.24;nominal_log_center|1.0|0.29,8.247205167100183e-06,nominal_log_center|1.0|0.24,8.679733327789378e-06,nominal_log_center|1.0|0.29,4.325281606891953e-07,8.247205167100183e-06,0.026222711326173872
structural_conductivity,temperature_only,pulse_end_water_flux_mol_m2_s,2,nominal_log_center|1.0|0.24;nominal_log_center|1.0|0.29,0.012433171469697744,nominal_log_center|1.0|0.24,0.015258533713739236,nominal_log_center|1.0|0.29,0.0028253622440414915,0.012433171469697744,0.11362194476797388
structural_conductivity,temperature_only,pulse_first_hexane_flux_mol_m2_s,2,nominal_log_center|1.0|0.24;nominal_log_center|1.0|0.29,0.0550471723417383,nominal_log_center|1.0|0.24,0.06775968741670732,nominal_log_center|1.0|0.29,0.012712515074969018,0.0550471723417383,0.11546928329077889
structural_conductivity,temperature_only,pulse_first_hexane_independent_diffusion_flux_mol_m2_s,2,nominal_log_center|1.0|0.24;nominal_log_center|1.0|0.29,8.247205167100183e-06,nominal_log_center|1.0|0.24,8.679733327789378e-06,nominal_log_center|1.0|0.29,4.325281606891953e-07,8.247205167100183e-06,0.026222711326173872
structural_conductivity,temperature_only,pulse_first_water_flux_mol_m2_s,2,nominal_log_center|1.0|0.24;nominal_log_center|1.0|0.29,0.012433171469697744,nominal_log_center|1.0|0.24,0.015258533713739236,nominal_log_center|1.0|0.29,0.0028253622440414915,0.012433171469697744,0.11362194476797388
structural_conductivity,temperature_only,pulse_hexane_flux_time_integral_mol_s_m2,2,nominal_log_center|1.0|0.24;nominal_log_center|1.0|0.29,0.004128537925630373,nominal_log_center|1.0|0.24,0.0047871662231891545,nominal_log_center|1.0|0.29,0.0006586282975587811,0.004128537925630373,0.07976532000226415
structural_conductivity,temperature_only,pulse_water_flux_time_integral_mol_s_m2,2,nominal_log_center|1.0|0.24;nominal_log_center|1.0|0.29,0.0009324878602273308,nominal_log_center|1.0|0.24,0.0010768719657925543,nominal_log_center|1.0|0.29,0.00014438410556522345,0.0009324878602273308,0.07741875885120054
structural_conductivity,temperature_only,return_end_hexane_flux_mol_m2_s,2,nominal_log_center|1.0|0.24;nominal_log_center|1.0|0.29,0.06823549645186135,nominal_log_center|1.0|0.24,0.07526668423451416,nominal_log_center|1.0|0.29,0.007031187782652812,0.06823549645186135,0.051521481840563446
structural_conductivity,temperature_only,return_end_hexane_independent_diffusion_flux_mol_m2_s,2,nominal_log_center|1.0|0.24;nominal_log_center|1.0|0.29,5.5398078488869294e-06,nominal_log_center|1.0|0.24,6.260204468088321e-06,nominal_log_center|1.0|0.29,7.203966192013919e-07,5.5398078488869294e-06,0.06502000058956336
structural_conductivity,temperature_only,return_end_water_flux_mol_m2_s,2,nominal_log_center|1.0|0.24;nominal_log_center|1.0|0.29,0.016352566185545297,nominal_log_center|1.0|0.24,0.017816088317929354,nominal_log_center|1.0|0.29,0.001463522132384057,0.016352566185545297,0.044749005011755404
structural_conductivity,temperature_only,return_first_hexane_flux_mol_m2_s,2,nominal_log_center|1.0|0.24;nominal_log_center|1.0|0.29,0.06823549645186135,nominal_log_center|1.0|0.24,0.07526668423451416,nominal_log_center|1.0|0.29,0.007031187782652812,0.06823549645186135,0.051521481840563446
structural_conductivity,temperature_only,return_first_hexane_independent_diffusion_flux_mol_m2_s,2,nominal_log_center|1.0|0.24;nominal_log_center|1.0|0.29,5.5398078488869294e-06,nominal_log_center|1.0|0.24,6.260204468088321e-06,nominal_log_center|1.0|0.29,7.203966192013919e-07,5.5398078488869294e-06,0.06502000058956336
structural_conductivity,temperature_only,return_first_water_flux_mol_m2_s,2,nominal_log_center|1.0|0.24;nominal_log_center|1.0|0.29,0.016352566185545297,nominal_log_center|1.0|0.24,0.017816088317929354,nominal_log_center|1.0|0.29,0.001463522132384057,0.016352566185545297,0.044749005011755404
structural_conductivity,temperature_only,return_hexane_flux_time_integral_mol_s_m2,2,nominal_log_center|1.0|0.24;nominal_log_center|1.0|0.29,0.004946069517629399,nominal_log_center|1.0|0.24,0.005717257986300009,nominal_log_center|1.0|0.29,0.0007711884686706092,0.004946069517629399,0.07795972801452171
structural_conductivity,temperature_only,return_water_flux_time_integral_mol_s_m2,2,nominal_log_center|1.0|0.24;nominal_log_center|1.0|0.29,0.001177044085945444,nominal_log_center|1.0|0.24,0.0013396757310173886,nominal_log_center|1.0|0.29,0.00016263164507194453,0.001177044085945444,0.06908477219071746
